317.412572749681,156.258946063153,139831.730989155,28.8346243200427,81,0.939654692878269
385.451190314976,385.351273573558,278733.601603467,12.4832705248154,41,0.156410547821508
243.32924622744,149.935126824141,295852.325296525,24.6766677000441,17,1.2781151825892
380.112326516682,230.344189004574,291353.419582421,18.0434734203696,18,0.328843736402535
285.506812261788,313.016719558676,207660.117137335,7.71712920765623,53,0.36701295289332
315.574471004954,241.084429780443,283727.169473236,26.8930295319529,17,0.491241046896692
392.368405668679,113.16674421192,174438.690608349,13.5683035831447,52,0.770951746510586
555.634109841192,265.274824481483,50710.0017947618,20.9029602728756,65,0.154055253360527
432.042031108336,120.731471097953,63999.0670417072,26.8806515848491,13,0.541244626090623
208.140736432469,252.491850091454,172942.353336172,28.7687660764253,40,0.895136254634699
261.512699563221,195.93759454001,102728.027980488,24.5100320069639,23,0.90654379788405
227.388886986871,375.491909276398,166927.412369042,25.4704746358266,30,0.321167267429937
279.450324744416,226.800515715428,129629.068782002,9.20417617335111,34,0.683120359672636
342.139515892395,329.658488294049,73032.0578940129,15.1824087295137,85,0.205117140528574
275.038068402653,192.647756980744,91364.5674557051,6.96050054960784,55,0.892903876015921
386.521714529925,218.052783092451,286711.008141055,19.9387329404662,39,0.374513562784027
532.940550315959,243.085892781931,55739.5436417687,17.4690758618124,24,0.107560936071401
533.637332325127,278.022480195601,100869.408996786,17.152633377039,58,0.152262527062776
340.783190562326,162.790936377045,77287.3297687161,12.2637724110673,52,0.749083721706667
335.787997323538,244.977804202429,280597.926200762,16.3062307234354,49,0.445063839826888
498.482013206857,194.498462973765,262467.403545742,21.9073620847287,37,0.155628915577777
368.747465957044,233.929673934254,92518.131513159,8.58843809976424,80,0.406200652131946
589.415390933823,281.569061261562,123274.821717031,25.4525415153273,66,0.174056122963625
379.129489325829,228.674312109551,93401.9566987683,12.6470783191337,93,0.410558037880204
303.532738067162,121.74239694745,245376.388081389,18.4810946450341,40,1.1401123654174
204.126140943868,215.095320007616,204472.439731536,19.0271360632219,59,1.1498673118687
582.891652355217,136.181470174068,125963.413821943,12.4919692731524,22,0.112220896854087
251.234151306295,363.757593620449,298990.183345044,22.2145879699919,84,0.355027778790593
275.152632702629,191.867906507445,159914.837415994,22.5240663588899,49,0.900508627097818
216.604724725199,303.624678277098,269977.90544119,22.9334572076074,91,0.689554049911148
387.611606946833,395.976703999779,95265.979876009,10.0170865418672,82,0.166628492132263
366.43219342269,204.022038835396,92980.0247830303,17.9135030185486,94,0.54112995963974
529.353810329629,135.342472793046,256916.307621304,19.7042637401556,66,0.271394751125606
422.840408668592,120.832167560002,107283.975783459,9.23436242694952,67,0.633046272324318
434.204088009873,301.853472940002,81641.329199802,11.8921972520255,19,0.0988139776048537
517.138495166096,336.983481261623,276379.24310734,8.82882306906125,12,0.132975128405621
434.561253557628,269.574756134806,246925.999549399,9.023720774005,30,0.134615307816927
426.44687969242,368.358997149525,102319.293668982,9.0074214503645,15,0.100359226344011
572.511874104557,223.67882511578,290809.034066116,17.4998799812793,92,0.219581358937466
376.737254099382,181.644225455175,183496.815560077,28.7399751643801,43,0.538117894271501
454.5745836373,101.61270492249,145460.869237657,7.68337905623694,26,0.545751866869523
357.719715476659,331.350573924433,85672.3154941715,13.245050600295,47,0.144959590744053
460.197025440252,344.014969317928,206453.989124006,16.4831867540912,51,0.160494250704106
204.300855624868,195.834831016639,161688.386681236,7.73200455505456,32,1.22073784124429
490.960954140639,365.096586727125,90122.0902236848,20.7193440341599,81,0.177826541941058
514.382019158136,157.254144968319,153862.481928814,7.82021403326174,20,0.185306241989396
552.696136467354,388.584112750131,131031.357855873,22.8529191431933,84,0.196141981915476
400.28836186356,268.003924335053,295625.932235877,9.39736335081711,92,0.243449825326519
318.532249341729,101.51583241258,122491.782328238,9.24525960257985,23,1.15073925759257
492.194183662566,219.665770202206,98743.2118728961,9.42848094809947,11,0.091991914023175
580.565051364852,116.35011787022,295447.69703511,10.7033254131113,65,0.196473288394349
510.074750369158,104.936210620448,105465.139495656,11.2548856983308,58,0.396933743069484
564.451163382506,169.618132599381,176384.571601206,26.7362770094254,49,0.156789788553159
251.563382507604,169.59214812737,293650.605429549,18.6176742027332,45,1.13972213576875
570.60684151072,126.594711979634,76064.9201240976,17.4403134276717,49,0.167528633962975
483.985651912057,381.83214150516,91220.1391592514,21.5937256255368,28,0.124707999308957
532.240380168704,217.685861895895,223249.266049412,5.04216853650519,47,0.151166561322321
370.537238972231,226.501791478172,251963.395580288,20.0166968548238,92,0.453524565938455
428.254001206025,138.055716020162,134778.588853655,5.88310085651224,34,0.502501885898581
446.853679081236,251.268961806681,233189.837812196,18.6070313494395,86,0.194733243842948
408.15903888761,199.695210167196,211492.186085919,22.5018625397027,23,0.351228714499939
242.067884762775,331.289521158076,94443.4368041054,5.18431892946045,57,0.435770241390421
298.840802986806,384.20630560376,108703.914383001,6.97340126644671,80,0.177376091841607
259.798664692304,260.910066036652,296615.300877053,9.83297042907759,29,0.613428307017036
534.382460141873,301.03595544295,200643.193389249,24.5676133022452,56,0.17287202547194
353.500249238735,297.357622352336,231097.142338355,25.3110424990101,77,0.26816707391905
319.219378351132,277.444698114587,50244.1596192893,22.8122614769911,26,0.353297217857491
293.408690807816,311.694767215414,176841.014448278,8.20806853700097,69,0.365676430982789
479.684087004229,312.492215596359,185727.799432621,20.2595634963309,58,0.165859857224022
408.599907486381,366.31734832835,124952.351049729,12.1948481991708,33,0.122649998974067
438.450179000488,317.854283867984,191761.04358941,6.92891070908917,28,0.12554398508158
504.045199724979,255.116360374296,163981.184972658,17.587554958926,100,0.202096006595195
589.130930072043,389.834911856371,208311.853859051,27.5045945290585,53,0.183489518935929
495.912210636124,398.254583325112,196097.997182579,10.4271983294948,80,0.191896803167048
589.950867933599,193.41808108748,68456.631631049,19.8736647873438,72,0.162035578521327
478.273813463495,258.317188973805,261338.775978089,20.0004153540252,59,0.175944955015058
470.248372934602,331.840614450507,97863.2836704573,27.0552566870657,97,0.194932363731827
261.724999363946,374.249570994827,131386.218657002,18.1480315715186,22,0.217850332501013
240.177137324647,318.494506330467,220752.363780191,9.452005255841,95,0.541063403991226
210.501178607549,375.555252884715,244103.180136274,5.79895488953377,62,0.398753947848171
477.064728810896,127.434567859023,52175.4421274763,17.8788805779243,99,0.468791450335284
459.326424580931,142.469157148352,117499.701220752,14.6867315670538,42,0.403822545054414
452.882407974229,289.421819046645,240348.090683082,12.6653188977335,21,0.129223090647948
450.675924548014,325.46793354363,218389.230790185,28.656996929397,30,0.145599866243902
474.955726924507,375.295505126799,205978.71415286,29.4979524676573,44,0.163742167252633
537.161418542644,216.959983468512,262337.411688166,21.6861235397995,80,0.201102629147868
490.754116963511,187.198455740367,70015.107335621,20.9656793606039,31,0.175028717899034
441.160959876793,187.016538309057,202274.578077627,12.4731358045428,95,0.374224434260803
293.294769136409,226.93677365454,245227.153988936,6.83847577615434,44,0.644113082100475
508.628699670814,337.791935337834,101660.599698034,11.4108074075271,63,0.156073327050702
305.700857609953,209.616156486399,289838.849889913,9.63621718597053,16,0.636320558459277
471.915639019863,155.639457935021,172027.313561724,28.1441186591046,58,0.353847865459985
257.693699911078,286.460617165137,195077.086934416,16.8042432095731,79,0.585115119931595
405.423764097711,270.938828396848,220659.710067934,5.67211454852586,69,0.193477587428326
453.971535121983,383.392847268633,68094.1282981433,9.80343934089195,70,0.154727006834803
528.804702525387,192.297929672422,54254.5563779541,24.0421036946583,63,0.148375974915269
479.793213819206,373.315779544932,77896.9113719625,14.9310316587661,100,0.19156947718805
525.25832293743,141.211724363092,153964.991925924,28.9228026037725,46,0.243313457841404
544.690433714006,275.396848477439,84594.1405690008,23.4495376849769,54,0.14964927028108
552.416332138679,170.326684455096,142463.076472313,20.7652714230513,52,0.149777620821106
553.980376923408,347.034961030002,122796.436961727,26.8519403216672,33,0.142084547253128
310.441551413391,263.524612892505,158965.368378319,16.5784647552313,44,0.448928847666003
525.81091039928,114.502185434954,196830.021798683,20.3774784401388,58,0.331555924806824
207.89156907668,309.383993830696,83824.4169555582,22.153918682829,68,0.663367646998645
575.660811150465,334.036839880511,123123.463066712,9.2428992454882,42,0.14283183728796
279.433425183624,162.990705323429,57928.2700487602,8.09090902389831,49,1.02661497427904
554.863116756015,369.036609164869,135037.81408605,11.4849433254903,60,0.164954316934691
524.371559625655,377.463938362536,117630.292786886,16.9801136538281,96,0.199654245178657
359.272019018009,238.344763002736,273676.384953333,6.4215689768045,62,0.405435695511372
586.720009625195,292.554034968597,97627.9886690132,13.3410354288381,52,0.14921627063498
240.773427663664,104.623899870545,220076.812238261,8.83955786315589,46,1.70289052362453
320.693472011674,378.075800857509,251905.654548761,11.0500582845011,100,0.205150687558356
307.527866900459,208.292753331405,203239.107309623,10.9353021516678,100,0.744840809589932
203.027242222522,394.560056488619,168181.796729554,18.2085368646229,92,0.398951471508827
270.07264204399,205.398448425378,81304.0963020586,9.84010827786891,20,0.802024002065717
519.493580112563,243.455889495133,219464.734294009,9.7065279220891,37,0.143382896164849
535.928779906392,388.403329086309,190265.745810271,26.5055838484888,62,0.184201124208219
498.36844232882,304.116821499523,211380.531959534,18.6888928899018,76,0.188934771624089
419.797473601952,267.069883869262,265386.088580848,16.6833853914116,88,0.19983319368512
453.440414694082,298.432378128289,267139.549975831,23.4850169477921,52,0.172083026792126
433.809794751093,301.650771515682,178794.476570295,8.88748722239859,92,0.188436404799673
307.056474376221,237.548781408201,182657.429123744,12.3231419639158,93,0.615333878525845
357.785084468826,144.908889788665,114725.534008082,16.1208408273033,18,0.718579062875263
530.646414316291,368.296504477838,246711.760201854,25.0998724389593,98,0.228119833475983
240.598933863492,349.792317437516,159463.789010821,8.81717016445508,95,0.428239832671101
216.81413080303,157.409596170978,188895.66851883,28.6662322638473,54,1.47321888159097
474.69124975886,259.287558716561,181802.823196546,14.0130463466525,32,0.131205007544718
538.592659132003,198.223580705122,167722.323991992,29.6258991222038,38,0.145189161695948
448.076448676472,138.116910990381,127878.711033303,18.7132478729814,28,0.439379706437864
506.923385394157,282.948790829358,129693.993701069,14.8220605445949,93,0.189663058026839
591.80328887047,283.248685233759,138223.055354068,19.1535894121944,68,0.175540379417165
452.650158647667,185.216101343895,108589.370078711,14.3764389874251,42,0.285835083931608
379.027362037712,214.750458050286,283594.242803871,11.4975547386249,33,0.394748549079576
597.353521171418,278.403470454747,246040.783768894,17.2934150594355,15,0.138841405093466
451.882798782041,228.627792128091,190700.559207166,12.1458926089027,52,0.180164082269338
276.151024456737,231.854079362072,274973.907332276,27.9390427656632,31,0.687543319058144
473.760401016068,156.594950557626,61086.638767879,15.2276738944384,11,0.279212289255131
497.233584810332,288.159319896655,214757.805219215,13.004324137527,35,0.14327875696762
204.948423246871,386.033337001196,282959.025181662,15.3325563824348,34,0.357201885813043
375.363783875566,243.291189638963,63277.6285744643,15.3927306301658,64,0.341476181562445
579.101822983113,197.38744452213,135135.959255751,20.7989737877722,43,0.143515233440958
529.572469636471,125.107310575301,264166.027769242,13.7234116277973,11,0.237670604833594
286.655165067498,388.956181446017,163267.353961168,16.4138858081974,75,0.177070596157989
325.938841778974,277.50815732055,209659.24047811,17.6300004171862,65,0.383190382733652
463.335646832201,115.936228364958,180729.320010963,15.9754386939269,13,0.453229071304317
565.035303247436,266.756327878117,212068.51654197,10.6401820694013,91,0.203544690892066
552.813328545212,377.427141274968,191198.677693143,5.77787403239396,59,0.170765919210269
303.233565297501,100.946035020636,194199.554920622,15.4095985868918,91,1.36494532685598
472.54299226725,104.85406472306,220455.042098578,24.5440158672962,49,0.515783830440592
425.915670306459,314.688779886267,62391.8928604172,13.3266349300146,20,0.0974374985297522
354.770931974974,336.411042969913,123310.839783328,16.9398799390469,31,0.123149669772076
325.033280274872,356.03856064433,70856.2708195986,13.0418177748745,78,0.186650862855999
399.901293164435,271.266663157522,137624.07660307,21.2772038456669,99,0.241451383012364
427.45954045554,315.303404312713,212916.307216751,12.1805013195397,31,0.133936043785156
560.954295051273,101.711983419674,245759.56375906,10.2133694392031,41,0.256076591725987
500.311667962297,150.562627836942,288769.626436938,13.2424070171045,21,0.249955422083507
225.780089606763,394.418931478004,86301.4767509983,28.3382401487057,19,0.254715686227164
275.526019583832,155.269433808539,183788.744643175,7.91507337800537,68,1.12316870242379
301.54697359962,335.98593751853,232029.141902881,18.2683644761288,51,0.2599333091342
287.443385649398,390.775288566253,282665.548480784,21.1700792284113,68,0.181012137009381
322.651475473054,102.252375847803,70263.9785323426,13.0243729425311,58,1.18314382240952
365.817241131042,280.691109006346,203794.86421624,26.201053116871,52,0.256052488516569
207.786689522209,147.248890519521,242333.156890947,22.1018474660065,88,1.67889822553946
229.982179503473,395.531287565371,242518.943639201,9.22921697225667,30,0.249684154381777
464.442850452046,193.120318805198,162206.903175924,11.5923730681088,87,0.282547781320505
441.583275935408,190.714813672519,263496.512187734,17.3434083636348,93,0.364930220493074
552.346975120685,216.939148819389,148467.66491115,13.1524676705187,11,0.107738017243156
583.068645781803,243.747095917467,250026.500224414,26.2305040245754,60,0.18690145657068
492.745563924985,132.196021590678,199740.39325189,17.5302195476251,66,0.374356385182995
360.974469213447,342.347296951147,97204.7093936011,7.30137499236365,88,0.168167287209581
497.832881519473,256.823748826785,64850.7744737273,15.9455493847597,72,0.155173700420779
432.274394344479,178.764287673959,180892.049201228,28.9883487255561,94,0.434327988013682
577.713391711573,289.029084645349,292483.177381972,16.5880109325879,32,0.162719340976482
563.454555130845,229.717743002739,295236.510640057,23.3368563934823,64,0.194442243759787
539.079677832469,333.951062057069,254946.580106213,24.7153862851696,86,0.215523672249951
459.877316025887,252.948830367166,73416.840609722,5.60764729385834,59,0.134399537073761
273.431816080028,224.67772428277,92270.4206076481,16.5468475837313,29,0.714335269296681
509.834050140581,187.086160071441,189522.97553219,9.1830222068308,84,0.186321319239858
553.124432309526,372.708695791327,279904.157342489,19.4512417231801,64,0.198202994141748
501.505649504318,302.35165908234,198058.702154215,12.5538850489239,63,0.170168677565139
435.871619971857,142.923946612918,56563.6237140626,17.7000608158883,82,0.523249347554978
497.945836012034,171.735227454563,255623.62302041,8.14862275468476,26,0.197322606375561
350.968679232288,171.198500596061,75867.6694451543,8.77341647946523,97,0.728244986674536
260.195090794712,234.257942278455,155638.051024041,17.1183395559615,80,0.797815467827295
340.399682268745,100.838101415666,271350.868624501,25.5641857810603,59,1.10280868048794
546.602763331279,338.324797971632,164847.096056864,26.9010021792423,67,0.18285678952747
559.37408355192,154.326797923817,284529.584528583,27.4235955390176,31,0.155725208856396
284.664330009669,202.542610336836,154239.381884522,7.76945898439688,11,0.739672180559111
238.189339641316,173.268424099216,112085.809522028,10.3813403330593,72,1.23356165791779
242.874259106706,208.676598385111,232912.317383551,6.39766462438604,93,1.02028045250024
419.000830084376,252.285837288867,58752.9440617849,11.1209630258637,69,0.205166258532641
311.989444575777,201.865135070257,51943.6314852548,22.0761800642606,43,0.682977864324935
373.888651818978,195.064665045091,69687.2505651727,13.4471564917357,84,0.53363346429413
418.797047730775,298.990749131367,255901.313430071,25.9421201485093,19,0.13464494799622
224.218784882017,203.306039484353,137220.522673627,8.50437213382284,98,1.16193671691317
516.933308838458,185.084554935006,53362.8355934523,22.5402957507022,50,0.150995953207831
276.745739319588,390.042826568113,239368.440157724,16.7189837365387,83,0.208358464445777
382.427457750344,248.265780914923,144580.612918427,6.13442593363289,91,0.335499509826166
550.1366542523,165.228724357156,297236.162154099,16.5414366910313,46,0.167196264940701
532.202499651247,115.404533501893,124495.433818235,5.75007081838208,85,0.329572079156589
556.827907069202,179.16272388015,295056.539338624,17.1013679676919,43,0.165579036625649
484.39396509447,223.874178951399,293453.878915434,21.5553281015414,32,0.152911481529322
300.529307123431,182.976751005634,136933.563407831,5.02170617055602,84,0.86611188923379
362.347059686065,361.630922571313,275275.739274686,13.6470547685263,29,0.140529714626875
243.980561663534,332.51713971879,58450.8997386607,18.8694232921286,38,0.409884729323749
353.574972693776,334.583232520138,67378.7143924566,28.7314821657272,51,0.160925065397726
201.74209016543,177.619959556211,228385.179162266,14.5701870759644,46,1.39528564872946
417.370832458672,135.194704691608,208550.148569938,15.967668848512,36,0.562444252030329
222.070268283497,183.555448997366,83676.2827745824,20.9816119925346,20,1.18665134041978
246.890495093687,173.982633189212,80038.6620482695,25.4578034409765,35,1.13064683000502
434.363351887319,386.509075712978,141216.637657546,8.53608889097535,57,0.151645317497698
228.941382438298,290.357778945595,91505.7606145995,13.9612230134465,13,0.583440665193192
475.609799693493,234.83278313969,147014.918071622,24.4978483729141,32,0.129464333851828
469.044375188554,365.005808397617,62978.4049340964,13.2752138812327,60,0.145655018075016
566.401971649979,390.820833837713,214910.46246922,16.0382904069829,59,0.182518818199534
389.354895525964,157.736535844268,211550.731236291,17.5231653076103,90,0.641007359499913
597.128633673489,387.548824519674,225623.726710005,13.1397704374139,38,0.163811952266362
569.262157555442,173.55730909882,203168.843385125,24.4035989299816,36,0.147469565379433
375.11051353177,249.507710174701,156081.504732629,12.7783060165866,44,0.303495694429012
330.363047761931,394.477340560474,135052.551565684,21.9742066305303,75,0.167533583181313
395.341479694446,330.121493248126,275546.754696362,14.1858377442523,26,0.138687910220895
390.0635421606,243.229171496778,166892.617898774,26.5643748502614,21,0.265495736253616
268.944587747399,124.441585610046,286056.196017769,12.9076979938531,35,1.3158156789966
523.235171332051,162.163441060868,124808.854902419,8.89486844102209,63,0.195630765950548
241.953830138676,354.331263720209,220844.975332973,15.3011321172744,13,0.321847195414135
249.964592279506,164.687673860847,87034.4376436773,29.7416077344228,84,1.25653305431455
432.155248002173,387.361981312274,278859.990469423,26.5105949041134,40,0.167398982565784
298.29985601183,151.245892273115,279849.951690119,10.6317729057269,27,0.966323881734986
555.065755016367,202.724146367847,58345.4278392947,16.0654978756696,85,0.169017090498662
599.683491788904,281.071750349066,112121.971809525,28.3831414275316,95,0.204332844934087
266.358456310286,240.511563841707,231491.076629615,20.9249704120676,12,0.656843369642241
576.771215338462,314.095873430868,291884.405930246,19.9344517205987,72,0.206962865429914
516.488699538013,254.811871278825,128362.058742342,17.874518557619,42,0.137895411791124
355.554102987876,229.652146379887,178618.798205526,6.4728167630318,63,0.442836979914874
413.521389853187,356.991588648746,188346.406513724,9.97814251795005,63,0.162797018781747
359.833187443868,338.582439997156,118307.714030947,9.38394509527986,96,0.179232591187884
406.699303270332,294.756747266324,262587.643122985,27.3733763290854,78,0.195602608362378
406.884379061846,214.062799532678,290960.494595307,25.2362733501086,51,0.346943783936715
505.054209098049,389.620132698065,227340.149358643,15.2765689202239,79,0.199104278581897
464.746634339262,138.304441267909,99535.5667172115,28.8263571203229,46,0.414584775557146
234.146736356831,218.254793829901,191983.935621795,29.3311203627261,12,0.908609657903692
323.705858594415,320.738395588354,202246.609415014,10.7305326175866,27,0.214534316440458
236.318607956789,208.36947100763,73675.9843814251,10.1370043332145,40,0.977881960814423
373.564469184085,102.896508918417,250114.061332084,8.11504347329705,49,0.897446822337292
393.784079764045,102.841532523954,199344.655988124,10.3593876892065,33,0.786183704954462
347.217859214862,139.325850073208,182277.146619513,21.3461129024904,73,0.873291383795832
276.494687478706,135.278058644553,145024.671111517,21.99474044834,11,1.16561433938224
351.861776510999,256.403904586266,283810.192372483,7.23431831162547,79,0.389041502898583
475.52732587661,297.575730967627,53799.9759808032,14.7516316295996,70,0.151270001249419
252.682558552524,324.420718606443,95753.635369535,27.5824439305977,55,0.437773320860287
409.967669679142,362.873684444654,252114.370935096,19.689868784249,90,0.206690211909201
478.403943886379,193.956938847256,91940.5719537591,16.9747223696045,12,0.164848646176026
287.574137023767,302.982027155093,59613.4700107378,7.93376003382618,14,0.340559509222038
569.109521805504,201.702057042241,66123.2522128397,6.52514374916698,33,0.11309456956051
258.383982138296,128.595781539445,235507.358047114,8.32605207770337,47,1.37268492821539
267.38472403463,227.615741463661,146626.579113574,16.3423224554248,77,0.79346704306667
253.44316941898,190.909367193292,236691.25200539,12.5055264141374,97,1.07744518857619
522.156656803661,144.462139639254,199863.901761044,28.2377132396801,20,0.215858407257517
241.759113053592,310.068615524636,273781.938946061,14.7428876725747,82,0.556187628842671
403.762780177593,364.238920569867,296687.383839736,12.1217308676055,15,0.132913103297279
556.364788007138,180.055337266162,165348.361493051,20.1820860709211,82,0.185073395690842
427.624852509414,140.531040813062,272805.338591958,22.2889306566959,40,0.518950633849328
349.892210884261,233.298374339848,61415.7966455812,26.387582897901,94,0.492677244156115
383.750525206863,277.341658952128,54813.3469519728,24.4856324064038,57,0.217255680628266
211.254790276156,228.049770883444,173087.848738458,23.6582320537757,67,1.04918447830459
401.06669116322,320.607013055668,284933.015925622,9.66974391248389,81,0.194018173707162
561.629628092025,222.857898526655,195355.475793495,11.3203084312915,80,0.186602566922191
551.305476770372,325.406797407941,88918.2905808046,9.82146836937642,41,0.133528941232001
230.354793264394,337.744614635646,230341.032394425,12.8677493296654,41,0.442254835144878
396.344609684809,154.540890743673,233856.866726301,25.7750076599126,89,0.633822568232433
243.578677075039,393.360194942928,145688.648934908,17.0776646767939,57,0.249397087981211
436.516775086754,243.813541052488,224781.155161644,19.7925859823157,10,0.138648964087262
384.986636936714,210.035056818471,261293.223526831,22.6318861576638,56,0.425534232019417
469.279620568002,354.714793607366,66255.5045741448,16.4922068924139,64,0.151408422269919
404.306311974088,370.231068024756,125590.374488019,8.52900596841686,24,0.111415400313765
377.317003318033,166.66598726189,185373.008518391,12.9002813551241,83,0.635241950694754
347.164808943642,352.336827643591,266923.195257024,18.7528819784399,24,0.134795794829949
228.728446450174,124.899073154527,241093.300183079,19.6029848289206,40,1.61592325532332
475.072766568816,327.43092422016,142569.136290579,10.6007965294002,16,0.110794210019388
274.943627551437,193.45277579023,149257.367725837,23.5162121207521,88,0.950728559403952
530.217048511667,182.458001745054,86727.7961350181,9.33936754969577,74,0.155355765543185
334.082460518015,375.028911760204,224347.179046926,6.14149408918055,71,0.169082048146661
473.213107826638,154.74013524974,119497.499301267,7.0067633364389,71,0.352666199198923
592.689804756889,146.526544981855,74849.6410121399,11.8430509589023,80,0.164086496371416
381.841099870691,325.064180703008,249309.649210278,27.1650789744746,97,0.212438011288799
510.326566618197,390.110132231887,73565.9213855038,22.8653409001677,71,0.169325908037602
518.300196831206,207.574097846052,225940.220467891,9.34731362657586,66,0.171507908387676
214.684171301732,307.988261972922,75191.2197622866,12.1328105705273,62,0.627875310065101
415.485678425971,374.320355837253,117379.330193756,7.48457454901084,15,0.101504927331978
334.796217799535,395.989563578656,210850.947939546,25.59952488025,85,0.193182248472587
380.182108502542,206.314858670485,196278.770816512,13.6062327867065,83,0.476447402034348
324.557483223132,117.156915697689,173366.954514101,9.65222931608148,98,1.13698636714447
416.757410072572,105.229582905032,243054.891178141,26.9423097015866,73,0.748339084879307
562.653095668012,181.695168011956,237580.721298094,15.702063594076,71,0.184364156879458
221.638447963167,303.312324877084,289717.657731665,29.6327014614508,17,0.581728355036616
291.999594574029,280.635851086931,89683.0811901995,14.6497503917787,25,0.420262503239127
557.949613754289,288.35820295707,256477.213778678,20.875526359849,80,0.206236327430583
231.700103739031,277.394697888048,99176.3997099322,7.78719045419554,75,0.705641422211458
351.94453702117,114.266848146167,71281.0404630403,25.1510362338049,91,1.01318744786694
306.575330705767,127.78505445635,52606.4416155959,24.6905802778772,14,1.0507459907041
274.701366879478,249.661235890271,210553.519579189,19.5409010905567,34,0.614366449101949
314.473906353193,236.398550387836,241302.543553479,7.13585753863984,85,0.58218187056327
433.68124925418,111.981043096982,95502.0279506557,8.9819853206783,40,0.594666577479014
588.765142264701,318.293297225859,260697.18610622,23.6537617643088,25,0.156910363432561
368.459087752194,116.080400087386,89273.8681974744,10.5981405726648,40,0.839051612555645
379.99497470027,361.484086269053,102248.847064052,18.3707885522149,71,0.158160891130845
363.086992951247,130.251183777357,133734.614163549,8.671990020069,38,0.788708836414585
583.163158406196,308.702396066925,299975.025925603,13.2972862143261,75,0.208009795377536
255.886784602661,128.982573370286,197885.659806077,23.3176168337558,95,1.48548552513837
326.225646251774,175.269410302202,132001.58546366,10.5537978387906,73,0.780501638139168
212.953403914635,380.739590149205,151402.765693625,15.6106977505473,91,0.410067357013945
342.3410232395,305.322726535749,230571.404715388,23.1945786457219,51,0.244954001876715
315.64059069007,226.577015222925,95356.9492121625,27.5391079587634,94,0.637019189530745
303.379988732473,179.647617056597,101799.954312854,29.1588135362103,75,0.874828763526189
295.244176652979,313.78064919581,121046.754375014,12.1353148342552,17,0.294366663896104
338.374605700289,133.68744575845,194695.946766732,10.3312473795845,28,0.86934640424602
306.960971329161,145.234061111543,121577.949171011,25.4285511191638,46,0.996463780282943
226.696832833342,314.984802307479,198754.323122705,6.58065078356441,52,0.544376457749823
310.663480013236,130.78592359467,209892.780207186,22.0322315367585,66,1.08939380977172
591.619430645105,198.852665290666,178394.862997925,25.1235060355195,76,0.188263888395436
578.273470652536,100.604240995225,251139.341228942,16.2616568065515,13,0.190580352847685
485.401411520044,393.477150980362,202694.877733502,26.8387820539374,30,0.149535053319794
281.206578964469,149.146000916319,109888.496728171,10.9240684212343,11,1.0421557453395
430.534859658234,285.486395230101,295941.882911248,24.1336392413724,57,0.17955758383818
539.160057890134,303.646362326238,172596.010195373,22.9592169138175,93,0.205689151911778
246.977781145025,308.31268282987,58256.5602312923,24.5384123714927,25,0.472534411913754
412.074302151414,179.414528213101,96763.618735041,12.4605452633914,12,0.381703358776385
326.859647777268,187.845755988989,221629.566212608,8.96931838611578,15,0.644153196450734
363.637263667553,119.393521693659,80124.8723301035,27.4378965577705,55,0.878309054089145
417.202232273377,310.945868722878,150528.323277734,12.6064337413111,93,0.185787432034997
392.633339269288,180.020573311062,103809.116262826,5.96677340732485,36,0.464977269396614
567.765942849694,166.450860918847,174190.01942187,12.7207963807429,22,0.121210330057657
413.468940848025,200.397789469224,56999.0491711762,20.4631755111328,44,0.349483735029611
472.065539584142,171.475934332135,83639.8219213789,9.98222981307794,90,0.32527411579126
423.397058624524,213.046850487489,268686.622980272,7.46540986227994,21,0.261068895444609
364.956095181097,178.879520207577,83304.7091809745,12.3965167793437,21,0.546734283886747
287.371766083868,264.208782188675,142215.829814194,19.4058377355424,26,0.500447779537135
235.51131388248,195.687816467702,100076.841114575,7.33371538951214,13,1.01091462066615
470.322092968121,197.549152563388,52349.0777194173,12.9938205154568,29,0.188096005094026
244.231706392839,335.886640625947,63170.8705402856,20.1319824483602,98,0.470343051441304
235.963832588335,305.419384148237,247274.743689437,10.2965401125202,81,0.588842566665589
566.806621037084,226.287417072912,230245.894990026,10.1931060785502,78,0.190584393693444
589.455991823711,230.064108849605,160701.947114309,18.2314010083736,72,0.179250006338044
441.726020363105,315.171114355345,273149.60921111,23.513233077771,89,0.211053568147641
213.751541618492,247.441707360663,87376.9756755846,6.82865126811365,18,0.84391754858447
507.112816022999,346.148256507666,67789.0935719836,23.029699261834,39,0.132482198350378
406.817569400095,229.490966660072,245328.378613239,6.86009812400471,73,0.311810952027146
511.657041071655,386.331958060796,55576.270290143,24.3463136326756,82,0.178196945624247
368.231355541968,259.495533719094,84919.9876582386,13.3033289680168,85,0.33473122964506
498.259891277929,236.608660180509,139599.838203486,18.651243498377,98,0.194728801300088
520.091075078569,308.627451025475,97828.5056121266,14.2064213209149,60,0.152982376041765
419.372469784561,366.87629376875,211724.591755285,12.2743377208034,30,0.135433219025212
588.802585963513,125.692777352777,166715.07768927,25.3751304050941,30,0.134238609849572
327.021180616043,158.312714863896,242938.491073747,21.300627379867,63,0.854890277494295
578.909050823169,245.99744522241,169268.12959883,10.4377425135472,74,0.17860597835756
218.8363972279,181.517347623823,97104.7277854098,18.0006399105066,62,1.28817933172464
524.873100316217,285.765096912455,100483.104563287,6.6809088003289,75,0.163605462678706
424.310039385305,391.188483970574,151783.312399175,19.0150571369501,37,0.138099224272699
341.984068031902,150.316527836458,186689.033830125,24.5231292122135,51,0.813272526840695
233.617881719993,301.778583072271,230859.073042081,22.4022516915686,44,0.572072989600901
475.378851345138,363.485015800615,119625.964885527,19.1448516480789,57,0.155923475459863
469.486005579002,342.088297453474,126051.945909638,25.5492962044489,61,0.162671394373546
490.599616773342,159.591151926362,254328.740918695,12.5846842400047,72,0.301980527637468
497.083583007903,251.247781883858,217129.683230753,16.6427817624375,14,0.121724013447638
251.341609347188,321.750207815731,233599.994952835,11.9106291891701,79,0.475737900192856
545.877720455698,242.45815966397,247051.788368554,14.5808148717199,90,0.207317296453932
263.035459886681,225.66352706216,68974.1099921551,17.6073837539901,91,0.840674788944343
426.590918693238,306.468848222061,53621.6464889972,14.065679957168,61,0.137837720333256
521.130079356571,113.083321034057,242732.092119942,6.87092370758675,68,0.354150501396712
599.954736599952,135.002751148121,185805.52480477,9.13290900196813,60,0.160956985276213
281.852023658353,363.010834371647,194082.219165807,25.9302876044954,48,0.233944140121777
320.390622004846,244.541924244904,272478.908647569,10.92808831668,19,0.454959474771131
322.592468313883,140.441907418663,288801.34702008,9.52109022286249,25,0.903662078596837
484.152175109586,342.275287991131,264551.127104166,17.3207238849699,28,0.149356978406053
405.293035254242,148.379260174708,110230.13917696,17.5516773356293,32,0.544769589449887
361.743208577875,336.474055676593,187359.209802206,27.7924848864723,79,0.182727652290918
579.266637558909,324.521540530768,107754.012706391,19.0040298327419,45,0.148307195839503
430.462017380257,234.752310107964,145100.130724864,26.4941213772694,23,0.189360115714049
537.208661277252,339.237860824828,122221.900248217,8.12703610948076,69,0.166596152228532
587.655147624666,237.408986318287,179497.865065589,6.56448095602512,38,0.141601196855004
403.219863760808,302.082775667884,192289.183560543,9.78963480920757,69,0.164963179734335
562.75372511469,342.992682094065,182432.224955404,26.4609306378655,18,0.137212370530135
521.841584104238,244.501594485114,65689.6412056969,20.3866525451593,11,0.096638228498765
599.474661892328,201.280719228777,146427.223695105,15.2669823977769,96,0.198769210247865
381.827016683018,356.792753124449,132893.365286969,10.8204249966474,21,0.107934304491891
209.395559515651,211.481491730358,158263.637594002,20.1937761212453,11,1.06705677287479
246.337997463139,119.528851926264,166410.932038633,8.55890912054692,90,1.61169918565186
501.305870781431,363.683794554966,287034.765273618,19.4351151355027,82,0.212584763518625
528.127353573357,148.10696347108,96102.4206932338,15.8018948527034,24,0.18302532532306
349.043361920113,395.17574416291,283863.921797048,9.7766380776657,36,0.148063635140163
249.509179623543,132.018978233673,199599.083761411,6.72760891002263,94,1.48946450505393
482.880568712106,324.636540371307,294347.929452257,15.5442388991515,81,0.206453471848141
454.830012271463,172.25605680926,103156.998331143,28.9835525034025,97,0.390440639519788
223.295885531497,308.453667951951,175201.196863073,8.35203593214779,88,0.627989274567441
419.636806066407,242.663535793329,230460.396195923,5.39356611995445,25,0.188919792529693
304.904333233912,218.310201748149,191007.158583956,19.5665808004572,69,0.676383186280394
249.854884072364,302.657396930789,86892.328955677,12.0975536489173,96,0.565018571702121
277.274842566784,249.097931145861,124253.695168571,9.69469117011578,26,0.586979356830654
289.369159968756,344.453842001958,136200.678165626,18.20013366089,20,0.228439828242815
268.831343825553,171.77075011827,216470.81654292,11.9760016819694,62,1.05415909755406
277.639145176014,157.598410050116,244957.985122624,14.0523386269649,96,1.14543104211556
415.537801407494,209.111825489485,213719.325276162,27.742353073442,60,0.346416277369704
219.040008848784,210.428890802902,133141.079100064,7.59301577594751,49,1.06962881635079
323.666758610187,351.10416879622,205353.683347928,29.449623124816,42,0.161108723081327
246.084477795173,383.703382884955,57651.5701099136,17.8231437515732,88,0.30931293627726
449.651962455852,304.659236839811,185581.179978944,13.3857248772609,51,0.151698786941957
579.849020764735,254.994833099151,179777.516402078,15.3551795841576,32,0.140763697753673
218.982822714418,273.57847985618,94761.2788638373,9.6641328376195,49,0.740845541931229
559.175984374451,199.068423414251,221747.418056046,6.28891638879668,42,0.147666501660908
508.054180562484,326.615205725182,273262.595454069,11.9612731923765,47,0.168485143916792
418.130967320537,340.38353532124,179931.598790968,22.0734368784676,21,0.124286709993676
580.930710073459,139.435676527189,181057.169298683,8.47664684211399,60,0.15837031708829
294.110266326349,204.945108300623,107733.652875102,5.68695947874501,59,0.753085563089039
218.756151994377,187.167897590341,279320.413257902,9.39324455157656,81,1.26942718289133
515.336577792092,357.466164198754,260905.519376555,28.7993494780706,10,0.140379812496358
253.019336395892,361.901366401887,166041.281567265,25.0591543147246,13,0.271600197458238
536.252280547963,353.50882039115,78104.6303100793,9.26602747133133,78,0.169759195542017
567.516533189629,358.710279998154,287921.245681243,15.2135358263346,42,0.175105339895336
305.121556194019,351.27295927701,181552.503542468,11.6310876562639,18,0.167797799195043
547.349865965426,234.141509807132,113028.120100196,14.5180092370544,75,0.168642459785749
413.710646350078,300.109964974182,180636.347605973,10.5025663217872,89,0.184652584479895
343.621810022772,129.579008646241,132535.060199263,17.5475716736787,55,0.910749823711968
316.302017668018,256.846290110832,240497.429904434,29.8916433147737,44,0.465682469015679
515.679498431991,323.64229599283,181270.042463445,20.0110734772025,23,0.133103155264791
464.545200978989,182.429104767136,272204.572739567,13.8691086592247,23,0.250448351694782
540.377427570015,204.152778041645,222955.715679189,17.9348827164227,70,0.181541953878045
446.933028129183,321.202860157975,203480.240251954,8.00661493655229,40,0.141400654312971
347.468911643784,160.806298462461,243257.154232101,11.8644052702256,93,0.79016639502532
349.124319864197,155.087213096994,96628.1788930309,28.8095852187469,15,0.71177509202272
564.835309723917,174.470646399478,160817.506479096,16.3019138829133,15,0.113982824133055
466.638943935586,212.390798687364,222681.664511905,10.9167167448314,98,0.237555380355789
539.843098870196,372.157583272617,156884.205060923,15.5228068935299,96,0.206597505407498
506.558060478009,312.720733794064,90063.3087587677,28.6085602592773,26,0.123766241753537
285.710397920111,345.439658679701,103953.297469623,18.1647130812216,88,0.308241737462829
384.167012723771,365.730770253363,151729.666443973,9.1485209036181,89,0.180651091286913
236.353584298231,217.355494361425,260051.001781651,20.427806327547,94,1.01767542691587
537.64960184691,344.955925064281,128725.483028122,26.794659437824,24,0.132245719849501
424.110237893119,187.431889532724,56728.5591524482,21.8810735756356,14,0.32682375650608
565.219242134448,390.936933500169,164764.242050065,26.0735847500612,18,0.137368801664115
271.966565941857,263.775240225006,161900.863529616,20.1476593673117,92,0.640932822799035
570.351346779943,353.398573985519,244403.195666116,15.8494835967233,82,0.208882470768394
556.024171620095,346.253493346392,119181.490353561,18.765110235915,44,0.148445909682597
269.176757350019,382.440186941903,103101.500518789,21.1915742718255,88,0.247916924728942
507.180099045062,278.160557300182,253675.879251,27.4898941123207,92,0.216418147177366
389.841411591318,355.416345641578,294977.373059178,20.3825567649017,57,0.178296637182701
310.757133740904,388.623716129808,191884.803542298,14.8330170386064,29,0.124089756524376
569.020847000671,193.335774697561,251172.81451741,19.7745929458737,96,0.215841055584591
520.350521158107,124.078406601097,65797.9800834135,17.4015383348062,22,0.268157045058413
269.950820774346,150.730993146035,162939.480705335,12.1993604576783,78,1.20341565250087
582.084751656079,206.148594375418,161568.610112972,6.46248109206942,74,0.172780041887206
411.203552652857,199.437961581254,57741.5979886621,11.076235516372,12,0.316113329078643
419.873767154607,130.891663788925,217742.928300307,28.1513007916591,67,0.61875127469434
467.272637541686,369.575022103943,146281.780618496,15.5941531108796,81,0.182776036110154
370.35326204611,282.46335028981,183979.527601161,18.9618269980489,27,0.207763345704687
352.052565807641,356.237766138629,86409.4132689344,17.1770553059129,69,0.151069258655835
505.467677185701,109.433655108006,206166.149143145,21.4916300997606,19,0.360864708054566
396.525587879797,212.190371390568,90305.2420297645,15.3171083485678,74,0.393202636989119
431.800040472731,222.881945832753,194325.240648429,18.1766217147966,98,0.297342442694903
347.372992502171,208.426917940883,225525.381792575,18.7345739462747,78,0.57444304206402
438.737514820809,366.450030284819,232368.697660829,9.27080106439022,28,0.136981143983288
463.246656274926,246.87624819443,129421.986261762,19.5839135380554,64,0.15622239752715
305.594421440786,238.134986266752,162397.430043202,9.68762747134651,59,0.572689509337552
569.430413218286,396.834456342119,192170.124895403,13.9806752500993,21,0.139280899742231
406.007199287873,191.81485245088,263651.265723807,13.8935423401358,64,0.42798312787332
352.534103395852,182.532456683576,284238.014980254,29.4412915390221,59,0.644056552201117
477.932736696549,182.679975386825,278250.022341223,20.3133337922341,20,0.217276380014272
576.888928545414,112.609387450688,266470.480669003,5.37197195508379,37,0.181405329663028
418.386517829482,340.07648932622,58749.1351256352,28.391882179514,85,0.172583259819675
337.325785324259,197.178149105604,180568.017586473,16.1545920627364,81,0.655881589266422
465.084758036012,399.640094245217,213799.972318328,6.19188765440165,14,0.12235597752766
569.151348846912,120.11904699336,197428.93777292,11.943658699339,51,0.1938423173632
276.925025546498,270.753507663734,244700.832097936,18.3005784753203,96,0.601997276780099
413.866472300197,298.417654168234,279469.079863459,24.1555038851511,78,0.197611801730171
294.322328008785,297.087178662693,50767.6199990061,17.4764763766436,21,0.353547671645418
413.413897637801,186.35870088976,163886.843196986,19.9908394432724,89,0.453016693934105
512.264151828966,267.559585887368,146190.495168021,21.6539047718583,18,0.118891271648378
523.774013258649,362.40429638811,54661.6735854348,13.0939909171703,51,0.139672206731331
216.150610917398,118.750370626604,69999.0169928172,12.041964788068,81,1.86724217145583
324.91069984544,209.157793251018,145162.906585754,13.5348927335658,47,0.605413240979744
286.536152672665,261.473308496837,154832.275023589,29.3211052408106,53,0.554460965217824
320.049513258427,316.603051210813,269550.980529053,14.7728499658845,74,0.292075567107414
387.107693024946,175.809110825799,81276.7976824617,6.03244674458051,26,0.485085065229911
230.487292855765,344.195551542368,244037.697489948,26.8022164748304,80,0.475553077410447
396.821111791517,296.264526287119,274941.053886325,16.7616881466538,57,0.169628593663662
493.48991427152,130.093185349047,203655.912059619,9.31931986679011,42,0.346846580764105
399.429439064509,299.274225808541,88526.1891006586,9.75893879244296,18,0.104329220335849
460.373239004694,308.216325773391,213663.421374536,16.603404886757,54,0.162516999039251
512.597354119914,306.878556027091,124056.779811623,19.3457802028565,99,0.199401560009012
574.015542045168,285.452888455008,195017.11867021,16.6985434682875,46,0.159913774998666
539.643311030376,328.685430042151,194046.213260311,13.2700720502765,61,0.172992558799812
542.469055033572,222.487217097295,71560.9869120747,7.94324778069806,60,0.141413508268187
328.825645332294,165.045886672524,220328.932559861,25.9943938135657,66,0.821393548425173
347.587865213848,369.201726701933,52418.5304609493,23.9143414570461,10,0.095372607319454
318.650172035036,264.41697790602,79838.0990715392,14.9355781716042,31,0.400285674398358
544.403233335304,168.775308936774,101347.714563972,24.777795221282,74,0.16665319114663
358.176104177847,238.8185312037,276169.520779234,18.8029629356067,65,0.418289283412751
203.369663431448,357.779313206029,97377.6214437432,12.7956074391648,25,0.43434447622793
240.054045208254,151.009926627048,88372.6874220646,7.4176119880185,32,1.30733230094172
254.146891375778,346.200506931307,196553.025424229,5.80621397271657,58,0.356898636231759
224.554017872817,141.928395023537,222228.307624779,12.3030192183554,66,1.54544848902101
436.44417484958,323.019978286872,215517.56161941,23.0755989389227,30,0.140621462852029
235.129406964859,371.346409331812,142767.2030976,23.6901709463709,16,0.293830483327237
460.907960170144,268.127262964254,274471.920336355,15.1004064104139,87,0.203261250701501
305.902313603911,108.526707986584,81875.3200885171,10.4244479834063,24,1.18166973758841
512.371714747229,191.442399841146,287082.151439226,10.3920147651157,22,0.135868605397636
447.876014777854,136.968368378626,254712.022773487,19.7180779755325,71,0.501937341276182
561.249061951522,336.694362245442,223271.584486574,6.31290661871955,36,0.151056954769506
387.366545589432,324.892212560786,70065.3720938147,29.3897350344969,19,0.106321222164075
359.684253797893,133.252963767761,279245.191260696,14.1951905281321,95,0.875346557383268
336.477769773341,139.559963928425,56495.7171611688,17.4515313132046,26,0.848101759370967
277.298526738651,141.377167272526,176020.33065321,20.4701329383637,70,1.21537916232906
338.403959325478,206.609450768095,263588.430092849,10.5796709205733,52,0.575895606225589
203.23626700885,149.121878318959,100971.260381451,9.73030618567786,17,1.56327093527634
564.635300396198,243.618418078123,96549.3018802547,9.5125457712815,30,0.119207164480285
590.794456043019,108.468374018933,119329.112737693,29.5171427133327,58,0.187477144250363
562.383260051376,324.954239002675,105686.257943739,17.7424284142095,30,0.130419648542015
230.424285552659,256.526192846103,135460.764790098,24.3072294084304,48,0.781374121593366
260.944913566157,326.446894396369,58355.6386774305,14.7105389199697,39,0.376929787326654
533.877281431041,245.891665264705,172320.639757157,7.68709208665735,84,0.183806929578546
399.720354685937,119.333347126209,285638.20855471,19.0651767514798,90,0.770290843269537
225.24720016525,170.044499495082,137722.742636677,29.9707191591737,50,1.31699906086325
334.905705064418,121.198422085677,55517.0925167255,25.8916115158171,74,1.03474455067515
350.451150644067,145.995484224291,264311.864588416,21.527316625249,30,0.768099340644581
457.218308997874,291.925670932157,110981.036060334,11.5296425999679,53,0.13984480958203
227.892726378642,323.307729231954,264129.310123783,22.9908461041197,25,0.489415335564086
563.012171043653,127.64926720136,182983.007835517,16.5645590233195,42,0.180350647920007
238.934106531931,107.338471635546,146696.507508748,16.0948249845946,17,1.65012305256474
356.347612227068,317.985047335168,183387.830255411,5.05240022109996,55,0.168947881261753
216.544371069715,173.243294593805,277261.455573222,6.2008739574594,38,1.30509431630765
440.187779778276,373.477364660184,183530.593621251,11.4549856611131,18,0.120196646315454
560.472276050397,197.362419078426,287857.965006422,20.5105013092492,83,0.208690309992148
552.192600701721,202.034025843065,141297.586253687,16.4747293289783,79,0.176948046361975
385.077602651366,126.864452960515,209005.302287008,12.4869285549834,76,0.769724369160791
292.008139230974,356.944155415899,97957.687921204,27.9627686116207,96,0.272803038230202
286.914698701086,305.578318019734,140342.020552907,17.0725588569151,83,0.424429956332209
259.199026978332,206.663103367654,227122.860034139,5.44200396511369,69,0.915321898443376
422.362737450134,348.964221705407,298262.225649101,22.3163466772795,30,0.154769863018873
285.59018185763,360.128037126285,122540.872254524,21.0619253914388,17,0.192530589546854
388.21666840764,272.746895279144,78569.0910590599,29.9635510595873,11,0.174027455333711
590.463907535798,119.603062246317,209421.323878496,27.3020341259465,18,0.130040273353197
257.040070457302,288.312926979969,131620.575687968,23.7550755223991,10,0.495819346232467
339.299292704814,343.719003966665,297909.468007064,11.71767514408,18,0.128823706559966
511.593079166279,332.618713374314,113118.56139208,17.0446782401799,61,0.158982434760042
361.219436546059,318.168544184018,182008.861856596,20.9101019250451,16,0.125621706081464
426.365020943117,225.552227931635,90198.3281139429,16.5044269231464,39,0.233296906115062
214.574071279547,171.894722740339,62889.6083311296,22.4196025338409,89,1.4384094589293
244.464998373286,209.778145181514,255509.199354278,8.43951236335218,96,1.01226270880132
418.257080788362,361.081068448268,118497.454668389,9.25163806585074,74,0.162438992168237
227.985753654279,179.086907489765,165246.074190482,29.8997628782181,81,1.28755930793605
548.020956983095,253.387056113737,57286.4115727673,20.4554698217827,64,0.152441047941153
540.738120662903,255.946938281044,289195.220836509,8.31071615087175,95,0.216630634313419
200.528909243863,130.768254133136,65073.1741965606,15.4430842936202,61,1.8539078619311
228.138250151845,246.106047919691,198519.464677701,29.9274616613248,74,0.884066691309799
515.397382899024,309.901735693554,258858.329635315,7.3726634669542,53,0.16922286382067
478.606931837249,356.273114362486,92940.4079851875,20.164831421879,28,0.122052677654837
237.459311271081,132.66867535537,278684.415622002,24.1619705015135,74,1.54788241756925
287.685475942584,287.987611717484,105520.966970656,29.1831275824893,31,0.42571600709737
313.730482459309,394.617628104639,212305.726598072,13.4899816666182,21,0.119313196585004
427.273367160549,178.705953766245,244463.566659131,11.7279071154394,87,0.433347961558487
329.470029749703,329.253591974506,64545.2839875195,13.6931636627143,52,0.198336737802898
293.524635518859,123.252464406247,72497.7237482632,14.5981923900205,33,1.17549278916069
324.715295802393,243.547747130665,114624.672402449,16.2272975541602,65,0.497553289773411
590.370222500501,397.711241353747,58528.0777235462,8.63783090738416,92,0.188188415908365
356.608909443539,223.091326711419,121467.365066735,13.1721874320103,34,0.429206665818
487.356058789833,315.115226614937,211085.560429062,13.680464635095,91,0.201241288891299
373.309399615941,221.333254969581,292830.825322706,29.3381861134813,41,0.410628414017477
239.18021853353,299.651116044232,292084.993777284,24.8223897177518,34,0.551849713713731
251.626271118544,192.278294001474,144843.055570261,16.1021858981399,16,0.958565171045487
380.770070364249,219.955419706252,143333.536162781,29.4264836789275,87,0.440195699650726
531.966898579552,219.186348233564,225693.466561803,17.9438214414157,30,0.141298347663631
311.693382867047,235.31630705207,66056.7605149674,13.7832975338991,34,0.529710350293376
416.048303421227,245.622144676016,171058.63796383,6.29436044290338,81,0.246516625416777
459.694350762994,324.710284799062,168376.197541497,23.480261708787,89,0.195402732180311
574.736948995607,227.199338047896,180997.286331179,26.06234169826,95,0.209023076809823
387.504954514896,129.599997245526,129900.126031564,15.8818183122121,69,0.738414206616719
338.723846215118,291.940089176461,128493.195433525,29.6070487180479,90,0.334210492678354
442.299539957919,396.89022789368,67264.6665090023,21.5777399405642,48,0.138331976989058
323.316110942257,302.443699518228,80371.7239675821,21.3447329968554,88,0.335191862633455
355.51656939921,181.161558611091,217168.142133991,8.92354581409572,90,0.66268459577185
364.179955593347,251.122378279495,200890.028216447,6.36110145304701,64,0.34945890251242
371.324861134367,119.206232223438,231786.817355554,13.9236716478173,48,0.827116834817125
258.455631715836,281.818663771226,280521.492261724,21.5051109516479,17,0.528524040480703
245.469220496434,369.778630946087,63751.5478968644,10.1569569556274,91,0.342543413432908
367.772285713363,393.887859335916,119445.405102695,28.311237174751,87,0.18394032663907
234.795550991382,206.485032318739,252622.385411006,5.27751555789268,46,1.00225720248894
384.053474773844,149.519366253052,277634.709851466,14.4836022345891,45,0.636296616122852
578.373108543086,257.52782946449,130078.565611836,11.6261053164439,42,0.1405195373035
434.64662662283,376.189512601723,229245.095173107,19.7487396906185,23,0.137324694741965
204.590960256707,349.004108265605,130511.746777345,27.9168060906646,83,0.544078206545817
396.016029099713,370.503959941046,194124.448797689,12.6519196380391,47,0.148179567632508
246.748020964002,212.345016447725,120168.715986078,14.3981242158261,41,0.909555927094229
388.340303168569,251.380599296782,228314.943700531,27.1244475467199,78,0.312290517944228
590.896286348156,365.847068176058,230259.562263813,26.4194791178001,95,0.228217278374937
579.630363914363,302.16610435208,143974.926523144,8.0290817573779,47,0.149101437870292
372.052841793986,388.333292038823,200841.200683684,22.6550457511856,72,0.179402535801432
570.120367153745,229.892453090606,133354.440984533,17.6124725869047,18,0.117212791877855
227.777351271204,247.528248070092,115170.499158236,28.0060075348362,89,0.897499635030919
266.066595330947,362.315325353133,295536.53161038,12.7827117134961,95,0.325236877004798
281.327571256875,185.62802867467,266377.942976114,21.2012539881981,22,0.865121273768502
222.635664783324,391.945589221672,150892.892266615,28.3259492498609,65,0.32521333739354
447.2377178881,324.101865300491,81977.1540801007,15.930309829123,54,0.139546518835324
433.241395520068,192.564223480099,246054.404777562,22.0503368270324,69,0.357290555328532
434.016932166331,228.995359270215,65548.8303420069,25.1890860009845,23,0.191253366652203
310.026143237097,306.723397062892,261578.841023979,18.6331234264287,75,0.351249985780507
461.483278655907,146.044936530573,129066.464961121,14.3553827337768,42,0.385779154061049
220.037727948606,377.524226683283,150496.566799163,16.6747890877679,66,0.37108772797959
297.829522177416,143.161679507769,124350.292075658,18.4591381924554,60,1.07196930890703
580.495585294246,283.039591997031,114567.271113917,10.9716875734494,90,0.188529065703331
206.47505819296,163.009032004688,220947.191954044,11.271474022603,53,1.48420419457824
253.655039212279,303.906476261886,108119.297073368,29.0054223277005,96,0.559067585756764
589.528679889374,215.573197359332,198132.42868901,25.4131884617208,12,0.127183262025814
525.529436856171,141.868054894833,266261.175960587,16.848520191239,42,0.235494592476467
485.499804894617,108.166156243336,231968.929146035,21.7733568549292,56,0.469576668015748
583.282794936644,311.424828949575,277081.506098607,19.7405842178588,13,0.144338441153925
275.683393125737,207.757985100075,276634.748373293,15.3088699732487,72,0.847102382357442
387.123611897424,192.423026310417,68583.5486365033,11.2292931140861,32,0.43518253727035
274.878763364966,221.624168647482,153167.680113042,16.9442851310754,11,0.699351757919441
495.964218448962,188.509032756368,280165.5743769,8.38882189823343,44,0.177638387057477
542.696310909542,153.102947724201,223145.502482622,23.8757535371526,50,0.174530164152022
547.03725044974,366.18371327064,270017.549203845,18.5328321212934,97,0.228821384399007
374.214428087697,350.255931206375,249921.187159082,8.3300855703118,22,0.126451095429803
517.451843321012,170.908359940149,263729.700329787,27.7002258125768,34,0.173583970182249
583.655564021177,122.499491070336,68287.0178398263,14.2813307624978,97,0.195975455264755
448.604611195841,353.006996125689,195908.636085629,20.2525121073622,79,0.188969011521468
543.467395972927,291.009748042697,290039.984924853,24.213735481383,40,0.171707904988903
512.079062359298,183.891849349558,144421.521500115,15.6705074663074,55,0.160735171090582
331.885902930388,147.215659491135,180682.348038029,25.4960084842768,90,0.930168885182676
565.364206110568,167.371342033445,66533.0090758703,29.977863101339,83,0.17455799300699
540.710518923172,327.737000786393,262290.679077507,26.2397229281057,45,0.17537165555484
302.333794524769,161.061448444134,154188.555680648,29.1922655117285,17,0.892099802720397
232.670012629127,329.072119601084,104449.146991448,11.7971094168484,23,0.436814467938086
405.120697001831,180.647386771798,91892.3419715671,17.6703924996693,56,0.454609111403758
285.034654340958,265.724241440471,296108.739812352,22.3764180000229,77,0.573873949583061
397.287116047417,178.208120615106,126236.560508481,29.7350894768492,50,0.49009071739514
552.265048679094,345.320162307615,219189.87166001,18.0979031646767,68,0.189316639904844
231.09424623699,396.675765736855,233292.760990298,23.4428766752308,70,0.294985903729961
261.636863062784,371.158911901266,124680.621848533,24.7385822904157,62,0.273901542420684
273.72328148146,370.997397662667,84061.2875621454,10.3131492117052,57,0.227419137475916
538.256787167344,234.436597101712,274309.683332752,6.25339858090756,31,0.145805247575586
237.735516092241,320.964335543836,221979.70687629,14.9130025734736,23,0.456016449202349
328.622228133456,216.411922836084,58562.5671942558,18.0230272920384,92,0.62074412004023
216.722261906218,341.464980796097,178147.305265146,7.32883685878158,47,0.47478382154879
510.6968911783,103.17306077357,170553.897622002,6.65060392254606,82,0.429164068384468
457.04872438582,128.267054907323,72382.4066839441,28.4634234490699,37,0.461275627537159
278.422146522021,104.917248795287,246899.192931417,18.525571073684,63,1.45341274295681
298.622331667508,333.269068647337,150738.142154621,7.57221056685225,24,0.235166513057038
251.115893833208,295.818466899528,89078.9196469539,14.6745166361826,54,0.535672324676288
406.511517705809,242.981065970967,75437.0389563718,14.4118234237371,42,0.235269151675675
243.124111475895,373.814550825926,206809.597848313,12.4041756000314,36,0.283734046274353
271.306046092147,372.434821658333,150275.225653763,22.17568857312,22,0.202143079990678
399.519259950414,373.006038795374,85407.8353483627,12.0717731815374,87,0.170743282412129
493.909873339675,186.540728101041,179030.395832341,26.2056372249048,99,0.24967688796373
317.083094591028,326.140452358996,92608.2454898081,27.6050466269457,77,0.274310306588154
295.533356299953,118.205793448029,142173.184613198,26.1795404587578,81,1.28546931288206
503.550651440105,330.318664122274,224040.908004174,20.245374752959,35,0.152163840912121
307.283352658957,313.431546082134,53337.7589261492,22.4880437829633,70,0.325145751324044
476.091112879038,342.19630103606,199291.918726343,21.4010820810035,16,0.127434736082707
407.165299212091,143.923843506303,176289.025302424,8.27875826128927,67,0.596572737315815
404.155583902775,192.581609969185,228456.475169497,6.04527882699867,79,0.442133613648862
393.565758222261,169.198818937888,297410.853747898,29.3533704451013,14,0.497674749190137
235.091009882482,235.288360203741,275914.940486157,22.7136321571233,33,0.84349106942828
588.146562027001,113.660199962318,164651.009464386,6.37328528721087,62,0.173695918901326
388.243149868176,123.69419297456,107085.355642958,23.4212265083982,44,0.733283195013377
369.88787521225,385.172270981137,65322.0874693172,17.1468977570824,59,0.139559765133333
240.883236556162,398.938096493027,298702.198847352,23.3601371325348,71,0.267287374979902
367.900517860734,147.794144271034,240366.043720611,8.16425715620564,85,0.753171406596774
498.417943658975,380.938578974374,188365.172363453,6.66377853254845,19,0.125156516370407
288.296591663531,269.973755552033,196035.368761838,25.203471013493,97,0.569719260594333
468.009820303097,276.549848851552,277194.104152926,18.4301138738163,61,0.180119688520911
499.741521139797,343.726965876203,90295.8691022147,5.78374944470944,16,0.102537087520408
449.890479534236,254.112040541905,250991.966183415,12.1579062531326,37,0.144545492778603
591.341215334203,291.851601730563,268469.434809985,25.3206438601938,24,0.156611231067628
377.147895218994,355.976810794773,99687.3727023172,27.1096503719308,40,0.130139547966033
326.935325783121,257.567459836523,214456.477977336,26.2489309476762,26,0.405526786941019
215.476972634411,344.575148417705,123617.931255844,21.3121371151265,28,0.45138986563894
304.475635923488,100.176752922245,111750.580479486,28.1068835217669,20,1.25625635259526
480.465380759702,378.006049794033,93934.3767782518,29.3956189008249,34,0.13500486065526
326.346314779635,316.447241199496,265000.573587414,19.5012079635147,55,0.258262064474215
327.64032381336,160.395327125194,202192.491458117,14.4762141960361,15,0.768529425667123
482.685030020889,364.056938684168,189081.062279141,19.7789861387764,86,0.198504434927929
431.720666306285,301.280070498282,50408.7279237414,20.0368422097215,36,0.115074800302727
374.787357694802,187.394946421528,99030.6862168256,20.3291981869711,43,0.514107860472266
225.562691490621,291.176227953797,216355.301771696,10.3423912196657,55,0.6497254357901
257.678776046978,397.926917879196,167894.822399926,7.14153912511008,68,0.208919703041036
383.926974049867,302.028003012129,114243.948445814,9.48613623092067,83,0.180165614469534
437.311555025257,299.7147220055,206868.331721778,10.8471221541016,60,0.161723267974056
362.414503625804,104.244585986436,66790.3824928646,19.9120216211016,71,0.983497969114004
301.160658263722,283.939468458514,103463.73090969,18.3931128029384,62,0.428004918624907
539.779172994876,211.128601187808,194591.101435126,26.9106766218021,76,0.188151734631949
487.539818314421,214.472131739112,238981.378119926,5.43268139668705,54,0.156999681547077
563.098143682515,396.423739495927,162647.617968412,6.57067428647702,18,0.126529938455923
567.361486036263,375.82276765065,96450.2347269481,16.7007301236606,70,0.173026823745278
462.002862921446,337.29834738278,75968.2078267794,14.0472146914203,35,0.120239031201956
360.774254648246,240.246977813732,153486.682655847,18.0880146692105,42,0.373304703405941
391.37441135656,186.90213558992,209597.889875837,24.5055977941253,58,0.487387773546979
228.297387820346,195.628802962254,183678.363887253,16.0831150601965,49,1.11471151521373
250.155586034626,352.029025143562,98988.7053716282,19.8022714666419,71,0.368920137713899
309.72647084231,123.336097271703,275960.652173507,14.2887850535788,53,1.11264461150223
270.802930305197,110.668266428688,273880.547437176,21.1223611313257,14,1.37684604718656
250.326566362179,213.845574485299,148014.516359311,7.09788921652849,57,0.902773762558492
382.241606987188,110.699642025972,227683.023859438,7.92890991190647,88,0.873457694385433
416.147044241005,253.427351452959,104141.1174143,20.51601808069,46,0.192293264908829
531.104752272204,393.664781872506,151667.75078526,20.3406972332071,70,0.182352452317421
406.298520008853,314.403408872595,250340.776048652,21.1005815355866,16,0.127873780062452
390.626732496225,175.153906852305,268445.275448734,6.1222689531674,59,0.524378611100246
333.429400510483,330.547426175231,64384.9066952993,20.5431577874551,89,0.228967089982512
523.943243226979,188.763767107638,200382.379053414,29.2886394127929,97,0.209039084876364
467.489870218491,314.534222259183,144077.327094971,13.1489827383376,27,0.122172272106801
276.615380268203,222.322882882336,181709.267253647,5.34030087023722,84,0.781526953418411
412.140060653818,116.68711180029,147152.200193728,10.7721944463442,99,0.735937342246414
268.314773668294,211.57163053141,149219.228750653,21.2527290948932,38,0.815268442304753
481.170444760094,175.928028610107,220433.144223211,16.0426063026046,75,0.282047492252311
328.154618994991,355.04373199463,235360.17672839,25.882966277389,18,0.12563007544422
410.138087996993,142.054609119268,94563.0918923637,27.1608856931036,37,0.565141895490179
207.65587794308,397.120719486117,89451.500025107,14.0048988180169,78,0.355162175193098
546.025302258527,136.899648311134,260114.706710058,29.8169156659038,100,0.267612901129202
361.461871736927,220.063941369369,125719.248954106,26.7658408725049,55,0.45875777536941
208.200990470531,323.721846834619,205267.902769602,6.02462554621593,45,0.567552745220702
231.442526333033,108.598252696652,240250.135554267,7.06423912428974,61,1.77005871609901
525.103493567848,116.148022279476,244356.759043895,25.6596249334194,87,0.36607090075181
515.739292828405,100.331871387888,238903.123979098,23.204965987493,39,0.387203961932844
256.579593933419,272.229371985719,141407.474535563,28.4664622401771,17,0.57160637462347
486.745172108396,117.820873692551,287606.358425822,27.454652275212,72,0.456634720909085
418.581774683511,198.646313766157,200203.757517338,8.41384284985194,23,0.316348407206216
504.324504699169,242.325256059619,166809.471210796,27.285038323154,98,0.205007774393162
312.979126379278,360.828811591014,167597.238637741,9.50241553420934,87,0.194648748908786
231.205509871394,118.124512141003,69939.082337871,17.2043492990123,20,1.62767735173943
262.601859739147,286.203359212591,63914.4607971355,26.8892443864383,51,0.535709878250349
575.120720784981,279.155701503545,67805.8614862808,17.9645902900395,78,0.171343985615905
298.995338453557,336.242379279198,121308.323239479,12.6245985772113,16,0.218444274947374
582.994515551471,277.921782721658,243147.112189484,12.4761520363437,81,0.201963148100622
392.267891592144,384.534030657379,103855.146091238,11.7091518654982,52,0.137969207796656
381.041799073623,156.866160117994,270653.766526572,5.16982971107625,91,0.669677370652058
589.016334243848,168.692659847837,83091.4407444433,18.786517259695,45,0.134583299740019
288.178881982117,304.948480949188,114148.958202731,12.1011673907053,40,0.368225372000579
484.169065179124,297.962227376963,187134.545341593,19.8118695963745,24,0.130492725062741
253.164691946833,362.844946109183,161628.989151351,18.0699782543137,72,0.330125746995064
548.936010799319,170.750309427474,255367.95039813,20.4084886147478,18,0.133754504559183
218.081595991672,256.459416052342,226793.17361883,20.6293380266624,67,0.862090818015184
510.247484543268,119.113661901713,90472.7743929037,18.9461398625856,73,0.37103358181059
306.033980987627,221.493674577926,158655.067447474,25.0371235133744,56,0.644535185016752
440.699883518515,173.77255516349,188716.143173324,28.1836352135159,86,0.416816187320333
544.267797666322,356.832258881563,291483.316097615,12.1144401871788,100,0.231185312772442
494.418753289191,215.378937605203,70427.3801026742,27.5915752238278,90,0.183221771677298
584.526618230821,148.796458306228,201714.153592435,8.76421725588486,79,0.182443958173276
543.771627238074,109.356970843118,84126.1820089143,28.8835745856588,37,0.275617286317058
369.070807753366,159.675621950462,263123.507243271,17.1135563804245,50,0.657233823681104
354.281996378791,311.593668304336,185765.396605125,7.3220015486902,13,0.147692224690965
506.844647132212,119.29801937016,103066.319884411,28.7091320122343,35,0.34295159288414
320.944128206699,356.596185433866,197125.331783811,6.96996072400381,90,0.190159293519067
350.488316478904,117.166696216873,133665.3870975,24.3516751537479,64,0.963538910602554
540.880317174885,309.6516977727,114414.568592646,27.6718281261959,65,0.170220091999541
257.263348013347,203.155134650082,52464.6585488155,9.57737902922993,12,0.85988453333416
209.492076411759,186.064195977036,218809.64623643,7.49995597247719,42,1.27011245974145
582.683978952396,211.721606775866,146329.257505127,11.3625373938267,63,0.162015141288375
292.67982225614,161.894363490356,265738.910622314,29.436003251011,87,1.03954517715424
263.143054187689,260.369955391094,295023.770635502,23.2478014776006,88,0.688716425010086
436.9434009586,362.5109424834,161151.773207863,26.2196888681466,41,0.146971747824632
558.47137748064,385.570700418294,155251.974821815,11.9267846947916,64,0.174154196808796
361.06848676111,275.874628792156,219650.852713615,6.61303870674351,12,0.227677627821697
474.822930856467,108.029938072931,163747.995344821,19.9071773288343,31,0.469367049751257
451.642991271779,318.22030868683,82035.1425888689,5.00923906648383,95,0.17557608694187
367.36396558497,182.882529364151,108604.35800799,28.4766486223056,78,0.607099668081552
238.786215727305,264.923853319488,111402.478407332,23.5640370505059,23,0.673069950311599
572.191950973664,101.447653046386,271106.129069771,26.6096665599499,76,0.276953057940911
592.183057078774,267.314800550239,141996.47547617,28.5942597443081,28,0.139371957206683
419.13965213856,309.869655941942,284990.259959594,14.2162560126814,19,0.13395394115406
251.903441499223,121.985059836335,116227.522031906,23.9415081416875,17,1.43471472293901
483.177474142153,292.901825654613,285254.669263453,21.408917093095,61,0.185563240980053
228.652606592909,184.199133419097,141908.825138707,22.6425638679212,48,1.18946916192291
438.694875187862,183.17623230365,206795.967753776,22.7284856066788,62,0.362293206100954
395.218852184486,196.483178476446,156257.90882972,14.4587143359752,19,0.387005528947703
222.121939917184,309.757930313534,84286.8116278009,17.4338920744556,76,0.614932851409271
265.764724626261,133.064249206613,256046.110456048,25.3723226155861,84,1.36906761313361
259.370721404208,200.867536391092,175314.732987218,25.3845622464574,28,0.899652386396969
483.782484936391,211.113920552511,124237.637932407,5.95651387767191,32,0.124818051587333
507.454174379185,174.041804911735,293287.552659713,15.6399704479962,49,0.19902996997807
243.239205494508,242.079716865364,87508.2502983288,19.5284820197149,40,0.778384559675999
344.758416393581,268.443018429158,100012.745626429,7.657853707263,65,0.346997803754311
255.07471530196,376.053221920651,269919.006838543,20.9195260963617,27,0.244240886134963
567.178956088186,187.572806453323,230054.0847602,25.8625142171723,77,0.195564595381621
225.094302824114,274.946415386725,276469.56189237,5.98149452723707,80,0.753150205212135
364.435878436992,199.588977229922,232654.571538655,28.5657103908697,78,0.55675078076972
302.453418992527,250.543624540214,127237.285709851,29.2174298560797,28,0.508864359042573
576.02044617948,122.26412117661,281643.649847091,19.890450563843,34,0.163644345539662
552.516059809815,255.249132774495,115726.354994494,10.0567171790891,55,0.148047729857554
348.04708356406,245.071271599361,140717.064378324,14.7669435066735,60,0.413412465835607
376.134939569947,277.024923263826,223036.678343808,10.3210027145409,36,0.215279012055068
239.543579388471,187.606239243211,112564.08055751,27.521459289129,39,1.09524386720696
362.689436829629,253.853543376969,62910.766697186,13.8520563406983,59,0.337314446487119
422.133236090056,361.754387642576,106113.999826622,9.04120130132899,44,0.129891072719611
352.757667704572,144.638008346936,55315.233042615,7.01450644859233,41,0.764734372095198
236.795950275043,398.130884456066,255748.521233894,14.3518484318578,43,0.242592912166568
291.349158359834,172.753530632572,71859.109159392,14.0164002449634,86,0.97184581262796
312.381792483054,181.302018265173,288604.048505768,20.8848184035164,57,0.799093412083222
510.224151378597,391.330733285298,282421.090901067,21.830975734566,63,0.196278714418664
285.632860334736,202.601587089183,51478.685440718,17.4478186417035,15,0.745567502506657
475.786454917499,221.058898328226,163930.103262853,10.3704212138984,20,0.111459451514421
329.589921112009,299.600579675775,225457.116711166,26.9689907645138,42,0.28612124114709
247.130260220673,248.335630378282,51717.7461820191,8.37710848464703,49,0.736111648069312
401.602212332442,230.015764897351,182754.289544641,18.67863368137,96,0.353663202219009
533.328999626308,239.547793363141,120848.903983069,21.3544003317604,62,0.159496529912812
325.636759312278,309.23631015714,184381.875394524,13.7617795598741,11,0.224922675641228
436.705272367757,333.872605607445,206140.820207511,28.1746432137344,76,0.189637811890581
533.941633365599,129.512411081288,297581.350167413,25.7006587433798,71,0.287463698203585
312.041664454019,198.087260705671,86172.0993568625,28.4374311951924,39,0.69957813959529
239.906258884647,126.695259273974,103360.854736798,23.4671662593248,60,1.56327776886919
296.230116857663,397.794253887683,170925.468542968,26.7772480123374,45,0.142713916759394
545.412498219012,331.567550294912,116691.815335141,26.5910182229987,99,0.206678888795816
336.528996431384,262.491789751115,182935.884568759,10.9696533893702,30,0.35493719332918
275.807687270555,305.488400715992,278210.706589967,27.9954329590598,33,0.41253075057894
403.192786835323,159.360967507219,290213.421246153,11.6641597971386,60,0.547563313185423
448.413304462237,370.137111758077,119025.163606106,11.3796953179103,80,0.173141879921404
386.856362473511,130.22198550776,249519.842467634,6.18790796188786,59,0.72078244278793
334.502773171521,376.170121203115,291759.662832069,23.9616462209868,80,0.199641327590742
397.19960332748,293.383179009258,136354.145086001,22.0184453339948,53,0.148654167226808
563.199061823619,351.746672844307,261083.121268703,27.1546550827189,52,0.186436339592943
459.016273773318,172.953863369731,118175.25099178,26.7579687395116,49,0.321680487565204
374.892587619355,297.832058778697,128941.581090631,13.4738535331647,55,0.179513388223579
528.484405894822,284.810758098714,234076.722995969,25.6968184138269,17,0.137666443440322
200.429419241503,115.584880702304,207346.146606005,13.3744912267217,100,2.07748725997504
282.873576410591,105.705026286547,205744.408755319,16.5272733806198,97,1.4758480480445
415.045305149656,363.048781065266,145808.84478037,22.8832614433706,82,0.182573126484912
462.103674714146,139.751095230869,217819.930306638,17.2382899593063,57,0.428525267871019
397.456819681339,103.514694453657,197024.574396178,12.7120186771711,53,0.79700615152454
459.967499575966,288.936807248889,63841.6325514452,19.5997565659588,89,0.173113535975097
445.444304912278,301.813493033802,236888.301337313,25.4034859518025,66,0.181805543456142
426.043207045341,236.465713365794,148930.5633554,19.3669730181089,98,0.271632858258098
261.841590922489,120.219684761348,197646.690608177,22.3964664174926,46,1.42539031139232
378.47258247163,375.435481846804,104016.479437956,23.3276416185446,65,0.155809312026967
377.56268145764,312.303679992774,233723.31160863,10.9450226650807,72,0.174102206666634
297.71238421882,131.968514605226,249852.5234224,22.5664819041252,84,1.18132402594882
558.865397399631,298.806609621224,261708.094096217,22.1951423701843,48,0.175860088002848
553.329664404125,335.528765587137,179400.350722364,17.9165181801245,47,0.160379536132402
325.285720660756,183.636172658273,287349.234948592,25.3161178352608,53,0.733011404985963
293.162556143217,198.951239326325,240739.522608352,11.8262091177423,97,0.845048885982122
360.032485431215,319.26917666977,157279.198254664,5.43718162106769,92,0.194170186757475
215.347074905926,103.636873210785,254250.636808062,23.220858138873,95,2.05352164679246
559.94914044644,339.092916220675,114065.074301257,12.6873885935642,40,0.140040160870859
281.064171492199,165.602586513557,113973.252051816,18.2395353369217,73,1.04808982406918
295.805879573935,146.644789140035,129885.237723728,25.0440581206908,86,1.10762377849544
381.232771283317,158.037966511812,110564.712932869,8.36900587215726,30,0.582233680228727
431.434490657062,169.533403201782,140275.987177081,24.3210916124203,33,0.391825698848953
377.439394863072,360.681713338456,201816.332276902,17.5732049929138,46,0.148837566013996
402.293409834487,330.605622364662,119511.598657501,6.90941353582592,90,0.174268940993732
551.128670824084,209.50068872738,229094.185030099,25.5396356585658,24,0.140967611678496
529.512296100397,162.350209900616,201568.226953061,25.2122345620021,99,0.230890982206596
204.69383603305,220.048041473759,224942.024172156,12.8156164998849,11,1.03549265430642
393.690488634888,161.778646355437,165583.051265004,15.4906549335577,31,0.532044664451861
494.489371140142,394.050290504143,281254.682467551,28.6836095924073,36,0.170944256499497
478.094266272451,367.449232550046,139789.49149159,27.5524477658247,91,0.199268040374087
347.850927501586,276.027979529621,214955.100525623,18.0803422211825,35,0.293452101045956
473.422558360666,390.265527316329,182625.297060756,8.04441945279364,92,0.198033459147928
454.202115558787,356.105056938294,281427.406464077,11.8968953739109,31,0.150565423050854
309.631927448553,235.049637176827,169006.011986517,6.8581970340859,92,0.610660503676716
289.52832387682,142.148101656645,297144.463827,20.9545730256221,13,1.05067942579819
231.390531925063,346.779289801401,121894.120649213,27.4084749724335,51,0.42472918598597
376.393634899848,168.426918728614,261455.644812741,15.0376488494187,75,0.625039428520651
407.745765355777,150.600045373308,296897.653295132,29.7007770271439,95,0.621399090890928
217.092898753434,136.177734133059,86289.7011051817,11.6929979210994,23,1.57992145960265
364.069583383721,169.771079606635,140530.6769685,13.5419849730045,70,0.653395499988773
239.604049075311,232.267184320285,227396.23688547,29.3117177633701,35,0.845047478535301
232.855929386434,363.874326080132,273232.21820568,25.046488031144,89,0.413621245477053
318.906851004685,188.489532857666,236231.580209104,25.6631650780748,88,0.783124742979899
408.676692455421,107.746025199436,77365.490030912,13.8460867404655,21,0.684892697040878
445.047618849555,246.743341093674,187742.16719213,23.8391184259561,34,0.136950748525869
425.963640356922,230.832361881838,138744.106313064,29.2758044011018,31,0.220782817996504
587.038760344016,151.78891818648,75826.4300033545,19.7082113748287,75,0.163267649529447
296.513646373591,130.319197321274,217267.739688688,24.4614800452772,14,1.08940491136814
379.437926679864,215.737957542302,146484.738042935,12.5354694843248,57,0.412849507661435
400.99528431889,265.174691764978,50106.4022312094,15.9632378582915,92,0.240570446502654
287.891923086656,358.341894992269,89981.521010774,17.7962142834236,25,0.196635894801959
304.235156609341,237.968931372747,274861.548862533,9.32521229771823,73,0.599482687124325
459.584563730329,234.596328544416,258607.79994688,27.3397713756016,48,0.164980721715943
545.562643942766,246.789460204451,284250.524450078,16.4262750063184,53,0.177049986327419
367.224346881555,325.564796309405,166386.314246762,27.9210072729962,34,0.132923414689962
437.57303761643,392.921410323825,222421.287044567,20.8226019154892,41,0.156540689019529
593.676737274408,392.909661945718,188186.861352824,16.2871964629151,69,0.190922508012029
512.553568109837,350.448646806351,184184.846849436,25.8698176611267,38,0.15364215834903
247.557654181943,244.06993108485,120339.772401903,27.0517627663264,32,0.745739531130555
599.852915473246,186.678031336139,263926.302210236,5.62425399466653,21,0.1358416793907
477.819696295394,350.387956036768,98527.4183398437,26.225016506246,97,0.196495885014156
267.845819697976,311.523883266147,210758.325615133,14.7473708577658,93,0.47634882839109
299.140466089807,277.566519161527,284634.161956087,12.5187075023345,29,0.420860066217731
468.973788265783,382.528529447064,223878.750993877,27.2975925153549,29,0.150177560797102
538.872977864548,102.808546616618,206205.083043842,13.237868944725,73,0.345604685852778
408.813850947963,247.397765661366,132279.201232947,11.0832040357065,36,0.211881243408981
428.584158073037,377.000483713737,164994.817935406,27.3533958292449,50,0.157664092493478
282.680209217187,141.526174738441,65722.0284548748,22.7194998963117,92,1.22228174188258
446.63249699765,104.61706947775,59794.1886454041,20.8286658079659,80,0.6371187202753
433.641505815434,241.041188598214,50813.9266293689,11.6697087558256,52,0.182247049834645
377.05780718358,111.49888255624,143223.79805821,10.0693384139236,90,0.895965455302985
222.995536383896,136.343389260063,51389.1509017058,14.5575382117409,45,1.57829581297687
463.878411946396,105.999208926307,224800.661378321,22.7923820491706,63,0.556454569923747
408.066327630481,270.190835065189,238130.678560813,10.481965764889,82,0.206292067786965
394.625051460338,348.501582359134,183056.847201023,19.3729511904217,26,0.126886157477937
587.501324346632,199.327874011988,143753.008793129,20.2345384459767,34,0.13634657570332
431.306778191076,319.20648161977,54240.6152587358,23.7127891827973,12,0.0943100165374729
573.789840454978,385.792042300054,261865.282874383,20.5536223118534,29,0.162615743299621
474.274365411681,140.368154201351,236475.011122632,7.24183610872467,35,0.360133541070587
282.360999200935,161.27512037543,106598.976751214,29.4529404551926,62,1.05880087430983
423.218536722222,215.188315223218,163653.288014778,26.1561671036387,22,0.261850279682083
499.144274907494,121.685668299111,294810.44367979,13.4635871577123,80,0.408130252048733
499.059822342463,143.546850931439,224466.719564236,10.6880282868959,86,0.340818460903564
248.337477460078,272.118294468204,122087.847274238,15.1566737556211,20,0.596343462600218
244.634721380511,292.365859046906,131202.495703956,12.8489295380137,15,0.522274294139446
210.141334176795,150.806044482054,282358.530167465,23.5496324578451,88,1.62811902756984
459.507451410457,105.889998421955,164442.654322092,25.5517847315813,26,0.524947482417547
361.164811843778,231.087403920383,107423.060476912,10.0325397504847,49,0.403389601830539
520.421936730709,155.902450511846,186355.639424213,26.3947655657448,68,0.237736416029271
550.819745490007,268.786153517139,232597.325171894,11.6778124563135,78,0.19316082030022
510.129837408789,122.753156039918,173105.405721811,19.2487710292088,23,0.307126481473007
402.737512419424,326.734300958827,121686.627623335,11.9190343106543,37,0.122900509843773
402.215211631908,254.724874245766,209606.076596087,9.88303444843992,21,0.195400295629133
260.865493311397,366.655289773014,226449.206374902,21.3872750201503,91,0.323840238221578
449.512805623214,397.336682998486,194243.750747985,9.32021866266256,60,0.166268533996718
341.620100261312,332.2709548907,113899.125291933,28.483430195673,85,0.206791055170861
234.343921373983,359.490804468666,63490.0148313041,11.3579834483747,58,0.36966255120176
465.543302639137,177.186937194189,104180.6756282,27.5994049776441,61,0.304523186721477
458.249764109294,106.756016711187,147520.931861863,7.44110869253764,30,0.518165383729163
214.526562469232,295.644899445981,232185.517450105,14.982103415672,48,0.668210625292406
592.823555012313,286.718775743634,281508.15161035,16.0539573980998,50,0.180189070861589
230.160008182126,182.376723829972,220584.636479561,21.0864700984605,90,1.25784864244617
277.966550370025,260.070236716759,51128.7508532701,27.9288721010969,29,0.554600388199509
480.930647429775,205.067149410156,206366.052891397,25.6687490251749,14,0.143404783996483
507.522612596836,271.160139808994,73781.4795183885,10.3984885395032,70,0.153437612556292
333.205310856086,339.205593616263,250812.901792424,26.8669693963519,19,0.146655724198766
453.261810037727,213.701539132843,130131.989895164,16.7743271919336,30,0.192716515901888
338.489370707711,196.682157638218,116983.461376167,5.99084430561999,40,0.591427039786299
337.060339551802,264.70631726351,174373.71149857,25.3574377288023,48,0.375557596575147
572.321696283934,270.830676286737,171324.617769566,6.03664250290268,30,0.132553149482075
485.764144576073,386.108695044538,93599.068855708,15.5882191305986,16,0.109991523834577
407.481900460178,118.32336101304,269357.924557763,10.8261015572308,18,0.642615336948919
296.870922683574,358.814081674998,288855.811950442,24.166505541387,92,0.258518335183081
327.394026664408,375.350025723888,101505.114387015,11.3711777572717,13,0.0932529819638984
566.191838923641,219.009941211404,117968.470678822,14.3269290036948,21,0.11479421105481
422.250937226346,176.743306686638,63100.5346154606,26.7724017757205,45,0.407045277759075
418.716802091166,395.76096253339,156405.323088651,5.83107815879169,13,0.106917534827529
347.053705037406,132.402262823216,137331.118564512,12.2561020002393,44,0.860147504203796
248.060515704291,243.101241994084,124522.805229013,13.9672525090378,96,0.827531146111673
404.571437530917,153.024473383954,278417.807368638,12.9437371723574,55,0.561344465113337
577.473566385831,267.447157753936,128218.481866696,27.0143834602336,60,0.167605139311997
467.328364830672,263.079574663971,141609.71578731,28.4948165163342,23,0.122628260839723
346.322635978321,172.791285371085,152314.673862077,18.4057139996926,39,0.670732403012327
524.097635387472,106.865697597227,134329.382332086,21.0533131435498,96,0.401165597461396
558.21957075166,379.149871836296,215560.133450289,29.3761711669261,70,0.19966856379065
319.519195875888,334.92819127898,283114.224606202,27.3291863650648,65,0.240405815555174
327.053057452626,273.094717815344,64804.9775003794,24.5536836368437,66,0.392979675476747
462.898046756064,140.886611954905,66419.9473162016,15.5088232749097,88,0.451232938979035
410.571563858876,162.891672635515,299901.71907297,14.8786279726872,43,0.491922446296826
362.01144828286,201.245341925409,241805.461092041,27.1021535415809,72,0.550660494264786
285.425805865652,213.994182514495,143476.6700315,12.6189200729832,15,0.692901504039299
321.438018185157,261.69846534424,179055.018687648,21.8889248818307,73,0.459778121234735
315.505169165136,203.857216890929,243596.98419091,28.0341612695876,38,0.663884889844086
229.698420356287,327.570155741492,74894.1906102942,19.0794633392451,37,0.472478973687895
226.419937453852,321.043331174149,134287.316276449,18.398891268985,97,0.584219023141781
411.734942407742,135.896462302466,235493.887696821,20.2864493634666,40,0.588318148837515
491.341650384157,330.514138005934,212762.910233327,16.9506810628685,31,0.143260723676879
294.203837335824,137.197545331792,150580.505042421,21.2215467225757,77,1.15721995138217
518.660511813209,202.913107089301,149722.456899528,17.2617522384355,29,0.124670209477877
598.289865879123,207.918218210301,288128.806751352,10.1835741313014,36,0.159076998172749
521.407993102304,331.721109302802,243471.150753817,12.8072460964818,46,0.16437727951929
352.465728184955,247.613731678038,294231.660373065,19.0894583456166,53,0.393406641953918
519.304482505262,222.974128311036,175414.667814176,9.21841232218049,82,0.180302314027993
382.059083903217,285.218575207437,201264.972192606,22.9958787729454,57,0.207071366923855
325.582817753405,385.469884209492,223950.883887738,6.7796025560648,83,0.181572199231007
345.234607588934,381.653608745962,149934.760463613,8.06947081042776,92,0.180376416059981
466.213343935962,128.215544220594,142006.780890994,13.9331920588294,94,0.494992596032703
217.884182265781,191.786257247398,54637.6410350241,6.75758174936056,44,1.18535466594233
545.635160583675,146.776656387544,143016.910019414,16.0223994611803,49,0.174668104379618
454.54363389415,392.292773939862,106845.451528078,18.2722626437096,58,0.154316109768674
566.968734011926,186.796209933928,145620.191825498,20.0750793232372,78,0.178951531370791
452.473103327831,182.066765173508,143400.173918649,15.7265302964373,49,0.306165589681654
509.444235471928,104.375329348599,117211.159652217,27.036141420046,75,0.430898073124808
462.873432661372,282.100320883307,259174.216816817,22.3244338785772,39,0.156552637867104
444.803953436427,181.997810048783,289930.232599006,13.4994407246687,33,0.314982338338531
529.066985889772,349.457841680379,184144.200920722,28.5855393548964,76,0.195440451589471
324.818876265385,127.062929943695,271335.311979603,6.17715669998692,13,0.944739954566645
202.538232002998,266.174472750672,253376.667321774,18.9676756095899,20,0.817378396000353
382.908903810143,237.157775593334,281939.781348761,6.31951553822327,11,0.285127570723549
416.395871008721,150.895894163212,281303.882206445,18.821550397288,55,0.533691025953556
413.234962702178,245.59437876899,63204.1423511917,27.0695270218979,99,0.279290560196165
206.197368941536,240.633340879383,107521.145213155,14.0239673074482,16,0.919385467348886
430.715501679912,227.995854088988,191565.508955095,14.7061650191203,100,0.285470494758495
398.813426468774,162.034882875964,225238.739015636,18.942404720822,10,0.492295702822018
455.473819223126,187.949913178139,264858.088131831,5.15736104312557,57,0.289420647216276
598.379643322035,281.219193212063,65580.5344586802,25.576771237335,39,0.137420955584225
296.635014019096,165.976757751777,69417.4618773746,20.3059898484177,95,1.00139020876633
212.867310655018,165.559293029822,95741.2076190732,29.099929562274,47,1.42996914587167
592.056307575809,205.319776555484,261352.565268973,24.0573796793678,92,0.218682524335604
483.608348815855,248.70265235044,127768.804424184,18.900686141521,100,0.194373887935552
307.816119361338,262.146082508831,69881.9218420279,12.8268615218644,64,0.480273780923941
592.303412286308,135.146015102499,249465.740848001,26.8624278415563,89,0.210510343523162
242.170853886903,227.076155234704,98244.4472490676,11.9024125920918,22,0.825013644476258
330.634807453784,258.397160847985,81566.044995011,7.03457096526891,87,0.445821511330089
364.675990094411,264.481896339149,137380.911010486,13.6622719760954,68,0.31306080397988
378.21495724093,175.458357410434,231294.734406392,8.7511376514557,25,0.522717412355064
364.794638844777,313.374104143452,92325.6087414684,18.5643374011847,84,0.196915926428884
354.08232586935,240.732558768234,172649.581593235,16.0703138907849,98,0.456560211586902
323.01908336804,258.196275535907,138810.170402489,23.1228013376479,56,0.445743443089844
461.082108542947,243.827265959212,51195.9787991475,23.2699761836249,35,0.130359477607449
560.690449714709,291.439385165466,134549.85758998,15.4235601710479,22,0.123526546475495
502.854505156399,131.568706762329,170349.567867702,5.97425621133275,14,0.281338306044279
285.903163926681,181.368856323131,101959.41578372,22.9174502339922,71,0.936750792125363
211.847881027671,176.247701688914,106624.1915404,7.72615400380852,55,1.35026242325678
397.36169397678,321.555975820467,76245.7391980559,18.4537680965888,58,0.13938939932914
510.59071337138,211.69115566334,122143.233717661,17.1071053387345,37,0.127923307294572
559.208741155,125.03065598795,207036.727212305,26.2808882051157,25,0.185109512199471
345.805375000183,284.493841530383,231868.514677129,23.8114017267883,66,0.312399818976722
389.116928922883,270.140021288982,284459.776569785,5.30229257573684,78,0.247332643573618
219.240333499318,344.908072963254,263214.1864991,7.79642285578971,75,0.492083474232505
280.862185432525,134.279697104626,76963.102982718,15.3514990878991,95,1.2802606099683
497.127330363825,136.043881001728,236555.149418281,16.7331925611135,20,0.299506261392991
327.453961341768,222.578312987585,184091.086631402,29.767829058663,52,0.562034721539649
409.19265552419,308.793186650482,184561.454420801,10.098228283876,95,0.191410405720165
335.340560901943,276.704888937412,128190.174948351,24.4658515262044,47,0.338676602191765
287.768380397382,285.52104920957,166186.28603979,14.7173353741938,21,0.415382211842136
541.242201689037,167.49866368277,229876.517237023,25.8870414465149,35,0.148894195460317
448.963147794899,253.286723358531,239830.948953393,16.0559653709215,26,0.133370287598539
372.319716536912,298.937938814056,162032.231642004,22.2201799949679,54,0.188273455484197
545.287582792769,323.064648229643,226988.87255195,19.7681288749704,55,0.17615577432556
236.122560902401,367.053889932869,228125.810858513,5.50543255821248,51,0.337109793160609
279.338256554133,274.280884867906,277495.275097194,17.9988500903037,51,0.525628410479312
221.306584117375,251.345421885907,156036.010927449,17.9099692233165,56,0.853921177452947
323.532313381076,351.685826772186,109808.746277836,11.0439587159862,72,0.179785791207923
519.836978089898,315.625553421543,137252.044599832,27.0710806372447,51,0.157957967821031
439.38983238814,244.355685459123,155208.599939121,17.9752266992152,39,0.155904963116952
324.089994453438,179.753277606963,99730.6073114831,9.99722126794418,39,0.720561476044097
549.733880586306,116.774209822879,79559.9704017828,20.5777873951258,48,0.245634556534624
343.515816764502,113.45132875922,277974.484977684,25.7950215585756,65,1.02187117469228
284.904327157683,192.9620083456,123234.08405153,14.8557226367052,58,0.85657617665121
535.456713795907,355.79007036127,284318.185904588,10.0470049701022,11,0.136857938970641
524.208952463227,141.2634247531,227289.756654714,18.006908091538,98,0.299240831677536
420.940313637659,148.51064409459,126312.855336417,24.2086723869138,45,0.51280853376191
316.777828344896,211.7973801764,128505.734855327,17.7074309013092,27,0.600673328505421
376.858059329584,339.14318721741,122837.183834475,25.8151080658805,84,0.177292491445701
324.756817020173,331.22699721843,160761.67610265,9.53460015691743,90,0.247779287651289
239.7540526567,260.566227714725,63328.8927781594,14.1907942014804,74,0.750031694944043
214.908730113706,359.836101782451,77725.6657065289,25.7942475297023,10,0.380186932189414
284.26012501628,247.933667009043,56412.633820207,19.5128597650023,28,0.573148500027884
468.223137100794,101.358723492189,68805.1275507325,25.0941878249367,80,0.576984363477558
288.888634772286,154.435582769602,156336.048940667,22.6485410726824,45,1.03276354313584
550.018490336541,105.628220507675,62228.8890031123,15.8957686484721,39,0.264016618514929
463.046385756561,143.239714752773,152832.285278294,8.31774743944271,61,0.41018503410956
258.712246089704,117.282789742388,262233.659046603,16.8892043835286,26,1.42673629190884
522.073085535023,126.762309933572,150030.147986464,22.5887883674252,68,0.314093035100301
437.935904149743,165.128501081932,109020.004114635,11.8731003192397,34,0.379357699412242
532.099590653479,325.832336971973,135927.7558297,15.0934620732918,47,0.148872492195592
343.000677805887,305.555731257845,186969.705422088,23.9341238819872,58,0.248337149115928
521.448338494531,217.428962169653,62278.1289363763,21.4851471842751,80,0.165475478882082
444.367720087447,172.207490469703,163180.050357029,27.6630338050437,94,0.419069817297493
561.027316015795,337.34203876401,193172.358803146,5.17336283704513,79,0.18934365496504
548.294149412558,138.763873899497,254212.164534154,20.2806602250836,39,0.187724971414805
494.839426379314,222.448175641509,214336.852590555,16.3112472869241,69,0.175273044097709
223.245013107285,266.133116690289,144492.576376078,21.5833329017874,96,0.832125979198741
311.25046185267,190.387867582602,255306.348693119,22.0632031960587,45,0.74536100844399
386.470467058495,132.274717859174,76017.0183761636,15.1111199730457,13,0.652509431338712
304.285762806337,234.288306660227,113933.587607499,18.0938341568473,97,0.64531010470075
445.574282212296,262.914466057857,189609.939888281,7.48763641560406,83,0.178807487798241
213.16702498585,204.503954398554,276521.592850241,28.869715373065,20,1.10941444083437
480.178808159714,217.654811264298,156733.378206577,12.7344434104285,48,0.140358163227912
200.314559948855,359.966540907116,264014.967442975,21.0061829984183,26,0.450461607979227
587.861489380721,299.902064060731,116029.584197057,10.2938210531808,12,0.110328761747376
384.154000667168,374.299276892363,152932.018649648,25.5892225039471,44,0.14432731843152
410.795624924156,365.551409152969,161066.947424672,18.5102775048358,64,0.164144042843462
209.542440306219,335.376775516843,196683.078432101,15.4165496044866,16,0.488449249339134
542.31383697768,377.375341247507,249423.903301657,9.47561924000014,51,0.173582225001574
524.782079971691,141.323302238875,281675.878074271,18.8894094840865,64,0.264352566910756
285.155586546944,326.507265903577,155924.796696562,7.40285069067929,19,0.284958354651477
234.292543632345,110.533706616087,161813.749303696,27.2166316966242,21,1.67711479047409
330.131534771029,337.645908904089,76568.5096045439,18.7208199269369,68,0.194913001438941
224.964003027803,358.211717323037,227772.705199087,21.6323177229794,43,0.398288257801039
232.986668959408,328.654013921701,154288.99741558,18.8101327913445,93,0.529319139110807
237.041134227866,368.599348456328,214675.267208529,13.0676947682227,22,0.300867488877069
366.06353464626,225.34184363294,201081.209527007,18.7995253553335,91,0.467104060291297
561.821197435716,327.812236242862,51021.6273352284,7.18044159603761,44,0.12979603039284
227.329321341449,208.593357434442,59545.6023918067,25.3016652141812,38,1.03304110717867
504.307482140359,147.682135134856,265938.827312536,6.67532521409276,98,0.327127750517138
201.631486721198,200.358789107153,90704.4362342411,26.6282685134236,39,1.23658170065737
476.288199814644,165.479049638209,167930.225787478,8.26016243883883,55,0.296406925259069
395.686549430624,263.316184143705,138624.981822751,20.7940339520653,29,0.198793706396656
281.791728878689,164.229719427532,189334.203544984,9.47118693203805,72,1.04356377112101
550.639576109269,388.678802343842,128277.496792247,16.199289632237,14,0.120196961254754
443.398110446047,269.478712807364,153675.051591572,5.20436546127813,96,0.184975386043271
561.916210031946,104.065865675304,92466.74443601,20.7649531554645,27,0.229658193495005
486.341738701582,360.472425825525,173507.731549074,27.5700352833123,77,0.190979730217177
280.985117904788,309.785108060379,265890.077307246,29.2103404139419,31,0.38092835105464
311.878533673329,226.466282879062,288229.861383063,18.7429211924415,27,0.566056659952814
473.653078834396,168.512868053514,102113.395509274,23.9375771088954,74,0.321343375100651
412.601333173409,295.680642087471,87227.0348616282,6.93533574808754,71,0.148221416322687
458.56785394763,218.824667262927,95028.3643714181,16.9557080357468,48,0.183639319198393
469.832134329916,165.680102129505,154311.805717431,11.1253049808537,73,0.334154069665933
360.698389827667,263.823296875726,72771.3779690959,27.7259161916818,27,0.284877437284278
581.946349230263,153.989499777994,254521.601696851,17.4085591821057,99,0.216759923199193
466.296579770425,124.678267325436,116855.802654257,21.5200286435743,18,0.419691305071734
467.553419984502,279.167736752072,157120.002852702,6.56592726727401,70,0.162499250475699
237.634183765322,163.731771980612,107193.445404446,15.9174365219661,67,1.29902547377263
362.617525351897,164.601804647932,97566.5875598365,5.03057319398142,28,0.617970496181709
580.471360524525,317.309161230598,56667.2239951561,21.5996926645355,22,0.117093855873311
325.058344029548,383.775257650714,159140.440086868,17.6388446464531,72,0.165022696041938
297.664804333671,193.284596873667,266970.498303404,26.6330583811646,86,0.848848891687543
309.174434636598,134.543244762796,109413.573789065,26.531600166561,23,1.01224110113966
227.221047199024,223.292721703106,92815.5805147754,10.0117213908729,94,1.02275921556835
367.511631857126,185.864973298402,156818.515700252,22.9749842381169,58,0.567470324845444
489.650271400962,199.911931101847,275395.635860944,15.6801721098704,39,0.16108718983898
403.650001282211,376.072629857565,138965.290144552,27.0847662406497,17,0.116988886051124
520.715957207091,245.517943767665,148125.939194003,8.8731021913777,53,0.147381567716085
240.244659218093,173.833061015221,271487.362789089,21.4640201640043,72,1.22388552456809
453.894374540657,332.673135208801,163089.786370077,12.2988218659386,42,0.140282138087528
439.860738612933,299.555932982224,204987.622384172,19.1699029453323,32,0.137499975764501
427.425965365852,273.636905400393,112657.027329905,6.32514756800672,38,0.118549226753934
375.535902964856,177.470201089003,173994.484027709,5.59610133621408,18,0.510929467966501
582.536463127211,250.094715087926,208682.821863544,23.0384758508855,67,0.185641213184927
211.724392485648,386.835820931412,151529.15510855,23.4534605411055,44,0.345093201813679
569.503461216475,363.812879103909,274176.027289033,22.2970526256361,16,0.150524843513103
568.485528539759,119.839324250017,202006.03912728,13.8236819810263,21,0.16599651209533
599.430419712552,176.685159318474,276106.641765141,10.0064195980294,73,0.192851651049939
538.342424251339,274.969562132672,103676.036792233,12.015185271504,74,0.166538313842225
568.889903187738,124.176219947501,56115.5256221196,17.2452343193672,35,0.162003920448386
251.147806206404,296.44001228815,125680.456394518,15.6506502310557,10,0.480095579793744
542.498921526668,304.303589172458,279103.737369474,21.9489627741231,52,0.181679847821963
290.264052241684,218.091846501373,253593.771488815,7.26036694820369,94,0.76106508787628
404.88944753828,141.645147566735,199688.151999768,28.0260979122237,47,0.602405752536737
452.26235741781,112.16164392232,215277.410094561,19.4964800858739,73,0.581907503396476
363.949450521916,197.592092139094,276915.123932129,10.3676208438234,71,0.547035952838075
368.703378276348,281.280694910253,258744.101400385,23.1363669549747,90,0.28894697562648
260.641280304878,256.271304149778,248792.040295879,8.68996450480228,41,0.642669520173243
400.352178846327,272.5584003079,58873.4685612568,8.89834845637683,30,0.15313806877982
484.500990164653,234.491539734201,181199.73791991,14.4850985262469,88,0.187937884227652
224.816967255224,148.854596555118,165052.326419569,16.2526534555549,63,1.48874706959631
330.812280415444,158.894757107762,296338.404849731,7.19693292850753,57,0.817536680394612
574.402502231988,370.901265440412,174454.156596141,8.20311654733185,77,0.189171598067842
395.087347551034,310.55828211797,91708.5003160921,24.3699617439234,68,0.155992135051242
521.267011140407,314.859879950464,74773.5110697014,23.5083201528623,43,0.137240088465999
225.165947880538,236.218485418986,79424.6083071857,24.6603920812674,100,0.982325864516652
488.187091969673,128.506662931738,264501.71524036,20.6385320802959,61,0.39844241639755
571.747210099305,292.14314243675,147442.404226236,25.2636979419411,48,0.158757533059478
483.58900210131,326.821862799169,190199.715136107,18.7931050213629,18,0.126167409400779
250.89714842242,275.558362586473,276955.963008491,20.6162939117716,81,0.660817174982669
503.154921825549,384.970699617449,292901.743610653,5.31064163624562,85,0.210514711669707
362.18006265582,254.295388056199,272947.60077853,26.0308947476746,69,0.365930502470377
417.964654944011,233.581086265249,189499.81137478,16.5051743385537,16,0.212119374316495
507.792258493699,371.79865817991,88840.4384272897,28.1785221855694,74,0.17646939046965
230.242693833191,117.89756733361,107238.342823417,25.4799904048291,54,1.70896548236569
513.925558155395,184.905484131305,274248.453438344,28.9301175114807,23,0.144533272200379
360.128971115627,389.280324248469,220989.653831912,22.3936317725921,15,0.12333347357793
547.678152159799,283.358843032034,81665.751928652,26.3151958448032,42,0.139222641448414
205.663791285719,139.805637265203,169788.135164509,15.3126900088925,73,1.73437162892135
389.367057526653,132.100804426334,100534.484633083,27.8545916611063,64,0.720714196011224
542.726336384592,352.876622581191,72700.8479272085,6.84703101669466,31,0.119939804746541
493.425093482408,251.52710432135,212107.31197855,29.8001082737474,41,0.155382206752657
579.310751513309,247.557677168072,213895.134570903,6.69707477031109,85,0.195578531684327
577.786392845269,394.930691847489,80263.6462753411,27.7351086969506,86,0.194867080179566
546.691902785584,152.462948918803,218169.490971351,19.0399773767523,85,0.200163556297555
331.402573145913,231.435680529959,186874.333785044,21.3072987750122,63,0.523507940389948
291.238505704881,346.042092987258,193562.514376903,14.8987536461146,45,0.247636644983746
284.573424574138,377.743816858534,133349.249325796,16.634935526543,85,0.218332586845844
346.212426207534,200.195803992688,161506.281058413,22.5463946296468,79,0.612367649799638
203.633012610924,360.597122028033,69134.2008468369,16.9257816529173,45,0.44950057547561
512.946613879966,165.283365896312,279026.575835575,13.5720028985711,55,0.213968691019964
398.306201807969,107.948176759823,58423.458265087,17.159520203659,74,0.801756737683854
576.240065889295,130.526770262945,169412.637063943,15.0786037669099,89,0.189390294541693
354.339660150541,201.444986790423,199516.725078573,11.2499389031547,65,0.555248897019112
456.410627845683,185.796145889452,99555.6210533374,28.0038181412699,23,0.260693006659752
479.602647924651,246.635122419927,297780.228552163,11.4160377986299,85,0.20344290696097
296.101070600689,326.763871553982,61758.849962396,18.2450878689116,17,0.25409268911228
206.154834903729,253.71170453953,64916.3392634147,12.5037105110997,20,0.854778029563231
203.575675300005,302.201977583893,110284.541010591,7.51394743755572,53,0.681476212415563
370.895375239864,176.626587309507,244824.726050499,21.9207211661079,92,0.637321759350192
450.849018533802,210.551394089577,261103.944198991,24.2758279889915,39,0.228026871464154
230.948406157606,270.316478194364,120450.189441434,20.536152934524,94,0.775597364924975
428.744880697324,348.885130742138,176687.169621633,24.0733035870268,33,0.138625011509375
361.879799794226,337.550663511234,145985.815673238,13.7766202180322,84,0.173217524875677
320.47894891929,181.025005888245,254139.516916958,6.87567619278944,53,0.750288135017261
416.558972384673,208.142092105212,116935.552741415,26.7420209991308,43,0.322159985869386
216.686093809494,338.820690268338,212736.790567212,28.2005833204697,41,0.491906520770901
423.52012938348,253.588765549821,177394.181079439,15.7595962179068,88,0.219689936078029
301.369731968735,287.459796717123,264709.233786105,6.11213474323201,18,0.363747374001818
309.279508581096,301.389318442924,127583.084181162,16.2387254431252,52,0.335959205333862
555.012570967823,249.560135442196,119243.334151899,12.0608275643745,75,0.170066768618136
415.84304057704,308.170580534613,126424.344970109,27.9418015624986,64,0.1600535085576
427.894249228381,351.964715604062,149441.1313465,17.6270541947742,29,0.126487880186882
388.777858699678,242.295312980624,153714.140131776,26.9398513965883,63,0.317895443639718
452.827295067865,306.978442568315,121780.938042211,17.3568751625262,21,0.112706432098144
435.114364973971,399.137786343274,186645.237016938,21.1862611035585,59,0.169251425387429
579.138256033474,250.923107964998,289682.644389677,23.891083036353,54,0.186367686551222
572.579541651077,205.677817997605,269706.022436828,25.22026041431,93,0.220039060661395
268.326136674011,269.835229462669,204587.012162735,8.64896436240079,78,0.605732578763394
454.669728892772,185.140956404722,270528.816939164,23.6003046772829,24,0.274508359360758
214.977799390298,220.363940515982,155701.387557262,16.5224337099155,44,1.0326401803591
338.264856724798,325.275862090034,225031.826051748,5.39957724281314,70,0.210696076079486
262.496178760315,182.154722095158,218708.312840533,28.5247530885065,86,1.07692233693436
518.615446717036,260.286029688927,243539.117701805,10.8315445548031,24,0.135826609719858
293.274788574552,385.256974682574,64971.3874808152,27.8704878267435,91,0.212142701264403
433.941554585576,289.280445958324,99793.2427616017,13.7052740387853,68,0.152213101863641
244.753571807279,350.154544625559,169588.092626724,23.8199326643269,64,0.388332381941831
245.758082837767,193.105430340822,159167.054694972,5.38842416296978,87,1.08473872798944
205.11559655379,363.272903983961,82593.2735746932,12.6968134486617,56,0.446636006127444
231.859230588778,272.619769799,68652.1809588098,8.54329305711021,48,0.689124197548689
597.931432997567,234.694889163829,156780.96504847,5.18693826633454,46,0.145908016660858
508.272512020693,174.237386152219,84227.0310516633,18.9303199339268,84,0.224057144529797
272.896492484006,206.519088378559,236997.216154252,20.3233069358742,14,0.786702918397103
581.804726887276,118.274029570628,111529.284198858,28.6539827267624,22,0.143861558199644
501.96653664332,214.693931074008,218941.583818879,23.3859003454246,68,0.179027342715984
212.2909579818,136.682206415622,272600.515988339,8.40743396640267,10,1.57409186279418
431.987741122416,306.778210403284,134835.674193911,25.0174264009101,39,0.135657588318918
204.328431884499,149.231739452182,143741.595150309,5.34631084075683,74,1.65394228983358
521.773981703868,216.537508110321,271736.906221568,19.619592148949,72,0.191976681709063
313.072142568435,145.05928082204,244573.309106843,13.188304570404,91,1.02487604518503
463.715571249514,226.846540210552,264424.160756358,23.0100016122159,73,0.189074899077484
211.45939770081,133.057393852623,175851.938504299,13.1191356722775,94,1.7855337525306
330.647617187353,179.953684771122,142445.214281452,29.5131227941714,31,0.697565650379444
264.58606399534,132.813406633929,220265.000055809,9.50604471760638,22,1.26083571220666
331.832251630945,251.017838559973,112735.196510914,23.0839100103191,37,0.419230138833053
528.449393036019,202.06697787033,193280.558739292,20.0741560248272,28,0.133438557504298
566.901262968578,173.391799576445,216149.830673839,24.4934609091535,49,0.162819314218731
577.007685908606,232.742978468516,169945.563990272,24.7935022905894,30,0.140469473851045
519.960862885412,194.899521501608,205514.307657927,28.0923473288967,52,0.16323860320149
379.496648847389,242.528040830272,266717.527553554,25.3945187291901,42,0.323425194001877
345.935457234617,215.746586653201,111584.514235667,24.6860908651526,47,0.512796879694174
437.653159687746,331.647135498738,58005.9641628805,20.2373752671816,64,0.147681443042009
223.969241793531,355.852343314765,269641.106404982,6.06088342752933,75,0.438775393688246
559.772653600144,122.847540205715,203714.102632858,8.6650504548242,13,0.166985045106387
403.092675922703,263.149414872562,197815.937699267,11.3481232863043,12,0.161518506182674
590.809261696655,118.665832766396,198281.544152945,9.37250193770578,72,0.17360241876697
272.641319061206,385.747475034835,224392.018777393,29.0753698440949,77,0.229387374751218
428.684856938904,188.269336973879,187404.084990206,13.1237509987902,42,0.344699041977443
584.649997828619,284.156050514141,247987.949055346,18.1304230033995,67,0.192103553031377
323.077140279279,156.881046607373,155502.713651445,24.8655898089585,20,0.819492033659474
464.080040557755,173.729706392592,197954.469869975,5.33281772244395,56,0.304801778002621
404.52200536064,111.192537520037,220383.461954604,21.6144572981559,83,0.779379780928753
575.981098707305,264.685719666773,239556.572707681,9.04710057607934,29,0.144739244178241
457.837043614166,125.281256850762,161493.126413768,11.285941796576,56,0.485407653937819
504.810811995889,203.890773288294,88702.6560826846,28.6276596572545,93,0.185941471241276
371.512456230235,238.688574276909,142053.190563199,22.4245771116455,32,0.33814736570605
357.42454749586,332.121788455727,182333.986441145,11.325592192604,59,0.151728639490702
274.289314788259,271.077995275113,285441.242552262,26.1683965257679,50,0.559161713238481
312.115366884062,223.510036037059,247417.315656015,9.90966383180074,13,0.551453279505164
346.408353771724,316.237054138907,283420.11510807,11.2090622639865,44,0.194190535845043
316.105337349877,248.505621369202,269276.91636363,23.5892552700682,43,0.491792643898898
435.388903452817,188.967383997265,149083.786485349,12.3521333943079,37,0.315983617407425
304.103358558024,288.832681375957,144515.090364534,15.0504479546253,98,0.444633145704804
262.368737106959,282.708022907693,215014.238392233,13.2531012418126,86,0.590225731309521
524.657400512766,203.357392131807,139538.39644892,16.4571797864816,10,0.103610148174334
377.652524654551,194.024989934524,219266.453053397,16.4486175552146,52,0.493632287200617
433.312724621474,255.291231942589,156155.604298122,12.3701614033849,91,0.192356153778652
438.506428256635,197.034139467392,96304.8295279378,15.3250408138705,69,0.318036504103176
550.362035815405,204.833202939525,237974.474204339,6.99057487421391,56,0.164738728492437
430.317833538318,170.533681918166,81384.1738156843,10.8993586539677,90,0.448038260630655
313.86630552108,180.197027417997,88118.1827385176,10.8163935837951,83,0.822995168426061
597.831174072324,215.653080890421,109995.878970062,29.2840152457852,75,0.17950715848982
250.831578949058,289.617025076482,179661.4210052,23.2534712030499,52,0.566872588798045
547.5582069847,207.145351478557,211025.875932821,12.9582385303606,61,0.168418125251543
481.790201466894,175.689214653612,82354.5107138552,22.9025134135584,19,0.217131354838453
252.606086538979,399.91200907658,134900.624847429,27.8451423508513,15,0.169676949345205
340.972749782255,276.252158747895,208722.90712856,10.5166328765359,29,0.29976965525133
588.522637526099,307.683202613355,148866.00169182,22.6098818504486,99,0.212296214514461
485.745234250034,385.180402975421,84444.289571258,29.8072879428698,40,0.14070064841109
531.732182733905,219.403025404111,185290.744666522,13.3665162274625,70,0.172849067039526
297.557066347948,120.225609207554,213235.43385013,29.08880497569,22,1.16434708286163
250.260687841876,170.191198252461,61248.6100053509,8.30537789912162,46,1.13870601434543
586.560854185612,302.524663450191,174588.189137764,18.5448851335946,38,0.151499471630466
409.399574424085,336.788627797433,160176.755247787,28.2592040751775,73,0.176507220377483
254.281022184408,340.607583096646,51982.6505713579,19.8066681388191,61,0.380293674219473
436.043807022021,284.517899057311,162284.409607147,16.6165806891176,77,0.173554313169906
505.623962465974,196.307925014339,190687.069415131,15.2805742653621,67,0.16787367332867
286.391953062341,343.050825377919,108082.45769913,11.8830999644425,49,0.266877357126704
238.117079648767,328.911656979212,58090.9560044523,12.977573021805,25,0.421074674329585
526.574212901365,276.88443066057,81175.6830357598,21.5380947449813,19,0.110659844268175
455.071516341355,219.728071332693,291059.114741229,13.6100167418587,63,0.21387094932451
221.203620982626,390.178115101232,150968.927276672,6.78515772325685,93,0.353217525340701
290.323099870692,134.627683959497,110648.991754705,9.03776426987218,22,1.09738821986161
430.723408942596,380.777960011061,184985.662103755,9.52676131813379,20,0.121070026540994
588.577007057733,287.838520802856,250168.013778648,17.3190737513586,71,0.196723436045106
283.297636215195,269.75696182392,159001.811807203,25.3269022191836,80,0.565407631344131
285.300115763953,358.858183867478,264758.591743458,19.238175215494,34,0.221612864763276
410.875183895596,231.195831310741,275497.559165229,5.35797773767437,73,0.296755105420912
561.687912457948,353.187076948035,209219.452780624,21.4679384611314,91,0.21436791194625
598.687824349337,220.753768898958,189146.45193533,17.304378058344,94,0.206336278800808
211.578606115106,141.744180869236,55141.8794242282,5.35361068675274,65,1.65085005707677
463.179837444678,225.905921903972,199009.672736696,14.1733165301458,95,0.207118444814244
259.982716441589,392.83122324691,180106.383827782,5.94736776033498,46,0.193518075481822
321.638119835638,276.437215313264,100694.459593637,23.2889989713423,80,0.415224146171856
205.453141320597,316.902914777001,95328.4388823816,7.26957509404068,41,0.596350126801002
366.859443940838,267.9778497727,289241.594702151,5.89690545284569,82,0.315144587935324
439.579893271278,197.955600325904,249177.185587843,26.7247381572999,77,0.335295268941276
203.060471842083,271.310562990787,105016.858190315,25.0324606381216,13,0.781685294829188
379.91811979693,295.91590028612,221278.350640389,9.87906015957697,29,0.148869594431875
331.554466640877,270.224467232592,174125.251257289,20.1104767906692,26,0.345165740555396
201.836023268036,266.049144106159,260550.029293531,28.0652691570985,12,0.816747637233577
395.494276142889,266.802266712321,96214.4241569069,10.2649820945199,82,0.238162072582539
524.466424467388,231.517491515702,73855.315499111,16.9665912505009,32,0.117043167634971
573.632942737389,195.747271016757,207089.22602224,17.1983492889385,41,0.151179111804939
495.195819540861,372.395002355234,58848.3229701007,28.2145280418491,67,0.163112019374768
508.96232697714,288.512168173359,271757.344080053,26.0911830998379,90,0.217534808227224
499.90821659899,269.983246296453,286384.630062314,16.2001862731733,84,0.206451854248105
303.462066731342,277.620152615514,166780.851627672,22.8233500675121,27,0.406290453518049
348.417684508673,379.053697885033,197484.825347785,16.6534154396062,24,0.12367542516336
378.066702475198,263.108065989183,200995.997099815,9.53932292931914,11,0.220279950916727
294.814096034337,270.762620999054,139485.088352262,9.89662994153252,56,0.48277911473388
344.558138970154,300.184142123319,75491.1443650992,18.1208273368829,46,0.237255131078865
464.267198800527,375.665661713397,142361.275591672,26.9747627385795,86,0.193571154754044
278.052154085912,209.716234766895,160475.846767126,26.6917571021449,48,0.800052309905606
210.068991159218,251.877390609733,299589.130368785,5.25635665648157,79,0.929042503296772
411.610130365993,303.054252843593,241755.178190645,11.3521837507392,87,0.193502766002368
465.143565658208,198.218771121924,294905.536866911,26.3835513051444,70,0.263069367821616
375.851993472898,104.407718355841,206543.730224018,22.6689193464334,45,0.883841898546973
329.82295785593,214.60042167825,148974.301794771,15.2047508677103,73,0.600498057237629
539.392880960275,325.75359722621,155180.501946446,24.6190933699142,69,0.180531968135334
482.000970054253,342.695234700534,220190.978755467,8.08512404497644,12,0.120199245347447
423.858325752449,103.061262016453,247888.054629884,10.8570502659267,92,0.744174732315859
372.828060259763,305.894323400874,181361.034348306,23.1541902104619,100,0.218181620827384
481.095883215371,101.664779355684,51532.7606412804,28.8466592338752,16,0.455240328437084
562.190902291034,330.98226306886,132415.199713759,22.7564083011164,36,0.144240728309051
394.059370782607,396.983079284561,231422.106829529,7.90804260132837,29,0.135095424981303
430.96038628201,381.412881146456,73270.0273397594,27.9873089136969,64,0.157196696431527
461.630944161452,342.932088482384,78231.6151926528,7.42809479184949,99,0.182870080208658
386.281561053747,219.267498548747,281979.67780997,20.6436992508894,36,0.368070026922513
399.207028086079,136.618085156011,52537.8158146248,12.5630787531216,89,0.683803386551815
217.956447661228,242.928706072773,248270.182691155,19.7856507809341,29,0.875746627097126
570.026615744192,286.287641409211,135799.041994076,17.782275502465,95,0.200262150960028
580.230772255996,367.30485849016,257504.790117386,20.4382684992471,57,0.18983440914229
574.692940839599,395.604140412261,129491.453207554,9.06202817289375,83,0.189766027183785
227.743302142353,290.946041556942,210905.779166932,22.1388301545315,50,0.643806654252651
200.211627255783,315.674255617575,228055.374230819,10.6734891638445,74,0.671128530271659
225.411736445497,379.24990161376,72225.317814759,26.0838844861039,44,0.326938064652936
428.478157715944,100.971288132647,255012.820885878,19.9455685304379,54,0.691718178957018
371.827591950623,136.724749427907,294539.014650941,11.9712494276348,69,0.770215615865124
596.288324366677,361.152411309276,66474.321508279,8.84098937616818,39,0.133517455272716
515.092715628631,220.209385121148,115787.643867404,7.30887385800361,37,0.122455315396178
468.131642243735,253.942926422624,155035.826976698,11.5694946033543,85,0.178621042611064
254.615030542846,269.031070677485,57246.0475990427,16.6051776609046,12,0.573751495219691
357.124312716334,382.679070417244,187832.383340906,16.3376822441973,48,0.147448224720195
551.465350412153,339.837985031844,122337.293717584,19.1046781746879,25,0.128885412170409
491.683022367044,188.435023108657,226337.667573952,5.41504625657321,54,0.193651215995291
211.922318356664,139.48930940951,202506.147901792,18.9265268226577,78,1.69546103219557
332.463064237589,113.750079281197,207504.787524897,19.6145010689556,82,1.0982268306311
454.4602931844,144.119910842743,229523.273086073,8.85649345351183,26,0.395267669180202
409.740934505695,111.937356413626,227822.669825613,23.7386501796231,22,0.674870712779377
594.727657618966,236.630628277347,103725.55964189,29.6768704700701,80,0.184874588896489
416.570002241883,119.6342883339,71426.6618060792,19.3157773526272,34,0.623781583385662
470.583480046051,109.174061034306,108332.891369359,11.7017240199365,14,0.450102807576066
514.313201732117,310.02795083572,269784.213341483,9.9493963010894,19,0.137596874545552
329.05801415457,334.898518082327,57176.6964786664,13.1337267288269,19,0.154616086070094
553.60315860565,308.995728095182,271965.993090461,5.57082774226048,87,0.208658832088094
206.861014783626,363.295086503234,108526.002642225,7.81229606477465,25,0.401691001217158
586.454119255462,387.157859249083,223536.201423708,16.99962234273,26,0.152292600269331
419.46912800979,371.686570709507,88617.0464011927,6.01097279388063,82,0.164569442129085
215.07865934928,156.532041742686,92715.5834659922,13.2248144941826,68,1.50829197731804
442.98274347916,291.040190157535,277757.426888275,18.4370729205736,69,0.187114935410317
285.798166299226,334.175838869169,258317.999437528,21.166141560272,26,0.281871775214511
548.717129949949,169.307988438316,74220.6920408385,29.6417789741257,72,0.163055789529101
374.004197300013,179.205539985169,292307.548602285,10.5100941165808,52,0.559967310830002
426.901442135359,212.470619935797,124127.983882972,17.1821806648667,52,0.286149032504644
579.683261887445,186.741536188663,82090.8009872993,17.5575062568515,82,0.171971641373636
259.470144616003,393.85848070906,85476.7957273457,16.9786105974252,81,0.230358708836483
268.968040109968,318.790429778955,276013.387219531,29.132116015915,85,0.450459373332132
250.642801363029,395.667033767867,98142.7953004663,16.4300653622236,15,0.1770971867833
256.265947248466,328.791272910524,101276.350345461,13.2327713857883,41,0.386749057968376
426.278519757914,362.732956106857,136599.402715919,7.63807678767449,68,0.159334168691419
249.562003654301,106.836528120448,181118.617406272,24.7966259792764,27,1.59452792408794
341.517053821306,209.292488120857,264379.562948593,14.6085696265022,32,0.532444156930472
252.438537316932,123.989396606178,100585.618488294,25.9197425653153,94,1.55612941007632
390.361051863526,198.733236165955,236199.692075714,17.2063698105252,64,0.452645835279224
214.469536262477,380.52888403485,221349.33927021,18.8303297553838,66,0.382542429025686
348.564564113414,399.290809199315,157833.205431076,10.1077912014999,94,0.186346761624475
558.056962069273,315.7632295442,242692.231400806,29.1530389151291,96,0.226600485127815
374.963939592324,114.145422963573,143894.31315155,15.9244021365156,23,0.800654560538457
538.164079131012,106.503502847659,236620.548825566,12.6442038342457,56,0.318204956631887
278.949976551693,148.162081587226,68751.594078898,10.1612435660347,49,1.12098306063955
371.588723227484,259.211170090434,170213.410597065,20.3350652750487,93,0.343544801721679
450.965148794473,361.541319348268,228917.223763691,29.6693678604453,59,0.180042449958294
204.740539583609,252.755740481613,137551.522965745,28.1201106845002,11,0.866465709288809
564.737508575283,189.590643556431,176623.613471073,11.8011244323541,82,0.18380261135443
599.783045271456,310.646918387635,275221.096112783,29.2506362241762,47,0.185453783365705
284.216447684287,102.624446996088,85889.3608261183,20.7857849573436,58,1.43153842286107
272.508398278448,263.586917928321,224873.518714444,15.8067897974704,97,0.645075927322978
464.079341157071,215.900174911502,55168.6840295164,13.9362485705801,37,0.162984597273269
273.258973552577,145.277748486583,204251.751303106,29.5800742518422,40,1.17235097266454
456.84780359067,398.768674841994,268983.231623689,20.7775889853268,57,0.182959544255571
477.162478211926,147.075108213222,195346.813724871,15.995977230333,86,0.39206608525605
415.27543675718,396.479002441198,168556.058997837,8.7573248272022,17,0.114421533212977
299.912483887228,184.87031563332,99421.496826138,20.2217879779582,87,0.874548129804778
558.521445045578,142.300664713394,118255.840511403,19.8662475433076,20,0.127712069991911
321.47585360288,318.753486673799,290689.912561733,11.1790166661793,52,0.257503248043811
414.957889736568,310.252701067095,105393.411306959,8.96168484364422,61,0.143088153503162
305.446833171544,335.941759983794,91975.1640747055,18.959835432913,60,0.253000182517466
544.787144407269,164.388239696506,167215.141689215,14.5634047837433,92,0.190487897623583
416.448808802787,373.884450802713,129394.080851014,25.0541510495008,29,0.127538665398265
549.428136014236,229.93742656139,174953.803191942,9.48219147438009,70,0.171249944545525
381.448636030478,260.502465556178,173557.603566326,12.2525154085939,86,0.301117145778211
292.965043940054,299.410376972097,269338.926726336,27.0896392538139,58,0.409356303285308
437.252880378048,374.574206963033,268251.83596163,24.8198876901676,25,0.148924560433725
319.802039887763,124.647705854368,97676.4717751286,5.29451213039492,32,1.01139861585978
507.039865395619,281.555233481876,125764.358361222,5.82232919534008,85,0.175807106979888
301.738506721507,169.446038181753,128061.030117336,5.2248755585228,55,0.887849470546539
434.304071075596,387.303325091424,227205.420254747,21.4731510720017,82,0.199022263252855
276.29789681884,104.691141969079,257191.092855488,7.51653324779752,76,1.48216952521236
557.024888526508,306.211146649386,229024.408946346,28.0145574004944,28,0.153308197331317
432.612386824029,127.91985161117,106681.829004228,20.6837903545192,85,0.599851201391619
480.142543677,101.960421793918,172481.773006121,21.7468656527543,33,0.478618885621161
270.08516999755,194.332184126315,185313.196457196,11.2309096536458,24,0.866515205376121
515.253816621663,341.318027634492,181617.567855261,6.49707224581148,16,0.119744411407606
316.802654705992,190.270014255262,251065.943464077,13.8973958641712,96,0.786325056444257
344.961324752933,389.525009072071,123728.189792713,13.0193757072365,59,0.145317680630266
209.634536564734,286.89824454659,56346.0404810181,11.281929141901,18,0.677201047082273
229.432010117679,365.580177232309,282105.828854405,19.043997985165,33,0.351014412864151
279.13193636776,298.7744594125,98406.7402862555,13.9289097979707,23,0.395911444524602
241.208305005468,317.719956054802,72914.1248323196,26.7155295068822,100,0.55235399182877
210.440207843247,189.503900917392,141137.366260147,21.2638248224302,84,1.32481900243562
353.810335113065,282.272858887674,218023.214366763,20.097932518789,29,0.254391441995859
511.097226461976,398.025131529077,257712.92476323,28.9581240136124,78,0.211830624230616
305.376384629176,216.184309848497,223737.002443788,24.9730423138353,57,0.672526837582544
353.857132567055,178.418767303417,234868.218346796,21.3705687220988,69,0.662159949208609
421.565682921132,210.172134964758,219538.965975897,17.1201320300113,29,0.286271237788502
351.233519313105,315.98134380261,216025.963578237,18.8385424249733,54,0.194479103741896
583.477749644277,137.614029881333,261408.088421848,8.57086250090646,65,0.177359558534739
293.501645690275,350.710072205632,97424.7010123071,11.3046312412679,58,0.235861714811447
379.80294172146,158.213429860427,67415.1166124846,26.1203803431197,78,0.660190982061756
545.008109218058,278.983632202031,205666.895663011,20.6706017353442,41,0.155746378314989
331.358409773935,137.269498372416,229652.845103626,14.2734038108087,32,0.892522902197117
268.76449104339,203.76510342201,56294.0914833055,18.4900790967559,70,0.894974087684163
566.344310212867,172.345705615391,218644.865413002,9.96563461228044,69,0.175668983613123
437.066833415604,300.929622267481,145348.244271037,8.99724973069215,61,0.151298064398751
408.383321045894,279.536009244751,220866.760333598,13.9423321994046,57,0.158799281463681
256.131988383878,187.793469271883,194397.826625812,26.214486839723,63,1.04083380953623
232.131882518603,357.996693759228,138401.476082486,6.02986332282876,75,0.401052193043603
573.271932166486,390.692232582353,284747.254377055,25.9012105980249,12,0.152312357911965
234.881356487938,273.035568674391,80188.4457327523,20.9735553188365,45,0.680356849658921
395.775242696107,117.380379415226,107118.090097117,19.0953335768137,12,0.68484200477067
506.036601810505,312.369201248806,100229.540287029,24.5952197251873,88,0.18671293038304
491.553964494102,398.606096366727,76817.5122621402,28.2405267790533,67,0.167592885162131
465.473865845182,379.702579523103,109080.19953599,7.66960834134924,98,0.190011536400388
214.223714490216,154.683285510945,211944.017783182,18.5500760991712,68,1.5282879643404
462.397468227306,185.365256360821,116423.109532874,19.2289489077172,33,0.253350537599997
273.870069377777,208.985184328691,150801.924942539,13.7707039215662,56,0.823319866270279
428.209114011379,207.519425864242,263896.752812168,27.8852219091723,97,0.360303510030259
451.783017036604,215.437384231987,228507.348371747,6.36685787839398,39,0.200631437204798
306.909480929644,307.154907844667,298407.33611723,6.50857599945427,70,0.347527369172513
383.595631827176,146.332311107925,77654.3634675253,19.4258449726716,15,0.608778039249949
339.013378187084,197.915331337084,104753.426323449,18.7026454782446,28,0.577266961488662
584.19250760845,303.193832814628,233423.567689891,19.6840316171416,39,0.163015337927146
541.38093402982,116.017500742867,119652.333161982,10.628737555501,79,0.299404137873929
292.161159158958,280.066825351426,105867.418826701,21.7590244521631,46,0.452434029121237
231.529247589042,282.617777302373,213905.964385864,9.17073433966025,76,0.68927834127615
408.202146601713,153.799479252062,100380.537328158,7.98626447064511,67,0.55121406687687
333.303115502135,369.302958733779,61916.7188221485,14.5881461266755,19,0.1075610105245
568.669957702158,299.486492550946,103640.34293294,16.8090927026371,15,0.113090642844089
305.273488719454,135.763277055691,76871.1634536959,25.8528125846292,45,1.05934359366581
307.370020554335,228.417262053406,87298.8882979297,22.7535071817512,16,0.555518031379875
335.759705379218,393.217386378516,216054.778831572,25.2589878497472,70,0.178431614059145
242.45406154556,392.393282695267,78921.3097340769,19.7804160965038,19,0.211563671708069
410.284771673106,378.110247362414,156686.549769936,13.5544033893356,54,0.15123508862188
310.388183640055,346.567765403888,263625.539741043,28.781259124664,38,0.202766944751557
365.052572345958,183.474113008744,70376.8843347484,16.9611436413548,62,0.583463150692684
444.121103108811,355.286774598616,155594.28297748,25.8964533519736,20,0.124516983545417
435.524348796019,259.929919228729,298870.06396345,26.7018490018251,28,0.150533980002468
328.283260747103,356.372224629645,256104.826198021,24.6967808002465,94,0.206427301622717
263.458365451158,341.98249758425,80429.4189309303,21.846792874796,31,0.31664381449942
472.275521738689,347.738853383793,54715.3057462522,25.4655013307503,70,0.160290866099484
209.224878821488,112.411451997944,126455.667415133,14.6434926978337,70,1.97364000101595
488.64525000146,322.217632800266,270832.552510541,17.8858275912739,37,0.159032783920818
430.237885370823,273.248439917754,63651.685417658,11.5442138731606,97,0.186368582466501
372.123309224113,134.044189434949,113388.114849254,14.5396531968717,69,0.779462816368509
293.80016147991,289.835228266236,267681.746114028,14.3078492242203,65,0.438758290990451
541.061188299134,399.632312390413,173845.984258967,21.3241798571485,95,0.213556369435225
235.359194675371,188.23692124325,79937.2529610951,20.6935507798153,56,1.13658857490354
569.973044674354,366.378717920798,171612.299127612,16.391702472841,21,0.135130490131193
278.339938585777,241.558509993446,105073.436550709,12.4250622533293,67,0.669458949422698
289.808629751673,303.362151093235,71807.717827833,29.0524862841267,14,0.34656924697178
484.763552394882,263.623788576612,242835.701515583,21.6905007463109,93,0.209451961816179
599.672322387747,278.333638503412,196307.735867707,17.8679007847148,41,0.157491015272481
292.794345572352,278.577598749566,297538.395861922,14.2430090136163,84,0.504417930465628
442.538174038794,263.435920331361,144885.146049177,16.3205724039029,74,0.166546587893503
550.955797949737,307.334968052045,173425.033418851,19.763458101485,82,0.194127991327378
364.341625150682,330.845206812621,86213.6202473742,25.1627912703259,77,0.176251634395299
470.643948407938,213.546457821887,256201.046829327,8.45481677170279,86,0.212845265411691
238.99400628463,121.176346613541,102261.712026833,13.5902756290601,95,1.67365258362946
297.255025729485,167.651421828868,115115.055070007,14.0081312051898,79,0.960653055742244
596.87217960257,155.146254104401,274589.826817324,27.0423065951503,83,0.210482183861764
427.778159241041,224.088349417837,230547.862008667,12.9870316483155,95,0.299748265127758
403.404200217796,319.910027782429,149896.684916284,28.3172984963495,16,0.114778465393478
225.677898481249,336.63580533036,67171.4692927155,7.04793548321088,92,0.512724339258688
303.892497753394,285.963503075335,161135.734584517,6.27914182685782,89,0.439634044212387
514.149980890117,149.478025564774,244150.373305351,26.5167266590351,26,0.229259452377914
387.924306063186,371.906220851604,291319.035536277,10.7852562300364,61,0.177442074915482
487.852127899119,333.400901264268,52676.9001353874,6.13727507385109,66,0.145749803164629
567.963488929748,323.403960174943,97464.1800474605,27.8999782180075,19,0.123700920999648
529.266524611939,288.560923703847,175573.955788515,21.0933916182284,78,0.187937977414995
273.454910529008,171.011921950509,151158.826356888,22.2439334929672,18,0.975348261048602
477.712810816949,328.511430138629,284693.337593868,7.10348394324918,33,0.150847544226766
477.541247774355,337.031344374991,168777.451769265,5.36751458417733,76,0.174689428197925
593.204077573456,140.097320040015,270168.237415085,12.2001471739839,98,0.215658330225411
405.579767690056,207.607485929967,238003.883963665,14.616630981338,18,0.324284289411859
382.361526405598,153.677450909453,127948.979143034,12.3280250979729,13,0.57709782726015
484.901576043595,102.187250583696,118200.071223235,17.7706899663178,18,0.439536501907146
527.389912935798,135.710199675798,112243.91398794,8.52089119452391,47,0.240888629074436
434.47545885963,120.443746275827,255060.023636424,25.9392684868987,91,0.639251519422415
474.207600790191,200.576263538369,58667.4307635106,22.4428318448424,73,0.223128769265007
554.691004679226,197.258588996472,86056.162144349,26.0491582501678,53,0.146041954305671
518.323027775656,225.851770407589,112359.923396398,24.1298864437411,58,0.153216345973223
260.363326686672,261.412751305383,175953.163709265,26.5736540994155,44,0.636435474679205
548.131273858383,114.451760911506,154921.423290657,21.3820800488094,64,0.278201617448946
413.603176770582,266.380141937012,130721.714844797,5.89140304405078,73,0.185729745211237
483.347428773965,328.457947203815,293620.250994918,20.6869030111626,16,0.142886440059425
574.989092582305,295.305033605037,176479.600858592,28.3965652896686,95,0.214039527138533
519.171730332108,114.913608107412,124648.697401597,26.5241122191479,24,0.310052449643579
512.821293148362,302.883076399057,267345.410743296,12.3896500494232,38,0.157359493594512
444.260866154782,169.001985303034,264050.974927265,29.7450560339331,51,0.386247462078738
578.03610876729,161.576748733354,91268.4369594838,26.0295473553461,12,0.104692683775701
333.52857846424,126.279397734581,292628.457601602,11.279574354318,62,0.983714668675267
339.769887317004,322.527740096192,217240.016915644,27.4945026533335,45,0.199980497774982
595.148175327382,321.982465721478,211103.120440011,10.2007894889867,34,0.151133810855223
567.716478034153,232.023592064986,202851.18226406,9.34042492817895,38,0.144953916450917
292.852461849215,133.12636466035,179749.11260591,14.1243575843687,91,1.20681160340673
233.80418123926,197.84644334182,133297.988342876,7.96643954585963,51,1.06750944045945
450.200912132633,124.808589845351,78837.0687586028,28.8037212052567,31,0.489062549662903
387.534597152402,378.284339352659,113261.402837767,28.5043137804122,10,0.104908747192299
468.64469571012,381.91039066342,51779.0068327921,12.8508097295682,77,0.161994930874734
331.095784417599,342.423304897788,270933.327935055,18.6833126976665,58,0.180225836371568
528.752346099712,140.646382326644,239048.808309179,28.8752777406745,67,0.263109850504294
413.050003828023,149.437105070229,157452.236574981,12.2915250872708,81,0.5740035374851
593.856399654162,309.176843328348,234154.097548812,5.38377443372647,10,0.126906056774496
243.8248652932,236.797189578209,190792.743127598,11.8110769529844,77,0.849628128326008
586.501411452551,154.638413704668,222156.516056526,12.9254749679722,21,0.129388402402781
554.319238892701,177.548687822624,207367.015620793,16.0611666931022,43,0.149716876353675
494.614520206909,263.9368579174,276741.161207998,16.6893779356532,97,0.217507887130936
503.728924466237,211.331122909475,53204.5815520626,7.35354227735778,45,0.123523450017087
353.752385417681,258.237728186975,67497.576680119,10.8946038454139,38,0.323039626510869
412.348724812375,351.763864839414,186762.988225516,5.4676350096229,94,0.191350695520403
373.110520934252,100.230397072584,57036.2620783923,22.174874386636,15,0.872094765540632
526.840608193599,118.615562283895,199156.995922804,25.3351604026784,42,0.301386788355278
425.359256410141,103.854531861268,141787.95962325,27.3430113461642,79,0.726437271859261
464.690367298196,248.46292517857,177937.407051258,26.3359800052794,87,0.191968144802843
383.60775199062,342.556525171206,181204.995526058,17.9563501504745,89,0.188911408800166
342.46947796163,168.049030446087,61361.8926895365,14.8446620249172,59,0.72907268481713
364.61635680769,167.246052234992,76114.0344659693,16.7419240777231,55,0.642530336262095
353.38000131096,203.663059824095,163841.664617298,15.2227628467991,59,0.543881228104255
213.203406407326,143.390575617591,148716.334149191,11.508547311626,46,1.58721761041583
480.998932550678,108.321278332466,241916.210322128,11.2990286818608,59,0.480447370423062
514.797516034626,287.297857427574,145559.92843871,27.6872965934966,37,0.143058579074779
442.607138066248,387.882802388366,184005.22780396,21.6358117380261,33,0.142360167246106
302.152198322086,371.282456270589,51412.7046153699,20.4685130969255,94,0.230059500439271
479.283606550023,106.636468086456,202374.690054204,18.6004728836152,38,0.469607041517533
240.828859927887,270.544878677649,53433.7499474229,12.804212217507,80,0.707997034368565
571.304670379109,167.164188036062,227424.766598847,16.5545597475643,13,0.123538208679173
460.605232837721,113.87565928379,279631.254094899,29.2011521743274,35,0.509154350810719
489.868467342655,348.165548861516,61572.5270443904,24.4301349126782,56,0.148172736759643
409.305366813863,280.347757858652,149014.113617042,7.06542157584754,66,0.154145874030411
454.392007945916,320.39855663938,154956.890467224,6.33174879173511,90,0.184012583644458
446.694120814757,194.694097278109,136718.236054488,6.98971766988562,58,0.28816319888475
274.178476341437,372.568771040793,54952.7423794867,25.2900953785729,18,0.197613210277604
425.762781063902,275.063253377984,139165.943972116,5.42700480348683,28,0.111787916520685
400.174940700834,307.237376011873,96968.4014450503,7.43532604496943,57,0.135194258703778
227.561687876399,267.223364099458,97546.9549885582,18.2587604005568,14,0.691832555166232
407.946838595352,377.032676696168,57587.4309569548,10.7473123223609,87,0.166296363074715
590.574411730397,214.874993696357,81023.4859168753,24.454916121237,83,0.179413329831883
506.191534668928,370.267281266781,141482.173320951,24.4098568226034,23,0.130936906659319
292.304582202519,283.186607128042,178557.70064761,15.2544632800786,61,0.458146345101553
444.770024756183,357.325072668965,111189.577015747,12.7494735630806,22,0.11200221955625
296.915886724143,316.254921027996,278991.814919939,20.5264485528631,98,0.386260636502629
541.544268528616,232.849721809497,164477.412963362,18.4175090466822,48,0.151301496400145
511.858803753151,132.559781155413,72177.7734187362,9.85373893860074,10,0.247392927124908
595.837869544536,217.570552229597,110150.766538982,21.7837985579663,98,0.198932205227805
309.954806004585,387.063321123516,138320.082075527,16.7219904646839,24,0.110687702697751
420.728743364537,337.162799565833,231337.644344326,10.724159879038,53,0.159642896706253
546.443738190078,122.942055267335,74363.9654570975,9.9376478287346,65,0.248207309874127
493.713545896762,113.001007216807,91617.5687380427,29.8624747327698,43,0.411225804186912
239.29879322872,121.827310999122,208032.632715138,22.0825165091761,35,1.55543747569629
236.06486718401,116.673203442614,135196.718327974,15.1151402133866,77,1.70317905307149
281.423259960399,388.849101488847,210452.626097395,19.5889053389597,62,0.178679729441045
532.40086679545,326.065486258785,190935.084516114,23.6711082716956,87,0.203934772477415
262.688999493333,386.486132842123,119755.081912353,18.85048553066,67,0.230249388256702
299.74205201603,154.042536371445,199767.005585925,7.65180481661851,65,0.997941531533372
501.110809569474,253.616905829644,221020.013461047,8.44116813430843,25,0.129689349161012
436.836497832632,286.122977068628,298541.775730826,10.4970757115588,65,0.181354177050582
529.900396227004,390.979055677116,108362.147111498,15.7622343398917,90,0.192653400376344
388.524539167014,251.928342694986,99624.8647529714,21.4166855184697,90,0.313814788417281
517.043925163753,147.286996491265,217432.5960123,16.7785316238212,93,0.293412108927869
349.788204315881,330.001801958797,148585.672978107,16.7080126454369,86,0.189865599679448
300.88823992571,121.423748974104,178682.138907729,6.53349008947376,50,1.16390569268672
470.042864090754,167.073340518246,145862.884226349,8.61195916008291,64,0.31734234242829
370.808543502303,368.155336886069,64577.508847532,12.5903978478298,86,0.163547358364318
579.374153830367,388.229298514215,178906.41228683,26.079782747128,34,0.157259588008363
474.452946265773,393.135453335796,137020.667125076,29.5096146547972,96,0.206349132703871
511.945340861933,162.297666756763,158031.21641948,27.878571357367,80,0.252758948531875
218.178186463003,264.134226849346,167466.886856192,9.54418941841377,97,0.857169746104219
379.297243129627,234.391908218299,247642.285315274,19.5789522405626,92,0.40135513068644
519.00390601611,309.581887831003,295391.703951212,13.9912778433262,85,0.212133921168115
590.019982918162,247.887950429552,266328.006874482,17.9480689432865,41,0.166607110370295
552.991205410037,275.103774196185,153207.443624675,19.0595814775624,16,0.120783546538842
279.202159460092,266.479017357819,118426.288129702,7.0547992946985,43,0.531939039139117
564.153241905728,157.234136489846,147296.353293347,11.7685339894103,49,0.142810786538201
516.835061819448,356.650451955122,252012.600036368,18.485837309019,75,0.199856842073613
511.002870338284,124.528925527785,247653.200938805,27.9545186613338,63,0.353063036858889
537.353215438413,162.118027007701,245986.340276628,5.96252730952651,27,0.131869524645961
273.085090976287,221.552564963159,132135.394212566,18.2822548473581,72,0.791890142421909
368.336207029386,157.482603303758,177758.731561942,23.1841741733087,16,0.626055530217831
221.106456307794,198.909783119708,269879.575937077,14.7012144963349,86,1.19170318344684
219.992812473633,389.901872421769,146510.017869693,5.19061087658405,14,0.267286272937689
545.45069935739,111.03181639591,174702.521535293,11.6974434711056,82,0.310352744197226
499.3794741372,329.166492518254,156541.537740185,6.16423026429188,61,0.159125083165446
349.226083311002,164.301597739947,83929.0643433083,6.23499492726402,93,0.759401588076058
404.405470423885,184.821255931561,258567.300099168,16.1798250577197,95,0.494611897224331
301.316124036288,313.742891160075,176070.273523142,17.616555444229,21,0.288559096116651
385.641380918013,111.783627212996,259406.351169134,9.64988328902015,39,0.786645719697575
298.08559817294,170.126080318395,172189.525685684,7.4647424310174,31,0.868571938014691
429.896176331458,137.851852761171,112984.008467432,7.3408738272468,44,0.510394356911287
533.776065315364,269.219873530258,59492.9564538214,14.4534338465607,35,0.119614318422168
549.880105683908,354.087162684233,166626.415709924,18.2189476285563,73,0.185896357959829
393.175997245603,329.612468464704,182525.253066572,25.6018398808728,28,0.130868390828279
556.232431327768,191.222869587341,151999.442971453,29.9691738494676,36,0.141770705396267
503.049201718791,366.598218789194,143283.763251488,13.3057115229673,13,0.114419291174874
564.709474651164,241.981404643593,101248.73290793,6.82341600453655,92,0.181912898066281
553.873129650653,377.20806448516,260828.337477553,19.6609588563345,21,0.151404701406705
401.524807614074,124.585892791526,116611.908930993,25.287350558822,23,0.650205135208316
353.212208735099,353.678197920384,216758.864570866,17.7574686971423,83,0.186727148580336
531.531826489913,201.677455975367,282649.32534383,27.7678517091811,30,0.155187127346218
501.866917778992,291.660131292958,57146.4167146613,6.27205598268288,71,0.150212961730969
274.096226712162,310.508173159602,252976.936631748,24.9013952590536,59,0.428519099249665
208.713472580432,160.127838559725,275859.036380128,5.47466631476099,43,1.46478486700388
452.580657223194,245.427220115358,61706.2046557074,20.3545443329324,51,0.150586499710972
580.75303151043,244.830439693901,254896.50497992,11.7730924337646,33,0.152060131194989
295.943350302593,265.556606986031,158323.63721865,16.2163027630767,52,0.497819115122176
453.616514615042,303.80099437274,119893.039190726,27.8089607720517,38,0.135356701975026
336.123908044556,238.599106616224,62510.5023130979,14.9654960693226,91,0.507138316582997
379.241204986559,101.1437657054,282553.318935151,9.89352262421973,100,0.955626214090873
286.133040463607,192.704830409933,207575.587230745,10.9430372864119,27,0.806589960301414
304.689778346841,397.253202775175,96400.9755171272,21.2191324466388,22,0.109167586655267
348.846113280201,209.426732956408,226205.427148854,23.0413039573971,14,0.489117672433751
394.912712587403,312.963473014441,223091.481000689,11.2164357575963,80,0.182229832603261
439.15920563784,340.326003417409,273535.411633189,19.445773084899,33,0.152995348179721
498.651753176146,257.359681054656,252282.278317136,10.8684450144782,76,0.188586543042848
399.635894996559,132.892582117015,140184.716076009,21.8650560658342,72,0.684809289694622
543.981295865495,384.039892463999,175673.635718472,19.3403864046384,31,0.14649864701496
255.175372880582,203.506342848257,249807.488662998,8.97935736812962,67,0.951176069116099
346.551150677939,275.793224355027,173456.27206201,22.7416732727079,68,0.335272631825322
584.067785522986,163.235451422063,248807.681852255,6.26142814339515,34,0.143954135427492
275.324325602681,386.652930826992,250887.309243371,27.5255712155989,82,0.226179915354372
260.248838995296,281.083271083865,286913.919748356,13.3497432399162,50,0.561346045434406
462.272928740292,237.677001002296,79149.5299238617,9.7397688610789,94,0.18519993422722
498.958442282666,276.150664671961,196450.378982973,13.0813773706427,45,0.149798090585834
282.630385122528,354.473439638526,117123.549906537,8.05535516957299,89,0.286078359114463
297.280557660472,152.528587065552,282834.548721277,27.4749246845057,86,1.06634535119001
367.049727507677,327.029046536672,257456.972774942,22.8417973459253,64,0.176483067301223
523.424931963456,112.257027735008,124748.363395318,13.1794854624424,16,0.289739415888199
364.555622391654,247.19948280479,290199.039032827,25.5573786579302,19,0.325384230692524
436.15096310407,306.425271967946,189366.416922196,5.83963357561805,41,0.136889369941614
414.96574963179,246.650169696171,208138.999750787,5.52923817803773,72,0.238237258546793
530.547929461212,341.509258677285,118957.678780675,27.4591875073516,57,0.163860416943654
566.083852307702,362.157735447537,115527.17600565,26.6517333153073,65,0.175580590595064
442.81942834926,359.915611493659,293598.712421337,13.9142809265473,60,0.182660710621462
542.157366029764,212.783533145318,61317.8535461412,25.1747007094107,18,0.105408357899444
323.993963244122,311.252663614586,227862.030219341,7.27945738027326,27,0.239513508247785
325.129718258415,106.005306895195,78199.2882649161,8.49244512838884,65,1.15181036706796
492.251647244248,125.787539128341,167773.203782462,12.4953372930272,41,0.363259464348984
595.626084003082,249.591067979577,166530.008657942,25.6102545377224,40,0.153354992366026
290.902611632335,215.508746065167,253133.494279347,22.8860287114382,19,0.680351020268941
247.315891554782,146.43577770126,116570.308489583,24.6067416155238,83,1.39534654084506
273.607228341467,181.117498597393,86958.1210966116,12.6104419292603,38,0.940561550265121
476.830928980483,273.841461407558,224113.92073098,7.61051690917335,38,0.14222309360041
573.714077480605,123.702777918075,192948.39428269,23.3065923972738,99,0.229456881550728
338.665406144559,343.497791365149,200021.810118091,6.95271017728138,26,0.117638216751755
289.471491120292,232.099161512936,150343.942260773,18.695478612952,85,0.696272569250031
272.020521303219,304.530649177508,123911.305840241,22.3603304724007,65,0.455174083582045
255.738583124475,360.381661681354,234779.506693837,14.5671193302579,32,0.287299063478627
488.611440329004,164.109372570415,224675.188373471,19.7259322820542,40,0.261629970882574
294.761350935371,300.631038770149,260988.119351864,22.6250711435118,89,0.43275192980748
589.886834151199,151.69171278253,247582.155646959,5.85694866789167,76,0.186284416853455
549.052145628163,139.391426795298,195166.973755659,21.7267262712301,68,0.212198594281698
436.351325204604,178.480460593765,256701.154415117,14.1107068461315,38,0.353560939329511
491.058168849861,126.757837791941,115650.087968248,28.6362206600571,90,0.427743849094847
460.537124546338,263.715078836443,203380.967805445,9.62074234868809,88,0.188838774624864
595.534454684835,350.042444702998,133632.138501719,15.1710628380159,23,0.13125221285775
252.004198856491,171.259613813044,241459.419089092,28.101075135557,81,1.19236817122232
557.181630599914,361.832478416603,282167.350381054,22.1606763457889,81,0.217120251252633
467.031003492078,138.228351283078,229289.772218356,25.8202297082165,96,0.470415720500847
422.49311070321,120.347326364026,123193.726424841,28.7420087817842,23,0.593000516443477
372.909128620243,171.952058099519,114299.26441163,8.64419223649004,21,0.544808230593
596.212870367552,388.484056680609,78729.6464502313,5.57574587841125,94,0.191927927170143
532.002287232642,274.518639122141,223596.117764151,27.0455880082286,22,0.141371165555843
208.034946746218,281.141444651666,284803.086336268,27.0281001242286,87,0.821664036757343
217.25549950181,347.83674882363,115832.394894681,5.31965434054668,78,0.484366782991769
504.889655865125,283.869891603243,297347.240058988,28.9084283488638,41,0.172602682774009
414.437224231472,280.93589331872,185688.565130658,21.1790463194629,41,0.141004562370711
427.115169022059,107.457177806324,231220.960081206,8.54904665049293,21,0.6168819808079
337.0199541609,330.4421431254,106538.895471868,17.2230778385343,25,0.152972212480847
571.485791445939,213.001524661182,84895.0236939017,21.5030612760418,50,0.14283821854007
296.05054355948,289.062021765672,298163.024421679,19.023989448818,76,0.451587041084661
471.822395111894,276.512799582031,138367.294346612,8.12355633692639,62,0.152168657448567
226.853334338007,376.819764693898,100109.447934001,7.43064035578454,57,0.335243337501882
316.024007339501,316.126964994457,258766.871781278,26.2601233775564,48,0.281709410742661
565.043863427364,112.489389624284,70464.8952060466,27.0921915305799,47,0.222112174058774
374.57001966073,274.466479036282,82436.7017135735,23.2307382175629,65,0.257551978561329
455.726554924883,121.564754705114,253068.274130637,12.448043257424,23,0.469979887445331
340.50816135121,208.784901098871,168049.094162867,6.30873579312054,82,0.591712948842065
446.2386912447,272.148548788475,118888.055188754,20.6688649630506,24,0.114203841781132
217.813920354889,224.044281826445,158066.941718948,9.00110131729274,40,0.984549332397573
309.571358112247,181.257703070838,294167.133632887,21.8185442234187,68,0.827280962148026
565.482159511994,139.100065662701,102591.03921054,13.7123989396548,75,0.172799942277714
267.563392485244,102.374842398054,74195.0021683536,27.7536805308317,33,1.51546505685696
277.477808936814,266.699274310819,281381.393296271,7.28229758112016,35,0.53338904781917
396.891537324904,362.945123596276,107632.480782758,25.4197341390731,59,0.152258538562471
524.248033106873,168.557851977164,283057.435368435,17.1717430765369,42,0.167743154446053
287.18175952504,118.514690357723,138484.29317029,19.9422539751141,83,1.33348867821043
548.221824417568,112.877678671849,56048.6646782491,17.7395990366029,81,0.294173111984496
241.305345252954,288.969745402336,169058.729926239,7.04487027959793,66,0.610230532704984
408.408694450243,241.880504269463,100916.302102335,25.6285027579144,37,0.235978547401582
328.50502385141,165.846229136808,164223.706952254,5.17849022409644,30,0.752297282824602
270.338271805212,153.508418150704,188246.960030129,14.9486143443992,49,1.13886722014263
314.372672036928,298.894446774486,203831.815340128,16.7555821936061,64,0.346982942084373
513.140400202928,304.962883457314,286119.259675751,16.6562922014744,23,0.147701784003766
214.826022548779,362.219081449017,256053.742376873,5.60277199741088,36,0.399107879774063
594.101861847286,101.389155963678,52371.4229200977,28.6339063679486,75,0.212607526554726
488.305305555393,313.327004249468,272010.767434057,13.1425808216653,20,0.138623254887691
327.17727293409,372.822799710555,102481.201917872,22.5616306801214,93,0.183763669382394
356.014923248043,342.608224319165,112758.487065805,23.0929141683492,50,0.13996095804436
365.510869460169,348.106467473703,253326.15679593,26.9303286472467,39,0.15366773563386
210.217579347607,237.519017121683,177241.381390278,12.1884139551484,20,0.92142457406265
232.283332948188,112.103607497542,152746.672279332,26.1540320901293,65,1.76428913448994
336.210372860634,180.507247938128,50087.3053761492,26.5466276803962,57,0.703549696990897
303.285133181177,111.229088640914,128346.769694195,9.43810327562051,53,1.22552413087674
508.212480007507,267.600775137802,204644.639765045,9.88977551886459,72,0.177363593193902
297.969066282039,304.034532969866,73172.6955495876,29.9035038705471,66,0.381781128516647
339.186008819221,393.586367446689,188053.203040917,16.815272734167,83,0.182684760327097
586.165802249584,309.41402561891,53263.6656382689,29.2940155310314,79,0.179060333901426
542.001014403366,369.494822885559,215921.454454394,17.0819978796996,20,0.139734540010947
533.582421899869,127.361763725459,64200.0820581209,9.62830248742434,16,0.21351257941704
534.429652319778,349.763208419917,67216.8063150474,21.0817959099839,13,0.107397406356787
455.924433346791,174.675035881855,231131.403159841,17.5658749300705,15,0.286733102170108
412.689479390717,150.991234750505,232536.988694697,5.63785688071067,58,0.538937870046922
534.78649709858,397.994495623471,101060.221427637,24.1376909078672,11,0.116004943603915
343.821588123521,199.789493876207,73490.0267242995,27.5623009144232,77,0.620581920009755
422.008024350968,194.127168244091,245502.026011207,29.6539747491338,68,0.387216097759069
549.177156927939,343.634855996498,242005.664521082,21.515446985148,48,0.174211614721213
245.37634258922,280.152463153577,100337.046105443,15.1072089122474,13,0.56492048725433
212.527447262497,134.137285504715,123575.539342396,18.74811992028,57,1.70522523828643
563.855537111736,253.485527897914,104659.55059368,26.8071550167908,43,0.14392335292166
486.290007098927,357.432835570552,186724.337838695,6.81057769480618,69,0.173504850967942
429.935891404898,277.771683360956,211752.464284982,25.687622231346,45,0.153193390667015
259.671454749807,335.043995642045,286326.242235247,17.268931866569,22,0.345901449110836
598.198990914988,106.56365795859,101613.394850192,23.1703029411931,69,0.18243117116751
331.480560950857,326.951966973268,181413.853934484,17.2500562606692,40,0.195222972321961
226.986419828102,345.12537248878,78986.5875844254,15.9507859899877,60,0.445848175147023
375.170151369486,183.969611739152,167822.946390727,28.6771658290928,11,0.493987490419824
228.469049575047,237.803082343497,246697.016414726,23.682521987157,99,0.956518628583133
404.060302622256,285.060648203635,128427.186085975,21.682730540334,79,0.17804219564301
368.504922659868,308.949989820445,198650.30238048,26.6436705238118,48,0.169424650369644
486.886823126329,245.710604035385,218254.113618988,10.3066277023815,75,0.179624118881184
392.994084799959,390.450701120208,93108.59207579,13.5056548032184,22,0.106858875913166
474.76991291864,263.377780120335,59401.0581538306,14.29960819038,11,0.0892540389760858
322.469545703727,245.448746639473,93535.5201044922,19.4735051787522,44,0.473506063316544
271.026534270304,307.024139437935,188592.406242539,29.1225608710751,74,0.467412295176829
465.649557294818,289.739616245438,197187.108018669,14.9088726109438,52,0.15598916445215
521.678185053496,399.550282424284,215757.139786106,22.7490704441966,37,0.160359117327449
366.135450576236,114.574842439231,182801.881221332,9.64094533313112,14,0.820463411063947
207.233934952266,127.532061693958,163793.102258341,13.2622397159128,28,1.74766072641389
346.929781455001,326.407361536065,267435.247729002,26.7500972969353,67,0.19802747601282
223.859248980903,118.844156845739,108949.429881016,21.8548647373274,65,1.77211804181622
511.227864236471,248.955986038036,174895.330292089,23.9654192509681,12,0.117588940923953
221.52687053758,385.614261044305,192358.255649587,21.9259636587248,82,0.364860096647351
255.338527603958,120.310828053765,80452.1102846005,19.6554287831486,57,1.49334007705532
398.184022078362,221.226298845562,273350.172842207,14.5797681910522,11,0.296521294665387
357.444489680689,214.783791908251,214538.171778141,15.74591276174,63,0.496543958028359
531.23989374057,347.382450382431,60497.7780983561,16.3784805339021,79,0.170807649458305
534.122406729871,178.074051556406,66861.5322400102,24.5468482158828,95,0.186868141597766
306.304589745932,370.02048964079,256384.479598086,21.3278213392454,77,0.187530731907535
534.282883613136,273.191220705816,106314.632908967,5.7902682546896,22,0.109871674412431
243.876109369188,399.09090027204,242234.455294535,25.6543731576278,28,0.21172024598421
420.219712067465,230.672594251217,195659.141175101,6.49307314739185,93,0.292569999333536
307.602808142881,144.786584407058,264909.825668456,14.999864440204,48,0.990971165473781
599.548215967269,231.69574398354,202342.514542404,11.8063896239942,23,0.133697380414824
528.345763129308,316.082201390967,209382.208100033,29.9906958883131,13,0.133751531440717
290.668380248591,126.500145880814,259254.99610027,25.0291690853671,12,1.14320750172823
319.410318624235,202.369945327647,186918.093208593,29.4869681885742,69,0.695555767632541
477.671090277035,389.959978155549,141874.535524736,28.7039080861396,25,0.134130084689357
555.131375822365,372.075319673009,252859.82305507,11.089327324141,91,0.216803149815081
426.553341992483,391.092279063656,143621.959551705,10.5669975095682,50,0.145598256162984
449.943787957467,375.788195112838,240180.611040096,17.2289751092963,71,0.188304368594392
267.633570880775,382.130916959164,193429.518794986,8.19787708249507,24,0.181846000221047
582.605183205753,297.48217688487,202949.288000964,21.0373718477133,19,0.137559950275873
532.735199591104,126.95433711389,146989.044382988,16.4395094592592,12,0.220867099453935
328.884459899095,221.198670948076,209304.752431273,28.7170698683423,63,0.576410109442175
233.961010343474,397.449501519346,136616.312441948,21.0272027239931,21,0.225356580174763
288.661273167408,224.994305774849,196371.303787377,24.726312925291,11,0.637174492698811
476.448408436118,260.73666116471,79180.5046594851,7.98282741232219,97,0.177200510471341
411.417503532125,166.16012751474,287585.547019389,19.9974496196475,97,0.545381557735982
245.136257946671,184.718218979119,64661.1264846327,24.7083863128288,58,1.10990251100537
392.09761255531,314.615827072698,53990.1246085768,5.93355244066323,13,0.0933962945408745
448.912331692705,369.454219631312,201236.866066522,8.28438231617414,72,0.177289115271051
440.320189449318,161.397255614501,202459.941035378,24.2516955260541,33,0.395633740553115
498.857130763655,324.208085937747,281085.276841486,6.51975436589639,18,0.136174032135572
379.644502487934,114.962056112778,57990.4267928371,9.35690573932104,47,0.803778559367912
457.525884179179,185.956105537153,153071.680411307,16.5394544037984,77,0.313074802473781
381.122406513516,202.840778656247,152858.166998304,9.72493290914495,43,0.433538153892197
478.66422515041,156.68742236732,119728.725028268,21.377462562152,28,0.291769694533588
585.106642103643,162.686846053837,257959.661959687,10.038450810483,99,0.214179951077317
314.776245413468,202.326469493453,240132.447814276,29.0935490861369,40,0.676495704630168
515.004970767268,270.58324309401,260621.673577735,5.23359931345164,66,0.17903724029089
508.757110596738,174.374339860892,186805.768061847,12.3325988056466,39,0.177078401422569
401.874987858463,320.621204636192,195604.359319144,13.3238148677372,82,0.181868773768092
407.328646390524,338.925331555712,216875.923790158,14.6800604834075,24,0.128557533751723
239.419245751054,283.448267378101,240767.610541879,17.816305045114,95,0.686813296928726
377.808203202371,246.519008983373,141734.74437494,17.2166624731512,66,0.331879661740712
578.990412669845,290.536157788125,248070.503544905,10.6633469793976,50,0.170548345905293
503.763291208371,119.952795412337,61147.1578314877,21.2053190339362,27,0.333623776193919
327.910093975587,265.535091588357,160358.986942446,12.7355703960773,83,0.432210623940344
271.498551342411,380.570222512464,66351.467951129,24.7531372466664,75,0.237345763605351
279.695299826161,279.677726296414,50348.3386466961,14.5448423921226,71,0.518208593071039
256.195709004975,279.705894221657,180389.948615894,8.50712887475261,60,0.586607897616138
571.831137461357,212.118686328195,52704.7973272879,26.9932439347982,82,0.173076686781834
468.295014432568,374.769859958707,266134.234745784,9.93176225458807,85,0.204663916294806
514.688878418676,153.866030208066,50558.7713662503,10.1514464908435,66,0.239124368568432
260.11557688198,161.37346392001,194445.947965906,22.8902085079543,79,1.20194501562816
472.884202616621,249.333888154434,160433.254372624,6.04174452997583,49,0.13979168204871
525.462236244838,307.647233447017,131284.928134089,18.2647721680227,87,0.188966788701182
232.350134987849,282.520902253008,200110.804634819,16.3492377839664,62,0.672648478083261
458.672195593095,316.042277449763,83008.7104277227,10.0920489691314,36,0.11860371153837
499.665668119215,318.343555832225,109914.178110487,20.0079431699598,19,0.115042013974189
294.881101406636,185.530560825397,253701.988687043,11.1973569063209,95,0.900515729499808
278.583337969326,105.669755295232,228439.845798519,13.0075258258846,94,1.49646476278173
401.233612090954,286.005981228806,84794.6923371356,5.5369131858745,46,0.143136926093962
451.165256962139,164.497478988692,193477.288791486,14.4308292940838,69,0.389265174125426
313.540839467441,131.446896350878,218868.858881409,11.9460510131091,24,0.997609266960262
467.988338578022,174.292743028747,280023.195729904,23.8256417338374,11,0.258208411518017
531.798207410302,173.465235592754,170363.053569568,8.65202470886565,99,0.194394344481198
593.753255587935,355.320297396754,219572.679934595,23.169253515603,97,0.226229530050337
482.565177830419,342.290317581949,138926.899225786,26.4484365467346,44,0.149144382690984
543.280187066438,116.59675140685,205199.043296199,12.9394761933159,59,0.276515322636392
296.446997888448,371.079786488951,124790.336139257,10.0891175784353,20,0.135266306776219
290.051334463462,245.261868415346,168064.249322711,16.8680903481071,43,0.58450648194746
583.983957831087,252.866949037073,204679.545861526,8.94994878523473,74,0.18474496097484
487.691451502614,329.471746905444,271254.429102184,15.8640708228263,21,0.142013134164974
249.294018389033,139.885369884178,243733.4784129,22.7980502406486,59,1.38305442279767
372.212375101782,286.39837481855,265094.045792731,19.0524810236873,92,0.265887279488165
424.468451270865,280.457824942121,175763.874871329,8.05176451259918,81,0.173964496984459
296.71612220912,250.396998522061,184466.323029455,28.3872336842858,27,0.529323680532602
338.026922374643,377.880321957914,132358.767030857,16.8601759909607,39,0.127020930741315
411.130613789511,282.847672121298,168464.068778849,26.6631318200093,74,0.174672938804783
447.018328679653,286.340780291991,213436.389264524,9.35091723623747,38,0.139495175760726
229.906557577288,243.371646426577,159401.424354374,15.7682485965603,53,0.848404842839996
279.821397275236,163.916817212818,183619.581229577,28.6927227222477,42,1.02525026385846
397.219180167031,178.57854766826,233458.585089741,16.4776370037274,55,0.490852614668033
260.728728106073,323.198706783721,177818.624887414,25.6319275668279,30,0.390004626089898
249.212732977196,153.41000019455,163238.091451435,24.8751821136268,87,1.33775520512086
345.553925877542,267.701630544442,296457.595555286,23.6792377785804,87,0.390697902975084
358.437960916225,183.436967072487,69247.7332383269,22.6751243176779,41,0.584025935238576
383.323136064746,140.933435187682,267079.915082426,8.91937753287821,20,0.638157766341325
326.768429616362,275.372588815605,101127.55580857,27.9039738416857,61,0.384327333665418
355.69128253192,180.42942286247,189855.498530175,28.2608993682867,69,0.650339174029311
373.98426189951,164.625572997403,195715.28150648,26.0171091779019,18,0.581163794789841
484.284694266654,267.913105443378,171597.529120691,7.24662865476494,32,0.127200378346403
484.408305915921,258.651793167505,112006.461205688,11.4274454648426,90,0.178094156463721
269.340395856949,364.689579209956,279712.708706008,11.851421116911,88,0.300772175808895
320.247290809283,228.831148576443,50927.4342889969,5.92759649765493,27,0.510275177587473
384.672702254157,162.722672671713,293866.758698874,8.1306557528648,12,0.535197899362461
349.653977098254,293.960731141229,98787.5336922027,26.596514237745,12,0.210866354870396
237.024377903286,337.942218774993,228796.658505416,6.48183919273051,98,0.484285054400836
547.867947008158,152.071846746574,133765.075756402,5.13503449715875,76,0.177153601094297
578.599173752035,152.158304530808,144253.723784718,26.1175400320585,23,0.124472567191245
501.18045380895,366.710382250164,134145.503062159,19.5247133794294,10,0.113023763073926
596.489963505632,261.892593094505,143171.174800031,20.2995138609746,69,0.177047501513761
432.741185206448,347.236369817678,207202.26734263,25.4213983033948,90,0.20317299353772
530.980034811543,345.663496381433,245565.741306995,15.9097563208815,16,0.137495522203386
264.056997736845,323.743011312393,83355.8583675621,29.5413204058378,81,0.436358925835617
431.612984954106,236.020729359616,258023.195102491,29.1641889495476,40,0.208807867877398
258.082449213765,244.37843905254,296802.128396206,15.5749934645861,36,0.702978214568428
519.065249944908,344.365546836273,225851.28574996,18.1393327983768,15,0.133168496410948
258.044540216271,312.524007076034,151837.802004116,11.4383497824106,40,0.435880109293945
407.523042283234,278.793590108126,147640.938461642,23.1472209797875,98,0.20376374452713
531.310650698162,235.741088493134,278139.299679442,9.41616832485687,97,0.215215561862018
526.407261573325,379.333439369472,259589.033542669,6.78165145414158,51,0.17254472378138
357.329101491383,205.180244955375,298215.401653351,5.58400421611925,77,0.545816786244749
316.426787695761,102.158653399519,235220.197082121,29.3000464700274,96,1.29322448681929
490.550818834712,304.452943238885,133164.857590744,23.33240710208,80,0.181538780959078
305.015758489033,335.393503819719,262402.374336218,23.6075687479598,63,0.270284224628592
348.174017454829,382.384345756899,134748.150547086,24.6386038896599,50,0.144146366058673
432.527786873584,364.080760166265,75558.4649449148,15.1941941148093,40,0.125029903589307
215.547664962355,262.994013738903,253864.707672427,19.1056249151435,28,0.786195751758575
358.785563457101,370.620137977936,203550.181124817,22.1849503799386,96,0.201817813571242
525.6442796337,179.606857715774,212519.884763022,28.6128652956017,49,0.161149615742969
285.959902774857,385.411778489427,130484.472118527,21.3972773884423,99,0.213827161449632
490.309953102468,329.383919708557,54559.8704731086,19.0347967723562,80,0.167402090457143
511.406722849871,259.031131491867,191437.454869294,8.51904520321306,85,0.187392799641852
226.116514189479,152.29729515905,239903.897569126,26.1997128903427,92,1.50892390391712
238.535578422442,300.057400816731,271658.394993252,24.7450646358214,90,0.622161796099047
487.138676505151,399.403857015914,283657.092214766,6.6264698711426,93,0.217357471921151
467.155084936741,311.123338736111,249762.507484425,20.8014681318191,77,0.195316658052237
562.291697490186,216.656386416546,158485.802086616,8.62589130291924,88,0.186681200867892
385.199607569299,222.018889586321,129589.434118427,12.220952432652,78,0.398589938985728
511.502521603804,326.348952075478,129846.984294375,14.5293504583169,25,0.123186338649116
510.53629037933,183.13180301468,181961.230033039,12.6805106720139,80,0.192424678092061
420.158580525711,347.648826723453,127335.054481018,17.7343132528803,92,0.186291695477699
266.708786108523,156.131627683784,184221.857219686,12.0553217612317,11,1.07970469393846
561.545588671952,239.035288045033,235996.629451857,28.5598288547421,22,0.144630612697413
405.20567858793,261.542627342832,67528.8644614947,26.2966737231028,76,0.229899595979543
226.221939635917,205.891363302122,171535.706600314,5.04936182692672,25,1.01788400379297
344.890771212321,134.153913320525,214810.050424441,20.1259158199479,15,0.826446019915054
277.825391318779,180.151448624619,276337.265423167,12.1179348930989,18,0.89711434883062
547.10017351819,125.430261817686,246242.287850486,14.4477665285135,68,0.25411618709574
315.343163670715,161.116255741445,206008.812985154,23.4979026515145,64,0.895962821375045
518.878786057089,130.615741035712,237655.424441926,15.8425226679072,86,0.33098780597602
574.866075734025,203.050989944701,144618.981937705,11.3198294709087,38,0.134831349909677
583.592095962891,158.382546636077,72438.513818368,8.77615577196014,77,0.158892946880287
321.767130414968,259.438339312822,214200.606549448,9.13527891936972,28,0.406505945246936
465.874413970027,397.098157094199,192676.600564346,28.3070081636403,53,0.170657022731313
411.042860589088,278.486451598427,258157.219884971,20.3634828221277,62,0.173956799130256
589.308339364253,117.501390343648,95123.6114187433,22.7690918529132,22,0.124908717548491
506.440791571726,263.987520450439,291136.620451075,16.5931551541359,83,0.20664551026537
220.223192966768,375.721338138911,265810.548204752,27.3617603684597,99,0.425699698946468
553.433805464924,167.517271133355,254060.485477138,28.2180173109839,91,0.212721554176208
560.532665794992,375.980456424262,161011.59099145,28.6009601899696,75,0.19505564536361
307.273264245441,309.502378147003,133052.322767645,12.7053005353007,22,0.281055392063345
526.969676466471,266.895377822812,261236.753596279,6.60381597242884,93,0.208364571398811
596.738756273285,173.064078888094,148099.370664204,27.1491591275192,13,0.118463535676708
383.460571463191,293.010191875166,181751.572763396,24.5779320956762,50,0.175834308481196
482.333315492421,129.339202129434,130789.771006797,14.531724731816,29,0.365564412248085
473.877463557089,170.816798603606,205109.134624372,10.5813187149069,97,0.33630271884902
305.326087650184,373.498978353707,210996.595730488,5.64384521518061,56,0.148540631559226
358.325071145674,170.276179286503,55656.239880761,16.8537939263116,35,0.626323589057215
282.08388481582,209.968933078957,85200.2867738303,22.4722806895103,19,0.736237999697846
310.545712648134,159.502548259981,213027.407141328,15.3832173871581,45,0.892885223243704
365.659566129385,212.20727003497,259709.028236215,18.213504111734,69,0.490104744625825
304.838493744948,197.691767736384,262991.655473538,18.3223942073019,78,0.780623305155393
528.573928923488,231.634046487559,120053.588229356,7.60082857288655,91,0.180591191461263
263.939661753319,148.626877674895,252671.983052159,10.6824314627806,97,1.28074697997447
395.614492395555,368.407320013821,122700.545973676,20.9454482001255,24,0.116800096256947
435.282961634737,172.438877512416,200073.110335938,8.02438508699887,28,0.35801189928761
361.96904258896,156.005147006468,119573.413143657,26.4205096110058,90,0.756730535923955
458.494680626043,163.974178928799,239473.952070657,13.6552815389767,65,0.367248101394289
465.37949782084,184.420963420184,287814.526729979,15.7304803744492,42,0.265166953798412
536.56764615231,294.677484643942,289895.93351876,6.54414743399763,35,0.156538236010023
396.429492134987,318.898908836258,76255.7082426522,13.3188645162254,27,0.104591700882527
218.390503963935,211.186846810339,280381.713378611,23.1018857496633,71,1.11485839101082
573.941054305845,150.439646746868,219442.760133762,10.3605417197435,32,0.137380213100161
248.602943358227,227.465491174667,122431.467023323,14.1649429010407,77,0.875078530965941
264.497560623151,288.224113682391,193697.11759536,23.5410019942034,46,0.518270929664836
527.476360288779,187.494035925018,98471.8852877145,10.7571140205249,97,0.181765934820576
338.867789339685,367.766341619014,288467.344407407,26.4332715979343,52,0.171602074235838
224.699054489793,143.720413807793,230405.240785857,13.5014424767087,95,1.58253785178263
238.027761517216,173.330982836136,280272.496051318,24.37742005655,38,1.18770226633075
445.943935005152,113.407340237403,66314.4146279265,14.3241300591648,30,0.535497319560711
472.161964140669,179.919324637959,261630.424851961,19.3096705483152,88,0.311521332417378
217.636731333221,200.785884824635,175076.349770455,11.8326841529537,32,1.11260037934687
280.260240355618,333.143544645411,90430.8610293313,7.37714694751883,26,0.282993733360968
565.701941599087,137.701955883573,60984.1715989038,23.8481751605217,43,0.146144145457736
587.337924478638,348.256423989034,174231.897940734,28.3784705491564,39,0.160916557537536
443.863681223458,354.11663593091,299870.000993013,25.1332660186228,58,0.187520457475503
465.358770473839,373.715016264939,214071.175603127,15.4253956974425,43,0.155448433827331
598.752086153964,292.31663369432,90685.3883021347,11.4748684843732,68,0.164459090029183
238.642032273396,324.696375315888,56782.788535562,12.5480320981893,90,0.51331613561708
417.457795993738,199.282431318349,164176.855083618,29.7712844344556,40,0.348008994844396
502.667585436663,163.540473786522,232844.565746241,28.7738295115535,20,0.212402680221338
295.72387418836,127.004393760271,133227.55757152,14.7581091686798,24,1.1230763644499
580.8243649636,250.225002665429,68104.204446065,8.58234946490914,11,0.0962853008763674
460.285393411898,291.367674469669,144376.178808541,22.3802665943369,19,0.116898424239968
290.821526125955,362.379958459536,165655.710286803,5.91715867913612,80,0.234668550737827
554.422751429046,340.963939938235,190423.174254808,18.5360201065464,90,0.207077087721799
241.650738336513,236.104203934194,157047.301612355,8.60377217312373,66,0.844275520993303
594.633513937184,361.701454656954,77423.7212116588,11.4630998846126,72,0.170489077373396
271.634123155345,210.318094282879,77774.3543178608,24.0793178438168,59,0.837418896171743
490.084544726205,173.935572232477,159594.943405644,25.7220554889962,91,0.284913880977357
317.34085396154,157.786980043867,67619.5148408141,10.9511052893088,52,0.875154669600106
228.229885076196,160.506872534081,136043.223596843,15.9937720398235,39,1.33478977533443
383.898965708642,340.015455288092,105312.997705659,20.3983747023598,16,0.102419326581823
584.996143460844,355.577320555927,75331.1489626917,22.8256448376898,72,0.175065840126106
308.262249845299,175.193770938851,128786.767772501,26.0099773652679,88,0.891743489835017
342.564776746004,254.4429063672,257416.145251214,18.8070434826282,56,0.401780488398462
594.715313732404,386.967652360347,238465.209432633,9.95240801845717,96,0.22338581107272
429.114410870927,293.68037130863,132198.552589999,14.3017307651366,48,0.137448795424821
482.304775926908,194.65914587478,88331.0561727104,18.037729229967,46,0.190257614361832
268.675609684894,280.18928847115,124589.983478398,25.5736016513747,16,0.495043068247775
409.902783561779,230.248156038581,229825.993020201,24.9276730808581,51,0.287060236865139
485.941120089242,289.182836103739,138264.220643186,20.7385485951534,38,0.136573294692089
230.972103846244,284.21044799399,178824.428855349,13.0344605026552,47,0.648154310019281
483.089368917608,365.290414460956,290648.102638371,19.2940873099234,16,0.144023935213295
225.955649324947,226.636975188669,183312.428776964,15.957945116071,53,0.954348774633265
272.868366092276,269.358908609997,133495.928986769,15.2425552437463,91,0.609877014803913
387.842248252881,298.520414495229,50384.2236923291,14.9765607261316,37,0.14410587677603
474.398519846252,159.181444670744,163017.979632091,18.8617554520243,73,0.346850750972628
319.032216619434,120.815768780422,227967.535470592,25.4327957385403,57,1.09337699282195
206.637745589563,312.40631183912,138179.637322637,26.6464407323659,11,0.585668665149318
570.812825946148,387.702219541941,160662.636179645,19.1556657441049,25,0.140347714771619
317.010178304025,157.879079314687,242956.426536891,17.4229967613793,15,0.830322614202042
393.040426224219,317.604496684017,268864.228064926,22.5581484559802,15,0.129825511079348
228.866526367702,151.157747998671,257802.533807985,9.44500853813754,17,1.35120916383005
473.997598990466,265.339978357687,156997.224347479,18.9531815631076,21,0.118745093176625
519.266725499513,241.622286580016,125383.528047693,14.2507908235393,24,0.116361033256218
386.164835773465,181.901616238441,190605.110214311,17.7917041494342,56,0.514921546078229
268.018945048256,393.798498308293,151018.214429175,24.6467238117521,73,0.208805420596154
252.500308310166,357.85206394605,81700.8518707818,18.7820994772307,32,0.298354369596876
578.825472022849,378.960543759794,175377.768046946,27.5305834098128,47,0.170098189816091
490.712388100544,196.250740935497,139896.184983173,16.3195411306921,88,0.212012761079587
359.183006032255,351.594737535137,108220.056314325,29.2281481787118,58,0.149275862889729
284.721122938328,137.620483247942,101404.977797972,24.2932366042711,95,1.24153565856409
457.967294352344,125.589419449289,238084.959079213,16.4098532380951,10,0.43463371710512
471.141307286887,212.622869751052,185898.359208152,28.7786221624056,23,0.156131674460077
511.68356188658,386.902743080585,255423.964966613,22.4757985677001,68,0.196982445998832
412.267860471636,224.382457467035,299122.290539423,12.2195384209341,45,0.287565808832004
301.011304694374,145.663657172358,284867.097937156,13.6150169247927,23,0.980347153084878
572.90520956857,259.693999574496,109581.297713025,5.49206354632091,43,0.134347877437955
436.222425094635,374.527360372759,258940.004095745,12.8113761573819,29,0.14477828870946
201.04878846006,344.988799055081,191948.754266845,16.8904681106309,18,0.485556386198904
359.57895845484,205.480479407455,216728.016625816,10.4934642033101,16,0.462478400845386
292.463069851532,113.949509427371,242771.990794264,21.0473924111837,12,1.21228910145282
375.68148598898,329.371934176757,80072.0017229423,13.9065993586452,86,0.170576237780422
496.007194232422,350.835814651637,161710.690570881,19.1759940401815,79,0.186664814353291
326.587185062618,379.835713210043,127541.796415963,5.81158327039191,94,0.175573873524342
235.20987965008,195.799668957601,266611.408285273,8.61516705444478,61,1.08759583375934
500.980626932648,155.731567592318,140435.904345065,17.8537371828058,99,0.313381602083604
555.962036983089,385.013319551991,294062.096040183,21.6001418831408,33,0.171121680748915
234.819285031514,299.257740832739,101396.379412129,17.761973178021,27,0.547954908780041
545.157166907353,306.659917256858,188140.971651364,23.410502925127,15,0.129472155734419
572.666851290013,179.076591310348,211844.758062943,13.4041945473507,28,0.135424019264801
532.979073898881,190.583854216885,217552.866230446,20.4981633604225,24,0.133366716857117
215.928229938188,178.947393060849,117053.681294849,12.2339111183019,40,1.28195783715021
320.135519424548,219.822457020234,165880.564293119,28.2867677212257,39,0.580312461204194
315.16171856372,176.034254417813,51270.2521798376,6.85493321367589,51,0.788794086766951
369.718376321934,123.820841410981,176920.703139449,13.5992739815003,49,0.811551350496015
285.221219065125,158.654992794542,111966.722589329,21.2379390218714,88,1.09253973146913
571.646167125557,244.14809547801,292215.322712747,10.9824335461568,75,0.200130407341777
284.447993180216,139.241671376353,64473.6223649959,18.7576579241356,66,1.18138268842353
358.157066569302,116.21390094275,117822.165188457,8.74019541685661,91,0.959335439898735
416.308256380121,330.214975877068,287661.890121833,15.7704763898223,66,0.184462138924512
301.841967404906,192.900537144827,108785.815372649,21.9110198419035,55,0.783267645890157
360.295113616007,115.83016440478,110836.18720594,27.3223240631018,71,0.936221325613973
510.428417426404,198.470443837674,169169.655780486,6.80724167804335,80,0.173459176073939
310.82030606345,386.242549519874,182083.494357009,16.1286411922629,82,0.177233038145336
475.685349757854,193.052521537177,172353.626476136,29.7215644727704,98,0.276954632355461
496.285124838559,189.520698358174,192637.745865085,24.0018115097814,39,0.172871070543612
220.561739920956,197.128835139454,268835.919337484,12.842755220634,73,1.18395392319484
387.725158726601,217.20860161904,231844.601084954,14.0776641956192,36,0.364186614364752
222.234053609545,249.131130036554,139616.102814034,26.3010827625012,57,0.868269136734113
593.175363460883,131.063063314588,182895.25255287,25.5915601313356,53,0.161411358738912
274.400123856308,399.236134961786,178991.814220896,29.3496921507346,73,0.183595127185209
496.236201788302,244.634392365011,109287.183502177,16.7893890959731,38,0.127461327846952
491.880361191086,195.561882123124,67742.6186176195,25.5005866223438,17,0.138146588015078
352.332987745359,353.223117270378,253959.91501733,27.6326846437995,40,0.15433567392583
485.844398845965,323.912930634345,282208.118823035,29.0274184456878,72,0.202748889145284
334.061516285201,182.103907945964,51884.3572098734,6.19620654914085,27,0.649917479015008
245.797002213259,321.892786222023,66216.3260842444,12.0315039213981,46,0.446221749068545
577.419811598925,231.239546532803,62416.756684989,22.3683896597217,81,0.17294791772539
452.725466086013,223.988329474148,266507.75095232,26.0365973521826,92,0.243852101184747
249.38491323451,129.861940201222,171172.007295571,20.530936709981,65,1.47037123344982
286.160883520191,392.475793146722,173915.854763694,7.08529706678971,95,0.187942913686707
254.962222592759,288.435256380806,158564.961254866,27.8123877186678,26,0.52640790181574
219.625973565545,305.773281752202,176705.276353777,13.2865530910874,98,0.668918468819547
522.53785099089,257.924333246612,72889.8087482503,19.8305982113376,76,0.165055427439139
218.466664065918,346.06162733408,278010.273504897,23.6120304505776,23,0.438772360919916
481.207773526853,381.088551273384,228196.199154531,23.6207924195863,85,0.207242499454184
504.743593306539,250.253814992628,283253.453877322,6.00130731958116,42,0.156484794947693
289.154438403137,138.011486533487,55761.8040370288,19.9782267850217,54,1.14394976191029
490.048531783185,372.333840685494,218760.020625315,15.8109590471727,89,0.205680919742757
469.437493422797,131.538202451254,251429.874702877,7.81811426146137,38,0.407874270150172
556.881904500002,289.501093347868,260508.350339407,21.6778950539444,57,0.18379501094299
263.621711896657,366.46060794639,135881.138958189,21.9162326452393,91,0.312948977550169
495.700063909938,144.293098126418,129702.66271504,24.2316165071887,76,0.339970722039699
334.305448528731,192.151063103741,269139.860023113,25.4633773789932,74,0.688180165692889
207.923652243806,230.595170587918,188793.22354037,8.0995057919495,13,0.95711491144593
339.465490328585,127.711690551666,182735.747082343,5.88517190621084,20,0.880212128455813
349.985027938894,169.160759804579,98925.3576325566,12.1418626723037,78,0.718701699964522
422.997226896444,256.023501532223,61459.9694214849,18.8408790891935,92,0.214258619005058
556.303841002593,239.893007562117,224979.635839509,5.86493326417568,91,0.200584273061825
430.116170686795,171.384554610895,65989.4247766628,22.6842452609144,27,0.377959352947642
236.40173387386,383.32006576466,138529.894998282,22.1181143148824,59,0.301948908378782
463.836212579033,315.067592595623,270075.592551069,9.16982315010601,39,0.15349023924483
359.604449674688,269.695958911001,277229.696494318,8.07317325583401,56,0.301417316285277
334.664323259176,298.143560071888,138872.135480199,8.08017834029066,45,0.264895665643101
291.610864843347,154.522495001671,150076.663689749,27.5575524005164,90,1.09105045549381
440.951257216395,204.330773487839,196787.659165707,22.8993083153446,62,0.291425299886981
352.86668558998,178.966065032357,295965.244863886,10.7371304024546,16,0.589582869578913
596.88657147839,351.35429125286,162182.13220919,9.58123055307452,89,0.200848071912593
494.65532020814,303.273005908458,246253.124962698,13.8016658738789,40,0.154971523792938
247.787806837714,148.66637979174,162893.789441019,29.2220944139089,55,1.330675035156
291.551043844686,175.367052893272,75649.1515872725,6.34257477877101,12,0.841460026560293
333.757220169372,304.417600413256,206727.601551474,13.0869732838491,29,0.238300483986889
548.56492159878,226.013983264465,128833.804702823,25.8593980820036,19,0.119774402607891
210.806555576522,362.068335489144,198943.557913052,25.9567762288784,87,0.482890154827347
582.039909359855,274.576423388536,116057.873499247,19.2045565642927,79,0.181598082073884
317.628991654967,150.216890338367,145285.391060176,20.10253389211,41,0.905407669331611
479.263920533018,260.45214996715,178098.997825838,23.3982478983346,41,0.14539920900499
314.516038790038,363.149006326931,135602.540026607,26.5868479505672,34,0.142512511670007
260.009140655185,186.251492017933,288041.503415714,6.07478802584879,10,0.933973268586733
321.589509600603,216.769060775998,191315.456559512,25.1151936750589,40,0.587268156738791
205.552275743438,344.634258094036,287118.868825938,13.2930137571963,66,0.532247710745396
453.750460622952,122.898948347549,82451.9589630288,14.2217636730163,61,0.512331873340224
517.322625257398,233.463120299163,136506.520702442,24.3741725756791,91,0.191665906237433
200.056059239892,136.579044319764,177739.393605573,11.9961830068239,28,1.72152376071393
431.273425669049,246.918764892831,270242.135911501,23.0302049277849,33,0.170817056912749
366.391853889069,317.327293246982,159302.047674616,22.7825185953653,12,0.111753566094946
494.202544878089,214.938448820902,225755.574605892,28.2979555182459,87,0.201641631962784
268.103658322485,398.661766838423,204866.829213369,21.6057973151488,50,0.173209194531621
356.08947658834,300.26753606427,51594.4348562275,14.9949518251389,51,0.210809313963861
544.852162105986,352.370394848491,212554.169193866,5.61626329666363,55,0.167858727094723
322.492317304357,269.012034331282,194836.455466516,18.8166911522666,99,0.460922695407067
345.413334674766,261.720798541207,130934.933387615,10.0643855171019,22,0.31980937971826
543.88055648881,100.460767419551,182124.13227469,6.42575247396673,85,0.347595503442996
456.117582746668,143.125105795559,65172.160167737,11.8158755315039,18,0.378379882381334
427.3039276293,286.648662467347,69495.3827948726,5.4611993753324,99,0.174627999892939
207.513300045686,360.27618128739,235717.435027659,11.1433065595265,57,0.456015887232889
265.107303182706,299.378896762892,261184.476277019,27.4476335099339,33,0.465549232457667
288.110030629356,308.559321363313,179305.624371912,8.33827917584392,31,0.347254944655177
428.974840641166,256.673090195658,193353.376826298,23.2294706330014,84,0.199495556464982
520.273152690509,396.750041783989,58953.960241813,14.3437517208218,53,0.145084113795018
287.622317718985,343.338061150165,133533.198755887,8.22900679182065,20,0.23009970941044
258.842210890972,329.100128838663,298029.916710848,14.2142879935457,49,0.39704160932586
265.882199942603,289.319804967184,229734.818012587,12.7039457751875,64,0.526124682110223
315.38396450769,191.531732292785,97097.4249150934,7.33829306186099,57,0.725168325357578
300.578061045111,277.660745458076,282492.016542514,22.4924922059995,96,0.501699742227118
407.663237544183,253.777341166556,228206.487840699,13.3799390093012,60,0.229265896983102
343.045963212303,146.961473340801,232765.797823939,12.7531822126131,47,0.811518632495452
302.017461481357,241.4176835118,235683.968401636,11.744382561576,85,0.609257127229623
252.252417756196,359.717474662761,71373.00619949,8.69296380852894,83,0.344662433916505
451.96340842634,221.605565033781,219237.766383521,21.6413662641105,52,0.205364743713143
357.222629901933,190.10113104527,119916.178769981,10.8410043250553,30,0.54164826893061
502.484102538716,228.235105889721,254951.315014613,6.35725380321642,22,0.129719914370456
567.096375849505,261.305860108654,180444.562242887,10.5716028394861,13,0.118083630130222
350.893208601637,227.101028096678,107990.805520738,20.859639244843,28,0.430122015460224
509.920545697641,135.82219808898,234953.312720492,22.9145182044278,38,0.290000223470626
353.292584947259,123.133182166519,123688.637828742,19.8765551101572,41,0.880827776809073
576.233809892921,294.302062498924,215727.884854971,8.82209609821913,76,0.190642798529298
319.612656554704,137.766460097146,180086.771507904,25.228240189491,71,1.01266417938349
399.337474040429,363.997137331839,174510.204931896,24.7655566141723,45,0.149269087196209
202.394803611883,255.607282806231,235142.704093157,15.0464196907982,20,0.867516776383193
302.780170374357,329.802010311166,235306.913779725,19.2133482214723,32,0.254261611943813
265.030315291106,274.307535385543,193002.810780991,26.9189131483655,72,0.604203469851219
485.605377419458,189.134835294881,83107.7066637287,15.8923322957076,63,0.213891081919798
230.863018106215,131.376279622742,152378.888747721,16.0760686669271,71,1.60306083237959
441.474927664839,191.35332061649,293743.951213519,17.3718019397336,43,0.309196230661576
280.730768118767,168.856404990876,105999.393235161,22.1068290128965,18,0.950318137301153
514.209801505223,161.951409359813,111254.963025322,10.7831684296316,39,0.192532842724921
463.464910265326,383.501304722309,111800.520555578,9.86386535805109,18,0.109842411055982
518.523471611211,325.209650191798,114507.320669507,10.1699743185351,28,0.121816133786735
245.010898648861,231.036144832844,148799.817532071,24.1788956116057,29,0.812965129876149
496.668783904027,342.121645745114,280246.089220822,18.2435771644258,87,0.214056192129325
359.997252234095,158.940837244967,77214.3165144247,22.5326624058257,57,0.703085478830243
433.885515736317,104.770114737859,280964.089116353,10.8135745760262,76,0.67806678942495
225.35332973231,159.248538815638,105704.153648598,23.0018963711332,24,1.34469388524994
429.30723727123,234.17313191194,171214.150726088,9.29300824863234,46,0.209924398113309
468.413651231381,282.935088567597,259036.799819622,18.4225213842651,81,0.197949983855606
598.92378544829,279.391079431107,236100.776321668,26.9565893382417,46,0.174364539278014
560.199483554743,178.050713980939,296544.874443169,29.0248685426449,64,0.194072193349537
393.224695990155,390.705907162521,114028.385756444,7.97087421649683,18,0.103348832853768
314.124167667215,301.061787281945,114490.33970036,22.9519049274693,85,0.364229655906179
262.469127173096,140.182483210848,231620.715682942,13.2596339693182,79,1.32118146151787
428.025763145765,316.399979157018,295190.713230202,25.1915286140463,45,0.169534355528019
386.094915186702,381.569405996286,297726.883803605,11.5563549735134,98,0.217308363140835
420.300871828229,165.003186849144,85818.7284033846,8.34075830446368,50,0.448946189777355
392.696565687151,133.539317048795,294784.303872645,18.6462330780116,65,0.701310905325305
562.800718854225,383.293365560027,59262.9054085629,15.4380336497744,56,0.151741971834304
496.099335145151,296.342139063455,95060.244937346,12.3404924176129,35,0.12293011058902
288.875756678618,359.01560018279,210635.989437756,8.39786805860153,50,0.220415201364369
452.16535290415,378.165688160999,165708.105985025,22.8467105439525,56,0.163664646745023
391.219385550533,333.318561977029,209253.56611022,17.6453213084663,44,0.147533315892641
526.097185148351,226.364619972339,111876.905863531,21.0302061797746,36,0.129651417320289
527.731901412576,280.872582302993,175483.816030023,12.7189821142119,77,0.181681481906302
292.921034163769,311.971701809304,232347.91404182,29.9405185166398,24,0.330640760186315
399.835442334992,333.016547921512,95888.5527184521,20.6789872103585,75,0.162337982674153
416.189652770109,191.056575259427,284128.804889664,21.7115075208128,91,0.437282262030134
342.502651772215,188.803695154433,252735.417687524,16.5684858570323,89,0.684263180884941
201.952724662,240.394918127686,237521.548409315,29.5466527375608,46,1.00084584972972
598.091659112632,321.62098811629,221902.141227157,7.79163091818218,30,0.147806750431085
313.207290100132,388.47918505859,91766.0001005248,25.7141429782047,88,0.180240447604976
483.888745955227,328.330448271936,276827.760569761,27.176200428267,50,0.178412657506093
556.121258477667,289.916593632017,186021.913188727,20.4538431417334,40,0.152972237339022
308.741436391182,196.540441213446,76369.8550205651,24.9985064607886,91,0.788398398119699
536.846169193651,176.550039267693,281775.278896314,19.4776335549884,20,0.139094998463533
230.077706882348,207.089464778981,212031.598015197,8.46310481680285,26,0.995137577326143
461.017257026044,338.164236120531,253530.424752461,22.3419548023504,50,0.170389967520761
331.656208997984,148.728662585951,186192.362494472,11.0015936055896,50,0.855099175889382
400.098799044633,377.968861438484,257382.067798941,24.6206521932805,22,0.140773178580852
590.710544720457,131.843817527059,263766.655127747,15.8777724311173,36,0.152332302529934
416.70076287412,138.951933361969,189973.509939109,24.6708511058635,43,0.564009540343573
477.26252152852,205.295648863078,169372.471460401,9.67423453048348,76,0.204945365944732
546.874231951377,320.253442957631,192246.805123141,25.95031602911,99,0.218606315019539
217.757665622975,348.065164838109,72089.2973465254,19.3534378379227,96,0.511032134084225
281.527533632954,177.733769971893,278585.021087942,19.6381502703093,71,0.976079979708432
535.243603075957,288.606441311073,259984.482612268,18.7372938957773,37,0.159620308118121
252.770347748701,193.606673805461,221137.103189937,11.1344444656785,60,1.00850382024768
317.143565180549,373.974278329931,206589.159622074,25.021918625929,48,0.151221848246493
497.592029463152,106.309619691011,63420.0729971779,8.69927239014366,11,0.369876673671499
322.946668386703,345.761464685875,52020.8397949845,6.17256558437909,40,0.169772870138626
443.566995713167,274.225475514423,125196.664237585,19.6421292332129,43,0.134067915294657
258.498942320956,281.364871942129,286619.674526231,8.07714769801604,26,0.532706660834317
432.99361747425,221.304377545068,248860.521808067,28.23195105953,13,0.215799081805138
243.068556521419,241.783629541311,171758.819177839,21.4102266455103,50,0.797743433769721
237.430363269476,362.571340461897,192990.432650167,15.362031789199,11,0.30574671655275
409.652648490174,220.303878116881,244861.323663663,24.8566261905366,90,0.361290699903491
269.260526085575,276.788810062467,96159.8910673971,7.82558664336079,20,0.497737500269866
470.857350733003,387.490711909414,197911.281371653,8.21364616400755,75,0.182916492718122
529.401208591254,107.615597942132,163377.285228019,14.8900028256705,57,0.337316019972641
222.663145911536,151.958140190592,273644.713494871,15.4593907554478,89,1.51948267641293
299.490332529683,219.920716290649,157887.057959813,8.15318240451092,35,0.636380640979746
595.009719762437,154.167997721586,168653.469098373,12.529105774082,85,0.18629779205812
354.955401731552,105.294048938956,242363.921735789,25.7664312158864,95,1.05565897200368
402.587782625033,188.574069138859,85159.2132598032,18.8453448465572,40,0.416123586586383
512.686237289625,298.096544469898,159265.382752115,20.8187455340588,13,0.117598588108408
516.416051570174,302.416772765962,297070.712798206,9.5635354283464,86,0.210321534846798
302.205468307519,292.229157685876,60327.7349913205,23.1994182216286,30,0.360730565357904
579.519134367709,115.467396642531,292512.307568645,14.9581823578566,55,0.193078398794511
438.347521293547,380.019529932874,139040.74056976,10.9790427982362,61,0.15663334082407
488.727571724119,349.178508272461,70929.3744182886,10.1283851600084,77,0.163423674361561
352.664105173245,208.854683491813,274654.302424626,17.2719017720459,48,0.518774904465333
355.071683369024,399.875713560221,204342.656428453,19.4230534792566,73,0.17849329648025
234.558782323237,262.369803507321,170951.576595203,11.5645417524354,64,0.750440701547438
581.749167450937,242.38338543327,271085.271348466,26.3091147101909,37,0.166782452194617
469.968092282027,396.241536067979,208921.754506538,18.5226284463817,48,0.163279294819715
444.635768840004,195.371450232192,283186.021749122,18.5768312893196,67,0.315476605136775
390.651922571631,375.114175461018,106239.274404227,11.9394082989554,79,0.165377054274102
328.749663002883,165.912299694079,144122.809384975,15.0013063503396,30,0.757729231651776
211.136399818338,349.064256652162,109248.78342689,9.54820922826479,16,0.426890420057632
411.524796390819,350.87300477424,281497.677245873,11.7534342544015,76,0.192386554781497
576.424841295665,217.782905526441,198210.878741019,29.1372866496524,27,0.143554059888589
424.586611752938,270.086359632841,251249.093020658,18.3495773702725,90,0.201007768739284
421.472253221705,302.302042048009,217960.9600059,27.257086410704,44,0.154942215760832
471.269517312349,262.768415382106,142103.954275122,18.3582577982477,79,0.174842609742329
565.67196244351,103.778987860438,189776.103288603,6.70161110386934,34,0.225903716434624
208.886447696664,367.871122665164,177575.368029414,12.0140952046918,65,0.433462200064347
541.639863419493,302.743370643757,174344.231175828,23.2422401088294,29,0.140784444342873
269.729459621214,191.271982785702,262769.784148842,29.0483971043732,49,0.935439438082176
393.332648351467,368.075774585232,275814.68192761,26.8251550449191,75,0.198120941066531
258.911260508156,279.043362267348,91566.7235552612,22.0130496843092,83,0.614922648265487
273.017300126873,328.004004912793,116503.059536742,6.38087029842063,66,0.365504661166689
544.568386160025,257.753480880175,131981.456460641,28.0195333544579,63,0.168269810561151
595.075185603344,311.163661100378,60629.3339136493,15.5396059249473,28,0.121511461960347
254.002568035796,152.813259514579,101887.757448091,24.666038539325,11,1.18629200452972
355.196668995267,322.33776994477,299460.561620966,14.7802035023924,29,0.145457360100747
269.468849663394,215.467972631819,87700.9517132251,22.0880295730328,27,0.775123934101202
262.728562182024,119.797737747083,270711.930924831,7.21038287882115,80,1.46480435030227
345.622662233333,186.970983819281,288553.631703982,19.623803096532,12,0.584008811588967
343.423025568859,353.725292414594,250600.057030158,13.0251980234868,55,0.160375095899274
342.202963286752,240.44214029276,255298.228053102,7.58660695800754,40,0.423625130794048
479.432870643435,352.800746457674,118780.129231758,10.4604611732187,31,0.124079605166348
209.855751465343,369.979753053955,61504.0575342777,16.810763095979,77,0.435526651963062
283.545151196644,345.47326603929,263161.381539759,17.0493878663225,33,0.260827806584987
499.235965694416,120.687769029825,82113.3760045487,20.3943487201928,34,0.352643255227802
479.59189960992,305.051895662489,291585.927744438,8.80780400596139,84,0.203788481033522
363.578385536491,268.930944721028,157971.333292102,18.9396846834923,51,0.28803263908991
495.662169920914,367.160214323547,234536.781196253,20.8377431170656,72,0.193877146537049
351.461529689501,132.96907462714,50174.550194907,29.6831742879304,100,0.930139189681263
378.875127021751,230.488957201957,96027.3895721105,18.0792946065169,74,0.38684368107612
521.095196235018,134.411103883697,94976.810724788,21.0108627983967,65,0.286735134275695
279.117914173441,186.477979106542,68901.1561166186,23.8812811850429,42,0.899714358016701
447.322772546155,374.655483387995,50690.0085562193,6.14656894980967,32,0.109683822694336
472.084256901414,383.848374673678,95214.2228429434,29.1883972547045,23,0.123480330424383
298.029576744533,201.116379558654,240420.130070474,22.7068124159128,71,0.786242856144742
239.051520599517,358.08582356307,94627.0603443207,14.6642862960293,97,0.408896536407291
291.142663479147,268.602879382573,257629.242707824,19.8807710752119,59,0.517435363810029
441.943719559576,323.253390587961,168444.002644375,13.059117513095,48,0.146057948100908
502.745906593066,109.925126802554,79287.0760766145,28.8627466331544,96,0.456029450717269
271.685921350171,290.407319795977,286496.281423114,14.2039858569344,35,0.47098349132409
275.501191671709,280.589959789678,179523.097831128,13.9507769655834,37,0.491542073456057
238.386537246485,114.622297102629,259864.858477629,5.78721227720177,76,1.68212635123289
525.164104754674,220.527005754426,204079.516058846,25.330615717534,44,0.155453137215825
246.714428571371,366.055327149596,123406.308057897,18.6445178991376,65,0.328995791751079
533.412672552525,366.566716154022,232455.307972885,17.0292729222416,65,0.187631101403499
556.583348759271,108.989389113548,169545.847061959,20.2946095251912,42,0.248930516880317
397.897159335566,192.381678856379,285063.974211537,29.7335317201231,54,0.44951541653062
269.668927900254,328.085982819277,131843.867528807,27.9908589643513,100,0.428224097153531
587.551294068926,347.515754909085,251347.843089154,19.1223837453432,93,0.224274418237967
579.954151930005,376.86136310491,113230.224799985,25.9993648228105,17,0.127908186086516
294.270077727734,364.510444027213,134614.135765756,27.7201075535037,39,0.187661571618964
317.946726845889,156.779164548836,121225.952647652,5.12896563076076,83,0.918930396338744
242.086532587583,229.728767109747,263315.878625027,20.1588053664268,16,0.813015991715579
520.555923444796,295.003553499937,251464.757430032,8.14168179575075,72,0.187314314505876
468.499947092546,272.272568077746,146043.525944412,23.9523312896357,68,0.167685394703705
200.081385854037,354.867360861979,277366.570910632,12.3148616074983,50,0.493199933307115
212.20721325373,273.889819695295,229955.276550483,10.635105956593,31,0.747218365537315
248.708278902187,166.94709346844,76545.8675125476,20.4845837011299,13,1.12495661985136
571.009980130058,349.907695425794,93341.5833445109,29.6202162959104,13,0.119815424756361
235.740009505707,219.092124526892,187261.120028346,8.18845284692903,96,1.00446974945998
319.732281500555,377.689800615677,138750.823322068,24.9617757961388,91,0.184113520672415
536.485666440434,341.36742731873,245057.769394856,18.8799679225438,47,0.17097908283402
321.9481568186,119.007955890746,219387.230010533,5.94177650412262,76,1.10223292984094
237.554720627078,147.946687783534,204027.580251398,10.5050665030263,90,1.44602877279104
449.103962499481,318.676592806312,247719.542029325,20.4452158103831,60,0.17624459826375
424.82518142203,365.410523357371,164735.853968776,14.9537993486738,14,0.112892020277324
475.224766270067,260.823307011571,115578.159200735,11.8486473054082,84,0.172108473213776
398.444524387365,310.770079417522,56353.2628018743,11.7396703782278,76,0.158779025704953
598.429992290367,317.015029653897,130323.142990051,11.4461619992949,85,0.190210083744415
305.827037038347,243.652648283929,185431.327863694,19.9224893800573,89,0.59586267594566
368.074427980416,237.273820194922,292266.79203875,23.2073998797143,37,0.365723803826632
328.067923782295,347.481453885082,271927.257365173,15.8383359185036,86,0.20160172331452
531.184967454553,360.328049410793,161357.646689359,19.2414879859292,96,0.207832891573066
341.847236291505,154.826427950545,138096.25448409,25.9086444052897,88,0.843848944001497
226.341652754199,227.316108712283,73363.5643385309,28.8245426766385,99,1.02714498043203
215.714311434935,395.455932429844,210081.455073037,7.5406863423014,67,0.32679428013973
503.653184955845,100.36006777146,172752.569359524,6.50171367596982,47,0.418686016433
523.526181548564,342.735077759637,57600.2631731222,6.37806180656568,39,0.122902433934816
354.036545363169,193.769021566235,94897.9281037732,19.4564298356097,92,0.622418114528672
360.455094596286,150.228958598524,136347.143209271,5.8510512893624,27,0.689137839542556
273.789699058341,213.483991441904,299332.97011275,13.3565038490941,53,0.800358219516987
353.035483733207,138.877783502267,191461.112438922,26.0012941615388,31,0.794259072275849
314.808966835145,248.648757724266,151397.809904658,7.76054771987596,91,0.539416828957668
530.617246018547,346.465186671967,173732.112264897,27.6264625730731,61,0.177725803831615
356.277795830344,153.543172087011,82944.3882929766,16.0972222366933,85,0.776327300990522
540.188702390109,131.263192305311,236398.037767332,20.1435851956527,35,0.222165453415851
271.383330602373,244.037960582076,265795.183566417,28.0509776468363,97,0.740737933594437
376.245566521891,238.470562078093,250225.89639557,11.7473259374868,85,0.384537765378567
247.425132147707,177.36677773898,293026.937780335,28.6603087403927,52,1.13418644066002
598.609551102169,235.090250355035,269420.500752182,27.0207061293985,98,0.230371637815686
441.832675839289,312.9100059759,165635.496429715,24.9586540289362,68,0.171859370598485
349.536309242286,294.401607568763,59368.4630652004,5.13097532864939,29,0.21392898110242
398.052901850912,111.15720369988,139366.019874757,21.8022575839055,18,0.7152358392106
210.77937657805,336.327696857742,81457.1313686197,24.9368639939453,18,0.484753029747197
242.371538573052,370.807728009079,250530.551912243,14.523896440911,35,0.296949892214218
514.526953622467,345.548866198371,264207.966469305,29.8728967525351,71,0.203120643482381
364.863253291795,351.208822571663,151901.765968697,9.90368188920982,15,0.102641212695164
302.934379534851,118.823350187389,83465.7957568337,25.2449645547238,53,1.19128380563803
221.424117188401,240.841625033309,240030.370825599,18.9703388533083,67,0.924510012011075
512.767359920218,385.085342090504,140238.807592184,16.0128068104553,40,0.145112052063656
350.351693704274,105.030416160234,178541.780591786,24.0942375300723,15,0.958284651364665
527.131100210797,365.674695964897,54442.6900501228,9.91810149435321,15,0.101562684133259
237.871832083028,101.065766978838,251747.858547993,9.74258321754598,83,1.83143372807214
332.023635884818,384.084846487724,290706.921733316,15.6423905639425,33,0.147101284480934
459.828013455553,112.316352816571,191352.335127453,21.8589835458047,86,0.572406063680389
314.566253854816,203.009330785667,100435.035798146,22.0420928837754,39,0.663949583048253
374.254060313085,311.063444984617,198710.259105915,7.07652301473173,95,0.189183142532082
477.851010096345,257.185824414281,281831.375702448,14.2272153738512,99,0.217127336959984
398.536719796563,162.861405959485,139338.473245548,5.45949488367141,82,0.567756801898291
496.516095929636,310.996997552954,232446.160740455,20.4153305587845,64,0.181473677747358
223.827882293525,318.823503086288,260713.554741201,14.421356873201,13,0.498757698392351
568.091613246505,304.847708696602,90934.4006751193,20.3688554948912,62,0.161284730254977
599.202148070518,269.121364489186,163625.091740844,8.24694173811594,14,0.118370059767234
577.150026848873,395.820937088819,53696.0248360602,21.570575452584,90,0.191064567850872
300.057614503072,377.152853798092,266067.956896215,17.0001435111593,31,0.138260015135153
578.755868563297,278.268830667304,215972.386339659,25.7520274431545,68,0.190907977273494
289.080639913441,166.994989456191,111936.961323634,24.0061558827923,53,0.973534476335738
402.848543333946,236.341586669132,270498.463332467,28.919698155234,59,0.300711663284429
522.784393620351,129.686578606372,64729.8074927209,12.5954848736871,45,0.267833132798486
468.615029870116,334.520508290886,66933.5697946884,26.2670876369526,33,0.123733435148452
395.92497394019,152.892332562249,98094.1016368227,25.0693193051422,14,0.541118043724538
316.526403630062,352.91311151345,120614.095285005,6.94876362106068,57,0.171618951537728
592.545157148592,259.122632821309,224414.253712595,20.9982666253952,14,0.13444697081134
478.839374004021,285.229414602436,237422.652078653,8.71339137509181,93,0.202334544386965
284.074238792835,268.103084626843,76786.714988188,21.7961133364566,85,0.570014409778971
366.767823027813,174.589483919902,270344.764281402,27.9728714398531,96,0.670535829354468
366.505560513038,329.017974829988,241131.04557558,9.16228951703664,66,0.168358027835096
562.138888873632,331.483445885261,212459.59941511,9.75385466512452,90,0.20611067688699
235.038410588348,379.563841355575,53586.7143022143,17.5837372951593,18,0.275231819801211
334.841118296058,145.629160426883,74001.3696335471,9.83894993063992,41,0.840767209898235
276.661753572898,375.211315070445,188526.031127934,20.5231431765835,86,0.250770857238507
580.669908703807,219.597297763926,246140.716603471,11.7560633565693,21,0.136600615328645
429.669362382458,296.984094703891,244936.171234869,23.8518756520138,41,0.155000736915054
470.732695026872,274.846262353847,237871.359015366,22.9890475068811,44,0.158627849154413
276.348099987689,272.03071548326,124342.61055898,19.6455276064233,72,0.565816626414252
389.559913629812,293.440987188492,82845.2563059643,16.9065783241503,31,0.137969745561718
446.743721459139,321.346439076845,65821.3824582623,24.5551286414451,74,0.161748342726139
280.098615260504,314.628386822763,171920.335597636,5.90750163739528,24,0.341172318707602
557.611358117294,244.714363222865,160949.731769714,18.341007018931,58,0.163122225645249
200.879649830257,133.758428172253,204160.572745642,29.6557457576862,66,1.83192565598322
272.570888429737,232.518887728337,201957.684319727,21.4781989038394,49,0.71643632962618
581.051635084525,313.625411039915,259761.802994014,6.75344584769014,31,0.152664395067891
426.720472005527,374.867583532903,241402.834551576,18.0313327814948,95,0.21137272269424
361.558587571057,243.461776639393,199616.977003105,10.7940628937254,35,0.350386228823875
425.495173692633,201.372791608109,288395.063156576,24.894040720179,89,0.377240264230355
465.813591135486,296.54343130616,167171.874643749,14.9012752905137,73,0.172825970020679
398.719999552628,143.778581750551,288714.305460864,25.5303809016792,69,0.645228922907691
394.436374478943,238.901978424084,109713.74620966,7.99699546174133,97,0.337451281197891
360.343870019284,170.398523037339,298323.899269578,11.1104449950325,26,0.610633414301543
248.435831784294,171.587428145417,213583.509231069,24.3424001321551,50,1.15864311384315
266.610866966284,231.733947218781,53012.7074141087,10.3364336310306,88,0.786363277907101
303.163024479675,258.028659162662,116837.501926241,17.2440142522108,80,0.535001086821828
519.391923860151,361.325141644116,251830.779238716,23.7680332873217,26,0.153083535265308
360.875461209002,245.156568925939,93043.7939706598,8.35972713445052,31,0.335655468325326
509.722813095012,346.646068970395,198308.057515649,8.93644662450211,33,0.141182181675929
486.606211296089,380.257768607226,206605.981454828,16.2922213616268,43,0.156989617227657
493.811798010305,344.287345400431,84999.0277183885,18.694498690327,64,0.15732720785899
482.977709150848,303.429188320373,219315.199090368,9.84687250063668,52,0.159461396878631
212.351267363831,300.963220605874,79605.146236998,24.0952463955222,75,0.69202822839935
555.762705178672,380.043061205126,154735.453780649,20.4921932512766,63,0.177111120894717
339.977710441355,324.386722253848,148422.087859954,21.2452556896745,84,0.228450444406945
491.812222837246,154.918885391076,110060.050227244,17.0880762397918,89,0.327140584626498
357.081428424481,297.610351744797,67027.6326615459,25.7864872801186,77,0.250362332443934
435.753792004498,218.674716584067,103539.926002326,8.00360131414149,82,0.271705676723958
422.455611381343,129.198419293405,179898.751138732,15.8592597799444,21,0.548237752744262
582.232174605912,332.820239367315,191842.897918793,9.92021824941854,78,0.192293225752547
553.109214868538,260.159059129157,55844.5679941657,25.5134758884877,40,0.131290324403729
555.867148464328,180.78170471662,257074.917398872,26.314580338805,68,0.189743296131669
597.541922673177,142.567494995366,268082.721009717,8.44948619746281,42,0.156476617251311
434.954837471559,140.054105786649,192490.374415564,13.5634021287951,14,0.456113115204726
469.747617988542,398.33762646872,295725.577976798,13.5231338832994,10,0.136575952451085
489.947950974437,337.110136294203,299431.010944932,12.7710680610708,71,0.19702674016353
363.369224773001,324.770568656551,71793.7060646244,18.0648516019659,50,0.153738976487568
318.631338514776,182.768888598086,290309.807310461,17.2952755833807,45,0.747335039354146
517.25452299575,273.154441253806,160522.829444215,28.0243764323574,89,0.198319931954721
386.662489071093,353.451341563626,202596.116390575,11.6808620630284,27,0.126654354666523
201.872048356969,138.53926832774,127451.800344334,28.3449639185605,40,1.7317191868584
340.446154546681,253.112389452868,113658.267485626,12.9513964161975,74,0.423519388035196
297.888903445476,115.163944081243,265591.363467115,15.0051224995915,61,1.24648545184746
466.85725475169,107.431629408228,224245.250221295,14.2623535844708,33,0.498467429203067
516.74756451034,124.213055199286,260043.363971625,21.9020372388127,42,0.312110262065239
388.70969777452,338.470882112448,58924.9462440583,13.180754312124,71,0.147439973932225
434.129596543854,155.740704630219,292686.303224428,17.849292631279,84,0.493832175084368
202.081689288169,134.757716085426,201347.311390785,6.94380034031084,42,1.74139856464453
393.995939440227,198.627936052345,217340.914925428,23.5225623638956,91,0.47689840950396
340.698618180332,121.080929106217,73741.0266804969,14.6674749573839,46,0.954804731490117
566.000304882661,290.675204446252,159395.436564222,22.1576707048324,62,0.172820373738201
594.023060828601,189.707977907259,177537.754948506,23.7325462056581,79,0.190042668951592
223.40553378127,197.476809927039,266818.449830786,21.2864381216867,87,1.19457121356189
340.121848942659,335.721790905874,69197.7622895126,24.9210741995163,35,0.154321983338085
287.08200099528,129.107568903741,150243.103346993,27.5447138344206,57,1.22411714350158
355.236753219917,126.912655184129,155826.574386405,13.0141937912817,78,0.900984462855968
513.783727703253,261.390888129703,214375.1469455,13.9018952702145,66,0.175163431801306
357.599183938116,281.78282382719,230662.95550196,17.3399298317161,87,0.308341926098491
591.568473192514,170.601285310048,200258.479786494,23.4385482904183,27,0.13904278382464
502.0998675628,350.508633133465,205449.736953164,25.7648166950791,89,0.208489302459316
275.073811005804,383.214883144457,57441.2941200641,16.4625946699378,62,0.215447220629455
593.520200403858,386.197559440946,154026.488076092,25.1818574455934,98,0.219182953959874
232.465476884055,399.961586809422,142896.053540262,22.7773212272128,15,0.217040151322295
529.807007300971,227.354399282972,153044.945508295,10.2534619748344,68,0.163950901075799
231.606929432444,338.312504969301,202999.896785058,25.3434449266029,12,0.408338561906881
247.956667343562,177.830420800699,290066.475367391,21.3585083650926,39,1.10200293796177
230.10119213552,247.24529705271,178183.204018549,25.2698251497684,12,0.777776887972914
492.049871414384,307.548602745851,117044.810787199,6.90463034158336,10,0.098493885282803
492.107714792233,209.665652360904,91056.5826659259,12.0820730418001,65,0.154503064801889
555.343958865272,103.212700672106,125251.909029226,26.6243024704858,41,0.269212295308303
413.00777116839,230.939774434784,234001.44649034,15.1438212180394,44,0.263959930543129
363.347030527361,281.96546584522,73211.4117044504,29.3612442035028,37,0.237417213671794
282.049010721209,264.578034319297,147216.952577166,20.5949541343354,98,0.608734533186679
208.305320211304,383.483888659168,211898.750597947,11.3328267280239,25,0.339151798404493
457.497136429515,356.389990760292,164598.527021866,7.12401207343831,38,0.135506559218774
444.693715224177,225.475129744562,121438.756013102,24.5317267671299,29,0.18430774659766
206.897859829684,102.084287328813,53452.0001464608,19.9636954211034,63,2.11494227035923
369.379477246558,212.842072676724,197356.256256157,5.80337520689119,71,0.468148972875167
468.730499776464,320.10358097365,162696.573002201,9.57195076872971,79,0.177110637291799
303.025266293104,300.473382850974,130829.766517706,9.26354729923932,51,0.351305319434622
266.473699882014,376.547212704827,139432.123021443,28.7622564834787,73,0.261155518719823
462.454260076724,174.9681538189,88668.5751418926,27.7712987026219,82,0.342368831189304
545.731155823603,104.141363955064,152549.776903172,6.71924795086681,67,0.309950042833934
392.81197103338,366.911125944863,243309.728535281,23.5016953247826,59,0.174256231928529
486.443425485365,357.692370702177,240527.431035297,20.85180431123,88,0.209834196720875
538.765357569054,209.35025942083,120961.738237552,16.2795273046039,67,0.160361571848907
498.014378806947,392.002732297149,121943.431965871,24.4376509497495,58,0.164147810754181
576.096002132312,114.092128425672,138041.813297643,15.6668422237008,62,0.204240821457583
218.287515125154,318.072413753427,282028.467167771,27.4339888769522,42,0.566553958131839
581.575269490357,399.02508393382,125463.875193751,5.924073558864,60,0.164663180811612
568.829951731699,357.915287340356,77813.391597809,24.9451735507174,48,0.150776979225193
582.353244902241,396.061288058856,267608.227574527,7.75678347203058,93,0.22357637758932
551.683587827292,234.962110454758,231920.711132682,27.4117309101881,94,0.215864146632544
390.908691750547,208.613171022612,69749.161066569,14.7356603462308,53,0.395671020995794
257.351016371114,352.563786428217,270582.590367917,18.0167192841404,74,0.357023248466125
567.223415309433,247.78495116179,267157.973017437,8.42473205217512,68,0.187134189864177
348.884506718101,132.609862765752,116183.724451796,18.3804542219218,75,0.899906843080107
591.241993576539,196.048546306955,65106.1959805985,26.3436564437975,60,0.153000894796995
316.207452323401,164.855138026175,205016.046347917,18.3697673791961,72,0.880519062548025
386.917994381291,216.716519287738,158355.19023875,14.6217947725103,62,0.395149249838595
456.346477613832,239.84652953305,293127.691011943,14.1678363363102,74,0.190351681372677
329.933940201643,340.524262088572,183879.807698542,10.9062357170673,93,0.215262901940797
565.767141412423,318.575273329755,170894.136919966,24.6561937650718,60,0.175917502816994
200.593603800355,379.504594175577,213174.717763384,14.3165637116945,81,0.442284897224104
461.848346805916,267.82133263728,250401.526711122,15.0647418172522,42,0.153129663532427
328.348605603994,205.031302616263,290121.626465586,19.9282295781569,24,0.589281865824277
267.459428320425,231.337297917591,277134.723392837,25.2065929278799,90,0.802590236742187
555.245217815412,241.926312761745,162457.330946918,24.503730119754,74,0.18272805211753
494.998997930392,330.900018303021,229906.268989897,13.9972417450593,27,0.140832454015304
371.722208895589,125.845592007752,295307.843895215,22.9210477787715,42,0.792652341456718
575.447660485261,291.633521935938,52127.1863146419,27.2292367063408,43,0.138747611460426
311.060575058783,218.895223224967,65477.7903277334,29.7155356174919,24,0.594859564533661
325.468564930139,216.126907220213,147110.817210614,19.3264823963815,17,0.541114511434601
333.195464752329,365.230869234573,190376.606623059,16.581173786044,37,0.133452156349422
373.754974271027,295.474514242256,265403.23195974,8.97419689666001,63,0.201592140527349
358.932901881715,316.318900988583,70529.3933695474,29.3255479135721,53,0.176543797263352
225.689569415937,208.097217979583,180285.985136229,10.0278418991046,56,1.06006484810715
376.715689567879,233.322288212419,59691.9233999743,6.41874278265349,37,0.332335964872945
336.796093069912,238.480687819294,299811.36547789,23.3710270083577,77,0.503114290381512
551.623138322831,184.261635109416,278463.250808216,24.104337854741,83,0.207390256769316
572.821729007686,380.164515056363,252763.498924887,28.4410431478833,87,0.224289632939094
541.690836808516,360.785721535851,63547.6997549956,28.6192845965723,63,0.16345466445605
235.587912996091,120.550052013497,244053.889525102,24.289785455024,91,1.69905575678031
547.833101146818,315.34111395044,121967.979440805,17.4165365918266,22,0.122887751484872
380.466389720207,366.783405338277,90560.5592615886,13.7981833606818,66,0.148942805257563
472.809420178122,262.182979657765,248184.917790137,5.26085302670872,60,0.166439968890308
396.603856468983,230.534050501683,60664.7397252599,15.1258318037974,50,0.306146511919821
374.659139996274,101.805074620969,245706.390788447,21.704047732778,59,0.922996403460524
542.366330939366,318.583838229026,268013.847596489,25.2739656586943,16,0.145677105571301
276.005380694002,278.862185166035,121391.669347508,15.5577387041017,74,0.54082940845981
230.77110443097,389.335552890258,57514.2615203949,27.2248659619838,51,0.299089506349245
541.885411251443,223.575364475965,186577.158663724,7.86264759247214,85,0.186607809432727
568.17315992681,309.965792620465,286295.03640743,9.85691308864623,78,0.205604019109053
494.880431018142,217.260059450559,206670.214491082,6.83487723944947,78,0.177666256793237
224.091602673459,366.146110152992,88966.4533322064,23.273750850876,36,0.36164120771369
332.572590161346,156.204375624546,258298.794278304,7.83800006980266,69,0.839565989997431
342.062292738283,173.126939499705,261815.37097718,22.6724222133562,82,0.749303775936412
242.317056615512,338.113674527046,218528.88834117,24.9145234114021,60,0.433292449900159
234.069571826933,314.867337841615,97180.9273596999,29.8384780667093,23,0.49453699058074
283.740146420022,221.954422554587,93064.0139601834,28.0355528307603,78,0.759852957336006
562.916114243243,276.871561971192,83252.8933303904,21.4549546843091,86,0.182827685258006
563.736516976903,128.968028765233,243979.321172005,6.43526918743638,21,0.151133236662261
535.527453925855,239.795443729876,183931.833969624,7.25300880208934,52,0.152537075085725
339.662703016919,355.437497930971,55409.0595819306,18.8295333026176,25,0.124806708653815
202.574284051569,156.951069282938,129103.66219499,19.0607709889329,61,1.59097543403578
248.515300636496,380.317856767,148311.972404337,11.1942878399407,96,0.312931187710567
345.342921452529,338.03711713412,184899.747235367,7.74475742076523,12,0.10139807546075
488.835875500775,327.240484391805,235294.533009061,7.3550438730392,27,0.137329768600542
450.098636425437,386.99812087093,204225.243782221,14.4261618333862,43,0.152726595979506
437.444448094612,394.802608367754,177001.199720478,19.8263880099201,19,0.125836468445239
363.792196606966,382.587331360762,221385.069245665,5.8466749187587,30,0.129610737001314
202.79618486017,207.862041991505,220601.950660403,18.7077185172842,74,1.22750677235528
504.69609644652,102.300369639858,86362.3242181095,17.9870863904975,11,0.369501544433518
404.166934115172,259.89308352875,299664.018823389,27.4271490565042,29,0.20006908603404
429.717369802399,223.202434275845,221480.036101763,5.77480645104063,49,0.243136043579585
452.020798000127,173.898412280414,190344.476498822,15.7205061894853,48,0.333647392761129
252.21521319877,111.327459183031,72681.7869084508,16.9474889426569,79,1.631157976422
594.254696646644,262.241979964314,147675.034836876,24.9542097302114,13,0.122848716893971
229.595646548515,215.850115641634,189705.404453267,7.88718801701842,21,0.940532709645599
564.543914389603,204.745190077037,105209.229418157,6.05073661179812,28,0.114176004755729
419.232243587374,155.492773844109,60081.9992076743,27.0603624235936,47,0.49410119153091
561.189773488779,358.293922003895,243238.686695132,22.5383839729102,66,0.195454778185861
561.346059762715,394.864125108188,93273.8574324586,7.67918747469219,24,0.121180366003034
553.483833008972,378.834189570895,295750.680276557,14.1323008912756,61,0.195367526137881
306.384172198744,169.393821020915,267549.524811244,7.45128688665654,77,0.901824416212926
557.771292626565,163.152766714582,54192.7936821485,21.7543754773666,94,0.17953004673546
585.515475771748,340.224806053694,251860.923074692,28.6228734218234,57,0.192030052006264
255.207519549761,229.018882897139,160087.257183622,28.547492221947,29,0.781426619704901
248.906141718426,367.972931863699,142841.913040861,8.86158222484141,20,0.261954603584877
270.552476641063,183.236539400031,176247.37532947,15.7783985653497,45,0.957751861766388
396.318760777565,333.384993897082,188664.854858898,8.85156472804335,93,0.189846187159493
219.464295867273,142.624136721837,238748.413264712,24.5728602742331,49,1.55798709856392
463.643676872583,187.751867250274,287959.662756038,12.4369813142807,75,0.293848018393579
448.361450860842,371.109530473307,276654.784131369,21.5109441787031,99,0.225080550101346
595.688439642954,289.161356594363,227494.634762333,19.6501086304072,88,0.212258084784298
592.120817400983,203.709323837277,200199.613243483,24.1172383625647,90,0.206132928226449
516.670570909789,253.02578746037,174754.562971607,7.57582288759832,96,0.195369981531593
265.2013210223,376.306324324614,149655.652944823,23.5395857920048,76,0.265871578262542
359.323386597608,373.261913193988,255499.004383796,18.5904049956082,100,0.213036642998762
566.719368151636,198.313141243806,230132.741907351,29.9193018998326,28,0.148295349293839
242.484221812312,338.866442253101,87164.2658797103,18.8998207888083,44,0.401741024931439
415.801332225549,313.941368209854,216235.47781181,15.231365155675,73,0.178028351709078
488.083067183848,200.444554696604,98661.9423569113,23.2798417855449,56,0.175363845922694
258.17731295073,108.667038929431,56825.8830710117,15.5758095194305,61,1.57408613244787
516.150000265877,210.75523725889,215682.722398525,16.6757848741053,75,0.182989394856833
343.26840236755,101.773028609366,196745.363309062,28.5799559926984,29,1.03832057372626
348.776342302142,333.551980261945,230993.991414444,20.6531888743412,58,0.163417303945021
552.074152368175,290.819632669342,262085.350274758,9.56711298902079,28,0.147417001485766
310.928451048931,391.248358676843,166348.597727142,11.7615058314881,80,0.170455961121166
309.907399384356,122.150835668614,128037.753464834,9.94357205388807,80,1.15950358022982
489.189672246612,195.210150972291,211198.810265903,27.7785493465538,74,0.213854367160252
246.614111605028,176.374242216051,57824.9051704082,15.1600429575599,55,1.14083649407048
531.507401875757,214.487146269521,199213.490677845,23.9907850396178,58,0.168396119674008
412.730809287159,378.73616606714,79514.5986619291,25.9787856221333,81,0.172754079819294
357.864567147517,227.251504090473,237157.070141516,17.6439045766551,81,0.47481301230043
502.444803094875,177.260196140968,135695.134782182,18.2272825438642,99,0.247917539837034
271.826902680343,126.170447928252,246616.257643897,15.8664551140744,71,1.34963347863055
513.423762635083,254.380737458445,168709.15863479,10.9998973094731,93,0.192934164466281
535.344727310534,368.869448037361,79454.0138305209,11.1639595307012,41,0.134077531323963
458.099138628792,321.25416341757,166960.474441647,25.8701004872894,94,0.20121358766363
396.725867329044,264.283512863169,145373.563667003,15.0873842458314,92,0.258001608772748
359.398617655844,280.246972255656,76927.4834307629,22.0653414243909,94,0.311043425967612
358.275902999598,270.675971563005,252480.912365163,26.2898761357964,67,0.323631194767213
391.667810257568,241.19151831049,187011.308586411,8.25123657954371,34,0.271972577844508
339.903267215621,364.583618679565,172710.668881919,27.8917484728656,43,0.143316523786246
304.558198496167,239.946024504428,214605.003425625,25.3980245455021,27,0.541261586595235
404.399369404117,395.11880691035,171398.276829306,14.4164408398527,92,0.193711270276411
218.645187089574,224.223957607971,227706.255413964,20.8422168359394,33,0.978470808941944
301.936946461999,135.425260815632,285398.175834889,15.6918073523725,17,1.02687319688362
476.376984978983,161.673702625357,133576.477020735,20.6639983530408,20,0.274127522141012
447.728613491836,296.146497015115,239864.910484979,25.4426012680996,46,0.161691252442774
503.421136394785,104.485328435968,112326.747382925,16.048308744658,88,0.456922626253529
554.498284184296,369.736298175158,282920.109892043,10.555421417735,87,0.217334556272907
398.882681876269,115.091210850631,290436.253300804,20.2640109486126,53,0.744283344586493
382.716560536215,255.184427761973,117778.83310687,26.8571123671916,94,0.328064844392365
545.962202279995,151.338349057648,155381.928205648,20.5707525023103,51,0.167213707398508
385.559758966956,296.802048556088,68888.6133608124,29.9133634744838,74,0.192375626230801
511.830270451567,156.057550714812,124049.391374675,19.3778492934744,72,0.255562647047892
335.031082705036,386.401824466841,82523.0623750161,23.8031417105328,68,0.152290150030677
577.988250546404,204.420992307729,52977.6417530265,12.4107662292734,32,0.114018918028895
586.714674436737,250.312413745946,166294.505821783,5.84035948171355,96,0.199097480326273
492.570794769238,125.967904737653,104267.870225484,7.29028491307993,80,0.400772204442729
510.721100374911,389.610541186669,279975.723236926,11.8690891984634,24,0.150426635719328
356.834183407751,239.272162845091,207709.846244769,29.0049674227738,31,0.384408243544741
406.239246200752,146.725528463483,127441.487067478,25.6938148567103,63,0.593587698006256
502.193022186719,136.116452322442,257016.251386985,7.63227694322899,97,0.36728410072996
421.2685587457,216.287898091032,141699.325987029,7.7487933704351,12,0.240656990837745
499.305117040779,149.996297634375,229767.565237434,27.5154568377534,68,0.310858271207052
466.744690697764,284.301560934331,278075.271834515,8.27428604742634,89,0.203787610395682
342.830433168375,297.402329903972,81210.6276968416,22.6184982623148,36,0.241466914336956
319.137163172072,134.019404741441,193721.992809608,24.0259000046876,22,0.961371065744358
538.948699461711,103.964139512074,204830.776393039,15.6316625365225,93,0.365476902641334
345.44669324093,323.540139495323,269470.574503373,17.4724456737296,80,0.217523826410579
583.90450169666,274.157924524249,267498.665753309,9.22381539810499,96,0.219532532941333
264.155003085856,246.043199884546,136831.838252299,22.6604684452303,56,0.699067704914392
547.139951359626,367.579080807141,64079.2612038176,9.46221782120676,25,0.11512017839921
483.410871090128,181.809648728946,216179.778838965,14.9150672652898,52,0.234189867400629
534.869461132609,278.942767131281,82611.6923152498,16.1812073383944,28,0.118075355595268
551.09400097701,196.470037443095,131719.996684277,23.9156286269409,89,0.18914868719371
362.109410238288,230.199917598961,93192.5835469615,26.1402452802445,97,0.469827071122028
349.324793768949,136.433477164956,191126.887716351,22.9270155195442,69,0.874088803341109
337.455795628557,320.795975335904,258077.498747623,8.46715576557785,10,0.164793251016759
416.909837813691,100.859483257706,88552.4815180125,12.9119110688315,79,0.762405313146092
217.498215693272,214.135419292062,258444.723427508,24.0676408425166,45,1.06296658554352
340.061004252997,367.391266814902,90638.4777523324,7.4573149870277,66,0.142764877107155
436.77537298805,356.141433396785,125623.440722319,15.1480130910472,12,0.104740191830088
513.240221810201,144.348516511431,194731.425219266,25.1967149042053,78,0.29924899782868
229.47284531273,243.890746234752,113729.132648899,13.4839092579447,70,0.869751025346324
295.336066105393,143.596407038018,168313.343073958,6.92145086259998,74,1.09483480481968
445.392869866374,133.830369955469,203625.166906786,11.8386106007444,78,0.52289074344418
546.302699303502,355.659383627385,239420.888486892,26.1393802516898,39,0.16761572698422
474.080085383269,153.895910975402,94273.7602426599,7.15688850711874,71,0.351821319404185
512.969578382339,116.04355578374,279377.419585462,17.0109575769732,25,0.326489043019173
236.57646280417,217.032072912101,105157.773503588,6.62314281531193,50,0.941274588968566
228.039639386758,147.447187336943,97311.3530604272,13.8373297929475,17,1.39513773845642
392.945065575315,389.037589578286,54793.8445909198,20.7701483932548,68,0.151283412717548
244.922895995302,286.733506668552,53531.8169226108,29.4180530899914,94,0.653605378213807
513.492990030504,177.313040440856,121191.633311181,22.9094975444142,84,0.207488934451769
290.423538499176,353.292963897951,269064.073956057,29.4639757746575,21,0.216128950486709
581.43803419325,229.553411913267,134487.780528989,16.0152607252217,52,0.152337277091563
262.915957988437,231.979664072727,263526.786030488,20.7282090663546,13,0.710063268233313
266.808826538122,148.470431775324,63884.8504626947,18.3613895063453,11,1.1339091068421
507.400204144172,128.672918194645,201367.36682282,12.0674674320545,19,0.288920715828633
273.969317716018,131.894767537006,263377.256923766,21.6223732755299,88,1.328302818584
463.923570567979,289.961120956106,114907.745054091,27.6193091478377,75,0.17229606072684
555.735398471625,110.911799117999,166097.914697904,22.964056889934,93,0.302101632704257
238.277836037836,151.566513439523,210197.453114453,17.903593077511,92,1.42367275584091
557.898755665854,199.511649943997,139051.553977331,27.2340055724791,58,0.161287127317232
525.020466191127,240.290081282025,147868.202648724,26.6967035360511,44,0.147897875875451
575.55542949452,107.318207436867,295565.395852003,23.8224237614359,52,0.226411943734746
552.949173304679,237.934774413701,283750.755723903,21.5664580263247,29,0.155281260837766
303.092030316018,304.260328755543,212161.632124616,26.6687451333485,97,0.405977447889454
397.737766008849,140.702444373118,239662.398457727,15.1696147674669,90,0.680227460796989
350.839465343554,279.263651240518,103002.503064887,6.72070457808734,40,0.269133123656805
439.949268657099,170.718220912232,164393.710830291,10.3015965829836,54,0.38007639648039
479.473385785404,268.524313251066,222352.19605664,25.6354898700954,49,0.162912711675326
583.828090605558,235.225268354153,220226.05529195,12.5736718381735,71,0.185127803638572
440.319874265733,292.66813517208,295134.621427364,25.3521313719928,63,0.187580966457957
344.030159222684,252.673744252132,281035.893092923,17.5278760139248,53,0.400052768362707
514.040175810288,237.037220011599,181340.140510691,16.1620950360398,54,0.156893111518153
277.128635894989,177.042922832236,59151.082287439,6.52412266568047,34,0.934372590388433
255.481717976222,300.756106854969,123797.705303944,16.8961783177493,45,0.49419123651158
505.785247497487,330.371281287915,205824.976224327,8.63469937974669,98,0.207417746751287
335.619920654599,211.857184912455,67070.518930529,26.4962585857073,86,0.612145710011332
351.332999899459,383.134376044208,294635.053489322,12.2670332860423,98,0.21414667098854
495.313760098098,391.477466337894,197785.343565146,12.0240543054806,45,0.156724223329165
378.655774596598,323.59692828944,98574.8356026947,14.3947665152019,34,0.117740106533049
532.563183698612,279.62897463103,246461.005256294,8.53123351125165,88,0.203119389991954
446.52769490868,121.328209226232,112435.82446422,9.9892211943381,67,0.548247284851832
218.546672824122,138.197193024778,215076.961244173,20.6247392007822,54,1.60951584171658
425.426758828828,150.09288553813,299294.386628121,28.9929876985672,80,0.544707343910743
248.152145680835,396.398213241184,118398.935016103,26.5384509548384,77,0.254813983973799
528.982370279505,251.845376452903,60845.7709143898,12.1619963819824,74,0.15694436853807
412.944591041883,228.132819579302,273068.385741663,25.0779250262487,12,0.24500037986404
315.694916405799,355.747894377376,81145.9381672121,15.466438094952,15,0.130485497512561
330.040901880438,161.829302883876,270408.290708698,25.7331100355752,53,0.814297879056178
343.708197342313,221.828683183653,115438.113077412,24.2254834526844,87,0.546911480680076
591.026948554236,222.076260942589,224277.587299297,29.7610668067425,77,0.201126484402942
424.88255506057,210.249655947786,51066.8641120526,13.8619812909552,98,0.343982970182478
583.27492709015,312.771918936981,187218.207816983,17.0184373458701,88,0.20438945201972
480.325687802647,304.236013107277,66666.6786366338,28.4504957540834,82,0.174100793961383
545.054658807587,218.410921842172,282255.266777999,24.8064582360588,85,0.212129033983926
231.356030027806,166.746897780815,246338.602943894,27.2760470886354,65,1.32062458558939
208.446893566576,347.124873877703,99089.0846552874,20.3558560890092,97,0.548912261169181
424.229574874366,350.377757929652,80775.0692112063,9.2130516825348,45,0.12612358165235
471.925314696414,313.960717244829,259809.114041576,15.0228873353599,26,0.142279666785447
223.629633953887,328.566203255753,82670.3003636053,6.11846939283006,62,0.512047034363598
315.801861098054,159.402085562587,61897.7526321624,15.5695303862189,94,0.938709291211887
558.131600398149,225.78444146833,125538.448016746,6.00615030573092,51,0.141977552152284
403.718558621678,300.331332011375,91452.6303000718,28.5296056081294,29,0.12020091629311
321.326238304606,286.915018504798,184262.360894512,10.8794393601177,61,0.356776037922784
220.734521223493,355.232305916403,69522.7397548834,18.7754385903728,82,0.458814159329104
539.97836538397,349.181573434348,81776.0880380297,5.10808849990614,82,0.172260152045156
425.672945556218,282.682911140002,236405.098007515,14.3700522268408,81,0.188016381744478
204.852164949407,190.522060792842,280874.56792217,28.8515104369656,62,1.31946328171333
204.974367314822,269.630151012335,164539.227048131,26.3216579451175,39,0.820460115031558
289.971281601033,258.522264621817,236099.152207643,21.4204207196328,84,0.590286107045521
245.295586545257,142.967070059376,193822.447858801,24.5826954259517,78,1.42322877321914
317.225241896849,280.960323282917,144232.370382157,19.27378811925,68,0.39898463245014
573.393139580348,238.643874087816,250576.513419568,6.25678115577851,88,0.203548561905922
570.305457650658,167.101007313696,50613.6872736013,20.4439576251605,52,0.135325850630642
345.877100410517,196.920604087591,197656.838841358,15.21545579659,24,0.552795244678916
489.541612584289,183.074785750761,218440.835629146,23.5724717420146,63,0.23242642090041
469.599027165536,154.094786214941,137972.485953325,11.0669427903681,46,0.33959836872499
202.888298805526,108.136203094594,187589.764634053,14.2669142399932,31,1.99456885264602
286.976776046566,229.389618939296,217643.980044015,5.48279356220204,64,0.682454968839436
213.619727962711,157.620743092758,76454.3655611158,26.5519196131039,51,1.49306219202927
376.608805923388,279.799019004854,189180.477821069,16.373706843552,25,0.196438454474865
464.166245314438,251.049839171871,227031.690186417,17.3507366368837,71,0.179182155185907
556.788326532398,347.580878757326,156913.413532804,22.6970314461786,26,0.138759320536421
327.783827569865,277.099210735025,95578.6069476494,14.6313744066225,96,0.407868676152927
448.515937262834,110.04764844437,217945.502502407,16.6479469778038,31,0.548463141313754
488.894870439224,241.280093749605,165502.127282336,5.26570900674437,70,0.162640414409303
446.319169562692,110.392287908323,113612.782410184,18.9756692343654,71,0.60337850622325
490.948422757088,206.686685973221,216630.330203219,29.6921547311833,42,0.153939839584588
517.546411133066,277.277586440234,223324.829112307,5.07939934523319,62,0.169163962762929
339.24831273076,331.130919526814,125439.808318376,16.5171970985809,33,0.155078246163307
422.227412087372,297.785316450188,191058.664644778,29.5627793301646,52,0.159571103447938
344.807800333382,292.443553931978,265292.150799722,17.137183044241,16,0.235171603761882
517.799548756618,389.251584673457,286207.810291354,19.5626159547111,34,0.16654111643985
479.14760250216,184.126260882117,194267.998627404,13.8562334079924,42,0.225738956766267
289.633799670174,328.242363230467,111058.068817199,21.9960803031054,14,0.268462201888649
295.020561334415,223.798666927858,254492.022672283,20.6042708622355,28,0.639546101061267
392.206003613241,248.582326311166,62171.1650843548,9.79679032937634,63,0.275539030298899
270.927327617982,248.388548348422,129151.532168786,22.6940371655617,44,0.646486356757927
272.113378682989,331.429992054918,139250.99122961,25.6089546034124,58,0.360876453378353
328.649528121295,110.296239223876,65299.4122972343,26.7846354232279,61,1.11413094089296
391.707378926927,166.37129320281,244532.566904274,7.40746468388699,43,0.533922556755352
311.802883428687,232.358175787906,193055.948755238,25.3074496449162,83,0.615298901423378
543.37391607422,394.760366210352,159654.297314999,26.9470700078109,32,0.149594560820476
279.039033875215,105.160376255454,71644.4982240733,24.3189474266407,63,1.46064220365814
330.738009446948,186.86900154203,264645.401287062,19.5161724579066,17,0.644971974803045
350.083006369063,253.168937463877,298935.483737237,9.03392102311846,30,0.350218445721557
540.117486540258,225.719510531588,147465.820147021,27.3065713676428,15,0.118869743934825
385.757961220994,136.27755589661,243669.066507907,15.1879249502223,29,0.664496702956014
387.800660835201,342.879052061854,184601.896528218,7.91430133990072,51,0.145503145259179
466.503079027478,271.858275977588,147752.495629926,28.9264516708414,59,0.161272170002776
330.169245128453,336.882634557989,161448.056629397,25.4493775796628,30,0.16527374356462
381.929714883547,164.538512543573,232886.352009155,29.9536912244762,96,0.656735693638142
548.961833464477,158.606544037432,209520.984678243,7.73923248937525,84,0.185784421514212
570.55157785339,383.159732920138,267229.988807239,22.3277982306276,75,0.211128321669012
256.789631825159,172.705984224474,222551.721523464,29.9311646082034,82,1.15952577559533
487.518783120057,383.955992462405,120559.631219257,18.0280983936155,89,0.190674599643632
337.898918695351,363.385251738034,158230.76226641,23.793426400785,41,0.136301394924453
237.122215643869,388.080638902903,262713.345018056,23.5522956348308,48,0.281106180945703
434.971234830412,370.879924049604,111694.373388768,5.86719334003018,80,0.16772160679989
551.008387671981,381.161519811792,245815.587950459,26.8103663872394,73,0.205985607443244
482.728969812467,368.784146469368,262150.241571035,24.2689729895461,35,0.16152721198064
432.238827514702,215.242365667,244753.993206426,11.9579045409114,60,0.276063259571952
508.914887892782,307.39831071588,85090.1791912377,17.2841700556525,21,0.111476653377279
296.381945793443,145.799339659635,174258.990683164,22.0389944287923,32,1.02349278496454
267.790909723945,256.594475880616,285503.131881799,15.3689357101983,55,0.638504625733508
350.646919288039,137.477091092783,85392.515807589,13.8826480183247,47,0.823084890458557
539.495133467123,308.087855637756,287789.157970411,9.12079954783712,74,0.198659797207484
410.658491403362,142.774042134526,211509.407467434,28.2501312229542,54,0.586986748997857
286.285024993813,364.888443065569,230811.218903833,26.1802902166026,32,0.202931596350892
494.026896281342,120.973001935141,121084.89274138,19.192057874933,62,0.400336352518281
424.752241251898,216.03631907293,131487.085711263,26.085688912967,21,0.252596888948753
260.968314764668,389.734260890876,70237.0469050651,25.1774094683133,99,0.263653232042147
271.554019559285,326.652561994106,208491.649600745,8.23700887415518,82,0.397838757689101
388.009552235786,311.83063195809,101188.631524832,19.2229443738091,24,0.112443751116381
306.683973814481,287.723373041651,171139.50139428,29.6147805616254,75,0.423822538094945
523.660572483157,131.64842384072,196602.791639325,24.1112471058819,61,0.290771596701683
522.980338814147,215.262551853201,130188.418733354,7.89202280866765,76,0.165540736820882
352.131479842668,307.487694836828,79960.3451475008,21.0955415291603,40,0.193948184798762
556.503038279744,117.560354328257,288927.790704427,15.8895524563518,34,0.220064779353413
536.222926722291,393.070445425533,202718.040019579,24.3588670193317,47,0.17013137231776
562.471536455388,391.80525019098,62147.7281114918,10.715787650314,83,0.177829052059554
409.008752106384,251.147427620445,57315.9565090336,25.5250402804248,96,0.269820294693181
516.591037755931,100.093547071938,224525.319203225,27.7303943580031,97,0.454845778103931
432.652232799655,195.461933797727,237838.314508497,19.1807281020853,78,0.357905380445629
445.907246518788,107.100837090259,255246.589639266,12.8701156061148,92,0.645444160540566
336.604093507236,114.030212638929,96898.6216253129,23.7289991401871,20,0.98303829413863
409.789254838492,275.159752617576,154351.856867574,29.0718654737772,59,0.17131857722206
565.885410611604,233.018990472806,126851.202553864,19.1462657159636,20,0.11881352825166
400.531188925711,390.480494546324,157930.118345704,24.3980968716904,77,0.180853246300374
200.991294027326,387.183479394856,68027.6642816899,14.3475167566139,44,0.366033489078735
426.71553668855,187.69023771405,192881.83412419,18.4295515492112,98,0.419746302765702
370.257722776821,150.851690234601,134024.112166446,6.21303436008244,93,0.736821496994045
565.584196455073,136.536414288884,220703.763279988,7.39018008165174,17,0.12267522772668
316.660419595607,230.316108378325,101806.869389563,29.1683165293865,16,0.520588448968452
372.971131558366,338.721416126551,192106.182433359,29.2092212886019,67,0.173183625407685
500.029014943398,116.849246404326,183830.331729148,28.5804761426389,73,0.417926297018974
580.288239671393,334.219533867563,199130.042507879,26.4845468775197,57,0.180999284325731
322.229493111032,281.620818994457,130224.679333951,16.3989541309097,31,0.337159062594215
358.964828211534,327.471821770006,268740.283241534,14.0600961427672,33,0.141179018289915
557.354818815609,354.990711878911,110472.899196797,21.2266131237911,17,0.121358000149397
534.884879325467,186.338920746348,82952.7745663224,5.30834946734232,99,0.17878033446233
210.995226712109,351.456433839062,134867.382180342,27.6217089951151,55,0.479317385361937
367.330447364457,315.743875710014,294569.836480555,9.95624353215443,70,0.181203739132634
361.33623429125,225.26853631062,192444.142797469,29.1036878926898,82,0.477460250226989
282.934636851466,183.008325462983,150378.679609144,8.48191927635536,50,0.900665406162583
390.82765461225,288.775587114119,203301.925637349,24.271267989752,99,0.221352911971205
421.730638199829,279.992802345846,86538.8430196409,18.4997024759624,58,0.148250789414102
334.600754464868,285.006611743707,166146.875838393,21.6664272541173,45,0.313221113127667
245.97659931146,191.575825203648,249294.7576315,16.1457509462882,24,1.0042535674164
580.013922850298,108.059334678331,95995.6416567971,5.28732800679374,43,0.183277169413176
411.334910678422,108.365359815315,254674.080016883,20.8104838261735,49,0.719402052807034
560.083587053618,160.692116351531,87112.1544876918,23.6481760701389,84,0.17472194717066
322.304464652206,327.985662792752,236037.35218424,18.5551820652201,70,0.250448699433619
213.765365210217,293.988308256155,63582.8612324231,8.88186527210505,81,0.713409420245342
277.382420770952,345.931914889879,150171.498411406,8.72173869763619,47,0.280475483639354
527.040594899412,116.539636769736,233301.4950328,5.03543245712103,31,0.284690112472003
308.35990500708,127.771093439451,142959.24392662,12.2258770195988,14,1.03075116166398
449.335255753104,160.461320379978,128966.447383458,5.41037184006918,88,0.421529174746949
362.869163051876,249.242430596102,168640.071907941,5.69546336249689,46,0.33655242784092
483.245404715957,334.270876401928,173863.55581912,10.5275950263147,35,0.136731192560883
299.949984466403,270.508897320508,60149.7872195985,29.1718466674828,56,0.476221453628761
332.150229837625,259.599154471026,84393.3281546981,26.5697764662579,67,0.425787872269681
302.854332369379,161.247391670392,186147.047697327,19.3892208327675,51,0.931543716698983
309.516500667407,119.70177799752,175278.394044669,29.8467286270751,27,1.10897865076176
375.344292952511,213.425148872394,157671.856589907,18.7629126054617,81,0.46598759406406
267.735813056512,120.036755489384,151617.122728218,8.90616308581982,15,1.32180959897381
211.051136640039,228.728585449683,62598.5177118303,21.5638675066603,35,0.995413840955948
581.006575291738,146.257757824271,68518.1647412612,6.0675554705109,56,0.13421421839591
244.55563873714,208.954085750516,266773.630490265,13.8867435121347,17,0.903765199611401
312.45829245131,311.488454942994,152627.993761281,25.7070830161525,42,0.29236630677349
504.636734009041,307.093357742239,145752.108156944,13.6882540772417,84,0.18395629423575
457.305841631659,290.071928937436,64284.8076346067,25.828548250564,26,0.111928468023272
521.697283589005,337.373948666148,80995.8627317808,25.9148639566606,89,0.188231978179263
360.490494934711,397.212901840123,109622.373325638,6.5129461955418,37,0.118738489852985
405.983828123735,233.833952616262,226465.943135471,26.9799449443518,70,0.308633609997161
313.501784984812,202.245371144733,280772.172383458,17.1336630516454,56,0.695732954203427
216.459555165398,277.127011133515,193776.915688329,28.43058158403,97,0.817042023828212
286.850027881826,325.020464261242,199923.144957884,16.8749942831869,47,0.324294017758427
561.492334393219,202.44765965453,167997.349993403,14.963509434029,30,0.131377525958801
581.448442528654,147.638221694243,88792.0572328345,16.7477005666097,38,0.125207916636587
457.163625723469,359.040001207664,136494.271305648,22.8615962100503,80,0.182446900062217
565.306288514466,289.690698383491,280725.521570323,5.53271927721053,73,0.195579375171272
251.969940513193,107.905481340375,149537.38128652,20.2064127218694,65,1.63497153493339
505.209894840055,381.392116116922,119092.772273881,27.6977523361071,85,0.19303049036906
518.156806205131,248.249554060847,87339.5818376785,20.211320213236,75,0.165673334642455
526.959287656131,305.148769440826,168272.990075526,12.9739458907,15,0.118647936881566
546.159021356478,218.013042593333,272175.704945281,5.68411269760252,28,0.141686689147997
318.120143249869,376.770353673482,257302.251698094,5.244548295001,57,0.158562321490625
306.494394532021,368.457115960109,122582.223282861,15.0673376235705,34,0.140629838379047
486.208269620875,289.366137806133,187763.60118273,5.01917244029445,73,0.172304220866185
366.641155105424,326.25998356851,155776.671338912,9.02947417781114,41,0.127957944542975
593.811587306184,165.747179396373,98613.334500581,29.3567873638325,59,0.157572859055528
593.354485031089,282.814252693303,287439.645857162,6.74408256346799,93,0.219930087178854
410.026702022917,172.393273723056,190569.430283123,23.3225329961707,22,0.435222390907202
584.445112024326,254.163121209272,146863.892007826,27.032789858474,40,0.150072305184594
578.537004733824,295.760852607,89712.6007848394,5.90290385546098,79,0.170921770231662
219.414605157349,206.339695971294,299001.899070319,28.8191686501324,15,1.05574159104993
451.050214713541,198.771247886739,121639.494576257,18.2526619555747,52,0.26413101580805
312.822903668632,210.655470883946,230177.80379369,10.1151550276625,45,0.641755424892392
318.309584104514,266.636657904976,289370.099536022,12.6909941186743,83,0.463163615008046
300.117027079297,149.079307950018,108185.591165892,29.4798010435815,23,0.977437177475195
210.921602265416,363.179609837376,105631.804426711,12.7443147858983,99,0.480896435385212
417.633139148062,143.313718752066,262911.387543251,22.979134427412,92,0.60650069915091
449.386441800166,392.584424751667,238786.418975943,11.4695849586519,40,0.154242339157156
284.541735999286,399.470926482397,175710.379092823,17.8266866599879,45,0.137702945185947
513.871993885226,208.735215486268,264453.421807212,13.3647600759755,26,0.139000702806932
530.278323965404,293.245507341011,204416.610801379,22.0950131637564,71,0.186639682622804
417.337255696421,116.495233184555,126354.981624736,11.2425404842928,69,0.676674668554718
280.441966882599,259.418774013191,173037.616153155,10.9625753107348,41,0.556824633854861
472.97476174235,259.990150523353,162786.466179055,13.5391737988971,96,0.193114506992499
291.703238162861,193.533879037614,131765.965574711,17.7539791548475,79,0.855416487262761
270.317139616959,105.066992171438,242476.966920278,15.7385878331988,88,1.55170178179123
467.894465478678,131.432410227578,184331.595196919,18.1403758356445,38,0.416267545776365
240.47176587882,258.783293458289,142329.052131478,12.3178177515586,17,0.67785797014272
510.895258833309,228.460375421494,259656.758621752,10.5316498742462,67,0.179642544131884
332.217402137524,347.190426381049,186521.637495463,17.3987558898078,34,0.135578695688591
399.068885901289,373.740369427025,83180.3900971068,12.0380741720859,52,0.134520968387159
546.22783526585,303.86198795126,248002.012411132,29.8146525575496,85,0.214758152974081
442.033402921117,264.781737049675,222767.899549261,15.2903933878474,77,0.182387680432682
233.480235677824,348.684590530265,296204.174946691,18.4667095750575,60,0.424627158857139
200.955796919426,176.902129027567,228954.565253714,17.4399968892329,90,1.48572690220628
471.03404066277,343.39203539052,178298.266892761,24.9820048802729,39,0.148978612499948
351.641826804832,220.42720800278,274040.532904802,7.109359767034,99,0.535233086040499
285.113895891286,135.99954526105,135566.424936747,14.8808628094675,16,1.11320452257168
407.00976013171,331.404296943163,244667.507989165,13.5775655630126,28,0.136268108606357
203.950951975127,179.311189690221,64025.3782110433,15.0440939226974,63,1.40382874658837
435.24989281486,250.819950327212,92400.2717463446,5.51498466072857,50,0.149836619680786
223.145218158534,290.234004464894,193237.65883536,17.51106484554,79,0.698973384940875
373.622039724177,319.868159418146,216593.692825293,23.1560937917551,61,0.166729773921761
586.935723464285,250.71539890239,171694.817809396,27.1196716295295,31,0.145139318175989
309.372910661043,240.966798954849,224154.650374228,19.4174578592674,54,0.551115389034149
574.624454040607,274.724523714952,296293.578259181,26.9058724522599,54,0.190305163911387
471.057748241869,361.265137608126,210149.723901198,22.3037760351965,11,0.125466075752266
434.51806117286,386.752132822943,243883.643865065,25.2190287329208,73,0.19468232128425
420.362386197159,296.009188250464,102619.831958723,11.7230967999444,88,0.171311158822632
253.421411294869,172.500133641927,175121.549042596,21.3689007000088,88,1.18285834384487
345.687724597006,355.534346411486,273923.474079644,11.9869473356467,97,0.2071088271265
220.933246493224,258.491628972897,261036.130172781,18.2206989997654,61,0.829679906556206
247.654613089882,398.483811414625,87800.2165724271,6.76735682480708,12,0.167630226980127
337.92815367204,160.868398118629,272881.051731218,23.4084987439845,55,0.786579136843962
543.115862294097,155.95150154783,193637.106721577,11.9099280638244,92,0.201250078325968
414.778052424636,398.194751028044,184801.140893361,8.67821528323902,25,0.125408714103203
295.139919724362,365.320350308836,204915.70885298,22.1217337783374,81,0.228272418964323
302.591790230118,399.792417524095,227531.947546071,11.9203727240146,17,0.11629884586759
353.040667258521,252.011321463825,91340.1528607174,9.63085716097806,84,0.398333211263348
321.84534725471,382.635303511172,120211.995215848,29.8691597595123,70,0.162646725038872
450.329780875355,369.385741381883,104456.040453711,23.4028739377714,97,0.194747510449831
432.944352403321,309.285781216092,125312.049680208,17.5962745232826,68,0.15992109812022
434.808452979369,109.296150782749,242119.879156921,21.1190559754456,19,0.58786458843942
521.933203385844,334.787730834617,219962.700447062,29.0319743106952,94,0.218615037130235
564.001992486997,264.871010471316,286174.416075709,13.637940293146,41,0.166420549394756
424.069220975412,134.611498124237,283488.066064733,9.49404664003589,41,0.546527191057152
243.038347455221,210.863885403299,286406.442072041,27.0187322086579,72,0.992553050226871
538.713840976977,122.637428851625,266242.236036199,25.1148030744304,83,0.306483807776162
522.174035620464,169.9008110376,113469.775957809,17.2581308414213,39,0.156569412726739
245.226021315523,323.339477961097,90356.6811418616,11.0103853447174,84,0.489489080963502
420.681010054833,128.17962829752,106050.406684946,21.8272478834656,77,0.631911064225007
385.301530562905,243.164461320523,177649.555256485,28.1109124518792,53,0.315351940018347
527.953823888149,161.526711447983,289328.145720337,6.81814034235218,91,0.222908459809607
435.762728757622,109.360135221018,235617.834891488,29.5242136007818,62,0.645106557567429
592.351147204763,336.069154001979,292125.618529457,12.2415069866193,84,0.21793821304349
493.661457518102,223.631262666354,180166.324006454,15.9106322070451,53,0.152815726182926
417.915273213407,130.041909762733,236822.603588805,22.9461716083667,63,0.621210705993313
233.692205857648,167.699907864294,259496.752079109,7.08171725138346,62,1.27621388892141
297.170738831637,233.415152788042,120025.270282779,19.1877468441321,38,0.599634701396772
390.545147223571,212.877938637855,104332.05169482,27.0762109393558,70,0.411714318961048
206.689056426295,327.05528939588,81500.3220740217,10.4685742640645,76,0.598296211993834
353.666696795199,190.740531021007,59727.282283995,11.7899741671018,32,0.552483443100552
568.279466373383,164.976615884637,170499.934982672,29.5032003103035,86,0.195213955733979
470.208252794515,238.256290418784,150683.719150642,12.3567887947825,94,0.186674710279734
459.651557481092,104.09707430436,267964.156539598,5.2950121986899,55,0.558203296211941
522.942170370135,376.919523522095,53900.0686587939,9.30458680392167,47,0.134260332201494
245.88508273116,320.169663006487,79320.4069641168,23.982893163572,87,0.510196189004499
487.035662656949,235.506661985567,112482.967098256,25.0858939748536,32,0.124965008953549
520.07932284481,362.082914731022,202402.392473184,26.3707111408458,80,0.201465843567039
318.323990803618,128.912531311099,233100.805146457,11.1568451476918,40,1.01160014879928
466.089202870017,145.741574687397,194967.139316226,14.3310969086925,43,0.377643874433386
502.007376527536,260.097476001192,56874.6253752261,8.21852180975713,67,0.145066057440397
202.670426008645,123.043250488537,230788.9253364,10.7752020430176,46,1.86036579529522
587.37520587367,176.499161729921,214298.929418679,11.3695143461959,42,0.150216989038525
464.825881833035,339.49019813946,108020.940434294,14.7950566696231,46,0.137776166264525
255.67738660926,367.273911936179,90764.4658018766,28.2823807066495,51,0.289192764140964
458.948634062627,322.579589707258,136852.668574308,26.8951892561827,72,0.174277006316751
346.132054677468,156.740145052598,55396.8047413632,8.29963332343268,76,0.785039824089316
344.710976761309,287.943338280757,97786.5615352321,18.9176312755612,40,0.26683993478451
307.518684758552,283.53147959897,109163.312699472,25.1490706671576,15,0.359232931274688
437.842689703071,264.05627855901,162997.149200001,8.92724943971457,50,0.140648562841265
500.614880316372,129.760922149225,106730.559833264,20.975281576893,27,0.313416084286703
413.186887039334,170.935207821374,294687.153975171,23.5262243454799,48,0.46628957986709
230.630438890775,211.466710851275,233756.818073671,25.5221006016086,43,1.00723715394284
394.717385564586,345.227743098214,52862.9412335493,20.7248012531723,17,0.0959881968177662
464.381888500854,213.235575848555,119291.396391597,22.1851200133801,14,0.153258304055299
261.13938750565,106.95307243897,281564.775513051,28.9371394115782,76,1.59260002544825
376.181480785888,144.84843076323,58101.0489840164,18.6705219727867,15,0.641951997108383
380.364927930109,283.968364965276,212433.121194397,24.8264131327725,87,0.247723305021371
201.464125692793,137.325192572272,211981.950754961,20.2780724282118,41,1.73330782768691
538.147270385675,255.657884796632,237492.756657777,13.528046228176,69,0.183787595109027
255.804590945741,358.513565573891,192750.727232938,19.7955336961246,81,0.348468586634368
430.024832213762,346.853612485201,249022.762992483,29.5965847577847,84,0.206176360202766
557.09529491057,227.394460232842,248684.082180038,13.0646034347342,22,0.137167345954727
554.18170441347,110.227343578668,53848.0106596342,13.0457908183059,49,0.248781819149987
481.533378724907,184.306205537339,238423.255043551,22.8786328519601,56,0.241767201837306
523.308048281141,308.842676237219,214121.556777637,13.1022667350322,36,0.147955351006957
575.307790575151,153.184318100326,249973.203475948,16.0293807318085,21,0.134727195216159
372.7390748048,325.662466610809,185062.093161079,18.6134406554192,86,0.184766040402153
572.24177435433,112.838727240003,152450.312642028,22.438351220797,42,0.200257862451411
571.190663683509,100.729090163948,89502.5862797148,23.8554782823719,37,0.228681734885153
329.017537251404,244.875691360959,229481.617993533,10.3520401602423,73,0.489442340668592
497.444654064156,381.999172444985,278910.301751533,23.0985842349994,21,0.151609486326987
480.069987564051,238.741388733588,75726.0598991144,27.4965728875868,57,0.145190638617499
234.230116217129,113.685304251633,144693.07268116,29.4322542179921,88,1.78104006034274
536.980684521372,143.874989885515,285332.097695665,7.21970928656744,55,0.211722102380955
267.289398170772,319.044313373288,220520.876731276,22.3582512412569,95,0.459950973664285
298.787675629277,110.784288056898,209777.379496183,8.59029693021069,43,1.23678045320649
434.777154175249,291.117175305393,274395.299991702,21.8913769440468,97,0.216360091738351
484.612243285554,387.454566171943,185488.159923048,8.1661452509604,13,0.118531689372016
511.182449742385,359.197094035486,169701.351423719,10.1310216507376,85,0.191147819038199
344.579397119633,268.324625582263,298605.786452146,9.68424510549189,71,0.365225750223253
401.326313479871,149.768179168134,193138.593141194,13.6526842822949,26,0.545914649196499
370.562535475001,235.598213512443,276424.738976397,21.9403367636538,17,0.339567256974251
288.757386530057,259.787233647548,240674.112557427,24.6017492962882,16,0.50709111083643
313.385721915578,321.141265869374,188413.813501695,6.20617334417172,72,0.285271838149404
450.044246757283,368.64959463315,181009.448913483,26.4586396040092,44,0.155144352950838
522.86602618932,319.68238597132,205219.983980349,17.2760130301959,94,0.208768668556153
443.623740581313,195.262656723018,241536.833327651,24.860067169196,40,0.290355616246663
390.798895913793,298.541669211443,169209.132266716,21.9646578165389,93,0.190892908807897
501.428540774626,371.490663595239,231164.532988867,11.1452295096522,96,0.213383856941267
243.618821680884,375.629274456909,245259.113828019,8.76758769125676,59,0.302412287737015
426.860009478002,235.409402745016,215499.186742674,28.1945468363444,49,0.228693170004996
392.729815573201,378.796855396491,60190.1123042822,14.5532680773102,47,0.126616124403496
288.484645046332,315.864767065725,253201.757202246,21.7946033131451,34,0.338575888235239
321.151649963108,237.399834683468,130860.654473434,17.9518381969832,29,0.489056258081504
489.509889213362,192.069103038069,101471.350756692,27.6005576829718,23,0.162049009580239
403.471890150219,369.596836033883,206271.037956437,13.2053046126772,63,0.167545032519364
540.034731400262,368.204417985915,216671.370818837,12.4207675056354,93,0.211790408566419
212.763360590085,178.467458254561,144937.607660804,28.5950664151094,30,1.30283068679125
347.952641311403,145.466034284016,208378.132150428,22.2003500629407,44,0.799975865812242
323.415531918589,283.742962313439,177250.14212341,24.4211444814522,78,0.38809801429593
305.994155457424,286.560243035556,218247.193642508,27.1972498413309,22,0.368600793036853
449.155716792038,147.114833931137,176528.555094925,21.0658817739827,72,0.460723045339722
385.386507238486,347.749005126869,74668.3072300253,11.5238586959482,43,0.120630200128856
530.360578438991,267.186711112456,57460.2174154389,19.1717758513861,58,0.144949201489624
222.370563253066,321.502373456909,164624.406507238,27.3183541696326,34,0.524792797997263
404.826275273354,394.250668175585,66996.802680959,11.5324474256037,89,0.171232677800557
283.877781688939,250.749131197079,79762.5415307339,11.5500909366259,48,0.584623158468784
287.283016918422,317.963115323123,198408.449010007,8.56469378962595,93,0.392082954717053
205.426825757708,291.791329158012,266173.854698067,27.419285483804,31,0.708133220407093
308.844245569679,218.322058456982,226376.241185911,25.386148201745,72,0.670333405375383
503.875891741386,245.254929737614,201436.508072104,8.03768052329538,20,0.12070604025264
471.475285662917,244.467112821927,253842.850006427,11.6084410292678,24,0.132727732124498
408.502256492227,123.936312764329,223196.31871653,12.0455197020745,53,0.660355927740189
513.331021600991,251.745828626609,177991.601820704,27.7997519480781,28,0.136964084826047
251.004272656399,367.930479154783,260893.72405948,7.38543170287499,84,0.332658316433109
311.609512094064,362.496982101408,137765.137194755,13.8766312681488,96,0.203696892496351
592.923973391339,106.074226884751,130984.829378598,15.8528482401281,44,0.167457603294201
489.053505156059,283.115395211019,265626.344149861,13.8742171803804,79,0.196410964029402
365.583440140532,140.767498992074,61817.196260898,22.8033537152929,99,0.821530392688205
369.475186555529,368.822292515141,130683.458242284,19.4411399345094,28,0.119113137547962
440.027205704417,144.220396539102,133440.394817153,20.1083762603493,43,0.462140812804776
205.261950471585,392.159617041492,135446.766246933,24.7313486360704,55,0.359939675234365
482.534973461453,381.638394214519,135376.158442446,18.8746075243173,74,0.177707555863853
227.05255713502,212.06247258676,97282.3445771774,17.8932939053561,89,1.08712202709913
401.491310940066,137.428434376623,165131.718651036,19.7124507611347,48,0.626454799504638
450.511930385255,141.159529025496,146933.310487925,29.9861764374231,70,0.479564162890492
444.023609411448,384.121443696439,194524.476708927,27.3583061273358,79,0.194252123931029
562.53165487303,322.435105170635,179966.106030881,9.71375703380003,41,0.149818786653478
295.506119745504,360.969170164673,119833.248628065,13.2285117636155,93,0.242424208892717
280.64162046079,129.236828117239,122289.113039026,5.32175430488949,54,1.23837852519456
468.943041541057,387.264187818142,168927.122636189,8.68404317956733,44,0.146304081576265
387.292802352199,273.480208012309,226518.869899287,23.3758404626043,48,0.218036637521454
505.930154103551,332.732329858106,231512.387221193,20.7414952697375,48,0.167391574982742
385.224313599389,330.776341418692,188275.595063379,17.8374933636925,37,0.136185863937385
435.969512497431,379.909033195875,256699.155273329,22.1917036673985,69,0.19080033633622
210.267526549177,145.572561308282,257788.190889711,7.95247742646498,94,1.66987058682379
497.867943565869,377.574480977444,274412.627795622,22.8375043309931,53,0.183206328117544
581.849800342813,367.616436724579,202102.300031799,7.44934912919942,64,0.180621627150046
253.253877417607,307.953456810478,240642.65967079,20.0678368539436,55,0.494655997558361
283.619960171703,219.512565164955,171456.892689846,22.4844857993981,86,0.780147876770168
527.520983851302,234.546087081607,219786.234634795,22.8198694350865,31,0.144589463870083
236.842046818544,128.836305660781,298550.790206228,19.3821189816067,54,1.54228858626005
264.447191992601,327.362564716928,272765.421644985,24.7636658834324,59,0.402944143155417
263.90244435767,230.426062676738,184413.972145709,8.71923994795699,62,0.769650034971568
331.265965618373,224.897419674152,265489.966198499,27.8024395870552,90,0.588907734208717
431.123861181929,219.137508319662,51322.1881457314,25.7484207985997,94,0.303053130288309
412.849657731014,163.10957391481,74122.2148921741,8.95037562257607,67,0.500195067872522
438.255253100022,364.933061387693,291419.653718552,23.986142443749,81,0.209207723803887
237.258489401564,324.321071341821,148640.927501226,18.6261866807129,59,0.48892965177457
284.357625986214,294.518577818128,158729.6845312,6.40945514032761,43,0.416138337092782
554.130589851927,387.828811495125,77599.9694576289,24.3010770638878,95,0.199156410239548
213.395586192225,343.549967497135,149972.210044741,24.9782161456196,54,0.497216871898768
542.573875031105,188.724168029796,249709.142539837,28.9650359007443,89,0.210761197995511
219.580390281976,333.918857533455,164053.743957222,19.0075105087973,22,0.468492745900156
383.091607683841,264.941846497406,78670.6626474914,20.1399862998746,70,0.266374285048981
314.906807501864,209.877777557341,269846.690549005,7.28531928482872,73,0.672988367502395
244.655443418068,281.391837298681,261657.543007472,14.6375501087237,79,0.653243793924721
240.143377939026,316.763408583548,136407.672671586,23.0871759412709,87,0.543469638608337
205.349272556357,340.550371919152,181874.711682305,17.2147016428944,19,0.488140261911616
560.312860232297,371.630578961201,233379.052643808,7.77260308976532,47,0.167059113244745
259.237088252245,137.024223164349,263028.844545371,20.6081391329231,37,1.29908985246936
441.33292690076,295.18446279171,291019.189625789,20.0504861742165,54,0.175027114971116
405.039366899065,357.562756722588,234903.898311259,5.22563467777745,51,0.155135980199885
340.561713433894,321.290370988219,71468.7147085383,26.35777378367,23,0.169461415915467
362.987160141402,213.195233851459,129004.822466814,7.69606974213251,14,0.416362558359966
569.667062771335,101.895799548001,180244.006904575,29.8277553021772,15,0.213647081232305
439.750662015431,373.06803420217,104827.83745517,5.10037088567497,52,0.138039843149567
513.683103723886,261.946918247438,175845.089868246,19.1616462860791,52,0.157155913515874
348.502614802348,212.709483104185,247342.136263312,14.8365722918615,86,0.562432260080089
352.584848595821,343.230355723195,184705.007612905,12.8214176637549,13,0.106153995428649
500.516997336863,199.774154062644,297474.756291847,19.7521811633774,51,0.171925252079333
360.161876109164,115.184964875745,277546.569017904,12.672657502659,27,0.866897000357572
211.826503044484,286.488381161399,214158.384687668,15.6991107401516,45,0.714507882776693
516.005677790114,287.592852180883,238667.018519551,23.3111194877319,95,0.216062216953049
358.620265101267,235.996448799476,133042.890117227,7.94839871046452,17,0.356872900262951
388.420365389547,364.175462454688,151578.026603598,28.7250385980991,16,0.116859181159477
437.777399100584,153.620166143147,50887.6876149567,26.3473801601108,67,0.465205739946956
218.624359311297,338.01349453823,262126.414919736,20.7499407141707,30,0.472175077093821
415.946568093782,232.367142426671,294114.681052129,25.6179840495737,50,0.267989177373097
401.799484249895,153.704918310804,130592.423486103,17.5076280523724,63,0.57605161865705
222.458112304224,284.078378947788,72123.680867692,13.037511664858,57,0.69238926368921
370.023947325175,364.432257440424,181660.607685537,21.1401797881929,25,0.125427543464564
487.967571000827,131.686900573123,157399.424387786,29.4916371083975,55,0.38228080251805
362.952363646736,325.872211950056,86133.2597170008,20.9063018696687,66,0.169146519486731
584.117542711621,318.44222382076,215841.749264891,14.4368323278613,98,0.218551080264578
324.179850762843,285.712453444744,234291.220838925,25.2963211984481,81,0.386159312122497
386.744259012087,297.738723471978,113194.123052677,5.08436386894712,33,0.127870695577399
295.905203118447,322.881597670428,246598.493671029,7.6204461293226,68,0.326171384911316
534.184176694287,234.002602186237,153446.923613637,10.1871681931931,75,0.171981494126702
272.758590885144,241.52021021737,129521.704408106,23.6262644749162,12,0.626539252921379
410.538908816889,386.710888319824,73315.4677488935,28.6448708412048,76,0.168361911544499
358.870282948075,109.192152597988,99119.3527488589,7.85801060801152,72,0.965462679786153
369.77725184215,382.776089074046,274548.389189834,27.7476192525061,35,0.156309320418616
508.157240510834,317.207897047702,168969.666258766,26.8721213053877,47,0.158220399826514
473.484762039583,235.883098859167,297180.260992943,20.348365402456,49,0.170103211114833
319.566867756321,214.24074366842,208213.853986474,16.9041045679687,74,0.643502649666521
455.815256869195,268.234910161069,73806.0374263721,10.2592509508995,19,0.0963120368434167
329.171312728884,319.146882739191,215165.223540462,10.0760756744843,93,0.276463266982408
216.882569650714,189.810535829788,82220.4514945587,29.3405227309608,11,1.16906943539427
580.343973685211,117.449573707006,258691.244381681,8.57740551404834,47,0.172372970161876
411.010774011519,147.740374098062,251279.828663052,15.9366221127741,15,0.510818147403485
514.806593011971,350.088202071209,117535.82121519,17.2326419124487,35,0.134661541138145
482.219812246134,158.980993948083,235844.982813701,9.9285880823873,15,0.260346462841092
594.897346228648,364.276670572494,232629.612797625,24.443559065545,58,0.189919694703835
458.776615142868,186.616993237799,127010.3353649,15.788737809242,91,0.321526368402707
586.120497288486,382.923816422936,203862.980116648,15.9419100270071,36,0.158286797957361
547.367289955084,257.471138437039,52931.7159479389,11.5481439194276,97,0.180829277287375
320.488012554293,207.684864989097,143911.316832449,26.7986261964806,50,0.640815084394754
595.303377412066,254.546350191008,88277.9404077361,7.18853239285722,87,0.178359264407917
482.146888014824,368.504706719548,78787.0645671141,28.4060271000784,69,0.167236529135912
321.241578250027,344.730793175885,219831.993541826,18.0530109065624,28,0.162995731421798
204.44683947101,203.969770847929,65876.5883796793,17.9242886676785,62,1.2258683816395
201.285275453169,218.934210175196,76735.6855932189,14.0358441855047,82,1.17644997185709
423.701157377187,395.681240080331,188622.069869862,15.1312487575402,31,0.136363207477441
213.531820811396,144.095462814386,271606.04432035,5.4200548326433,60,1.59083901307141
350.013586982592,237.05135372023,208820.062270557,8.81159926234255,76,0.452673838240962
425.06937255347,342.488485006703,118694.880572585,11.1525400748631,24,0.111709031349884
253.929596813244,225.455714968801,257585.082062746,24.188779682799,63,0.850621800402157
209.324920661023,124.364828686971,170632.571890946,16.5708787110102,67,1.84003451933425
402.900161660404,204.575343926954,77311.6251833608,6.61943651224159,21,0.331922766530662
200.786685046623,347.342799356049,285581.625622592,27.203699922197,59,0.539011254392756
254.554142476535,277.982896966874,140915.230565798,8.86837615298921,51,0.586645855829593
514.441691967209,254.940525038373,247452.22068289,11.4088693367931,61,0.173961145204945
299.373130049858,102.951875116185,238555.708895681,29.9067105699505,73,1.35626993983219
282.983934401298,321.775247903871,209097.733666717,15.9721426956084,68,0.368886197075211
430.574897553769,341.673265443319,135735.937143573,16.79088399652,58,0.152944533005275
455.029548944436,155.037571771939,243809.273137851,27.9300226876294,58,0.406951633345808
383.181030114959,274.118521593436,274124.058900018,5.21934858950936,81,0.253640770788351
573.859349686498,351.889439070272,289776.287591909,6.64172452333978,87,0.216931582443616
212.961324099799,271.638811922222,134159.860253472,18.0128014726022,64,0.803717739284442
577.541418210401,224.934610992943,190865.438859324,11.6463391004061,37,0.143560069499972
259.076658921431,139.215229175345,247181.319628108,13.1610365161982,10,1.23314367713238
582.809884744755,398.559694845111,298101.124221521,24.172360044557,64,0.208258928579525
520.989059022344,272.647270177873,165465.506881771,5.58540576732811,92,0.190285052109777
337.553508351678,173.596456132343,103418.508280641,5.95261298820218,49,0.704874379634869
308.501873723726,330.078513880326,272541.514378406,27.3960796433672,63,0.279014683203159
520.177224093439,230.896765725004,251531.520804757,10.9905407734536,89,0.202024686829811
357.0398270742,180.836049816796,275736.770496894,26.4869467152216,61,0.634849728821141
577.288397287831,336.197358351961,62453.1463849336,28.4105161770303,50,0.151424376488807
526.338006547335,373.552001305294,102888.319315022,8.94223318840938,36,0.131243106765531
353.927204622325,326.310815412125,127606.658544928,7.20529294291661,18,0.114865681692804
456.553696398742,332.912004108339,201930.003420551,23.2569303894788,42,0.153147402165075
369.571965584055,114.876984766992,262369.047246139,28.0420544568928,89,0.925961075481032
308.455600255036,102.554698830298,249233.047250575,24.0537681102328,17,1.20419209091477
489.36139467631,284.639980704335,132457.797831352,16.1923687227156,24,0.118775603703984
400.854857568026,163.487632349415,242440.536791153,6.63116396151751,14,0.477856985188598
469.174105973314,364.600667024003,206419.226648542,8.41540902492464,54,0.161318836651185
337.371663665461,114.71131619416,133914.394962076,26.4358356002581,70,1.05412861067292
208.628301444631,190.9680673307,74422.482926692,7.5514948878555,94,1.33295841490943
299.346832449625,205.132870063998,209839.362767345,7.09185994420836,94,0.781674718938734
536.793826156378,320.513590307097,210331.752110505,5.55601524918711,99,0.209667501685189
506.347996900522,339.753004107834,84457.3930512161,13.0795848248294,98,0.189805163670288
540.822577882101,227.534257899658,288995.515426728,16.8226389507854,73,0.196855691739408
487.081743266604,151.519698424301,64410.7537984371,11.7324113558678,60,0.312451905887856
388.150838922151,230.76804480956,226676.654580073,17.5447118768287,68,0.35846053473738
552.574321836677,356.467377122064,291232.019882047,26.9535484097569,13,0.150899919679176
480.502224485319,137.210191663424,223796.113678794,15.5141350695371,45,0.368639354782238
333.507280254978,129.452900030891,232998.04740916,11.7117117902445,46,0.942704842555414
234.649532292856,398.812616666012,61034.3005800808,20.175998908465,59,0.266122849721549
244.067136730237,176.145899974749,246762.56409481,5.11165838434859,41,1.12397605160772
365.21264643637,330.748740831678,75764.1907563411,14.6254335684239,39,0.131979087777175
250.069745949141,246.168596185795,79231.8647089319,13.5563727481693,96,0.803177068317373
584.629353837657,341.184082054529,147357.283923312,10.5465315842853,34,0.140766013947964
351.786775961194,341.608832128834,170284.34704507,17.3637741270958,49,0.142850476729645
274.7766920441,138.686170156073,136266.42653074,7.52054850153696,37,1.18366093048841
492.331972185739,354.271990519921,118022.686134186,17.8435088892201,46,0.144594762946169
438.110879965853,152.392265457137,115944.01800622,22.7310273556605,37,0.432890669297997
444.236965172446,200.097215577499,236543.466464813,29.9382346754215,78,0.318864266627987
372.351072805576,166.83306288892,283940.60313271,8.79681474558341,67,0.632378143279881
595.476634785254,304.837450776012,203506.757359698,7.47434595890796,82,0.19638890183119
394.173341508996,348.532553237823,282534.022286572,26.7250769941213,51,0.173429569826522
233.558501059252,333.046663031696,67116.6370973626,15.7153955382138,94,0.507448109462457
315.068842679176,166.230853596908,243937.297759835,12.6641628736799,26,0.80968453347204
400.428093921109,188.10593186903,160986.51243067,27.8398703120463,75,0.475136738093877
445.652587431007,158.106349722998,77999.6273780723,10.4345473970934,54,0.401333579425054
417.045012939424,259.745681972238,276881.295112711,27.0094429332116,21,0.160551846496545
407.786926959379,265.416862821384,137849.88669366,25.276213428628,61,0.200526369366872
210.562855413293,272.439387808591,205623.578061761,16.5575187689862,99,0.85957850867134
334.420590409866,250.873425009943,159639.099358447,8.10122050615451,77,0.452020485487301
488.41449616198,346.539233546683,80733.2096946255,17.5906483453389,14,0.104471591606824
395.849180007754,203.576314012664,190973.06730081,18.191191497523,80,0.437007330000762
327.723185415823,224.37599393172,139213.557671332,10.5359012641646,14,0.492033081542399
318.86085960476,289.591728945076,229137.979431043,12.4585080610881,56,0.352764768342574
521.570935577992,196.975356915265,274769.164575999,10.6517424290664,16,0.1289587537066
294.427161378247,211.006960317081,97918.292221113,23.1602116044024,42,0.713247366268704
357.611669488516,294.5678928368,146077.301858243,28.4198033258848,82,0.268448540649516
340.945373667444,272.927795260536,113823.917836684,19.6748306624658,78,0.366438137146002
202.019252377964,258.09209964422,209907.76931633,27.1727211576952,42,0.897649751307764
426.169583352418,123.773144323321,126772.710658046,22.5720314583216,37,0.579944548429315
346.695864052964,305.670681777827,157180.993620041,7.71194073017434,63,0.233375883911752
420.416189177416,358.414535208536,175523.108424495,18.3135351131354,87,0.190444266838083
433.478194135942,390.603716768767,150799.568025368,16.7501942509662,37,0.13748046929293
256.657728298587,365.472164078912,152048.776732168,12.897185805146,24,0.255908579154212
498.187192128282,124.269502252781,83728.2693679763,10.707307504469,91,0.404016188276488
451.390833205858,391.617600700472,91019.3865313516,24.4481285758179,43,0.139303372849286
522.351570054604,128.050806856988,270390.186787205,28.0569589995487,71,0.321755891044595
336.954498807561,328.850185209224,76691.0233860837,27.3751510567764,33,0.169663000613242
354.476899428146,123.429271724667,248903.266606012,5.33604619131689,27,0.84436623238816
253.299340391437,132.515660210126,217798.834169153,26.4259719531187,69,1.43288492806481
245.066339030827,173.018171348808,240993.385912785,20.6975798383612,43,1.15429393385243
374.443545457473,255.725881908641,293984.682041595,18.3194235741027,25,0.275964438959341
271.855119204308,198.433756274642,78884.3720314945,8.32193773614952,20,0.827571320099089
535.425801849182,320.367544518735,63006.4582374827,26.671343435083,32,0.127334020553575
509.630506195469,323.133623601318,233661.277553278,5.09523487438734,37,0.147653697104348
400.931932628746,274.393613374749,89881.6948444383,10.8546763284521,52,0.172967324570946
223.757289224064,193.878150334709,198614.132445165,15.0969396247514,86,1.20981110986324
448.854976853973,124.347011215202,164101.512925426,6.74526958366683,66,0.527489495610695
556.658860677524,286.815129228212,265306.616487108,26.5413758914936,19,0.148169024011348
295.10408035988,115.303270451447,252572.281866848,12.7296200497817,81,1.29358625957889
319.907684436023,246.361122676467,169666.874747625,9.49813138730701,11,0.434906573335748
524.56619559176,238.118442707296,156488.339301286,6.18035194547663,37,0.130816246953848
571.937532684709,378.352720681194,154588.764068572,19.2591443330495,58,0.17263680722356
371.988444606857,337.70769454617,197086.649000092,9.7294249090146,76,0.172456006216377
348.08973091828,341.416757788797,177696.473939146,15.3478969214273,20,0.112980266744515
586.838208311112,106.963488562625,178426.104956728,10.0232812388744,21,0.154471795966144
458.82681680385,324.868536373238,245035.787362529,16.6251384180596,96,0.211838803485626
430.379548048913,185.026802515584,192019.859887824,22.7861199688356,84,0.404405390638913
467.639374178153,185.302822390564,277665.17819652,24.1206921080456,20,0.237433013743326
496.924710221271,122.702837383162,191225.227363358,20.0286289295637,67,0.395655198442598
548.870282629921,128.431790322341,291698.071279053,16.7977013353335,95,0.273489082887209
364.101495929474,213.351993969067,275419.302313071,26.5804446889676,78,0.50769477080604
370.461692930695,397.655293280154,147585.606770304,16.36344720556,27,0.121282514427267
355.669780406416,206.935317724921,283042.796082057,16.834873803023,96,0.574843194411238
476.520456773218,126.45824698922,157788.189102912,25.3659518044898,98,0.481683568613039
352.286310770434,267.468947461929,76333.8265480389,15.7811290734325,68,0.336136584868235
477.02744635208,332.920413477073,115375.859396079,8.66036724203615,77,0.168082114658237
446.353444028711,322.027625262317,105819.233500561,23.9567485286282,36,0.129353109133016
532.70202340633,374.148690054512,139142.829053509,9.37873417031569,77,0.18025332844011
209.079588015281,257.295820038325,237364.018820879,28.2294437494352,38,0.86381734159844
246.553071986625,355.670933418857,275089.558202147,7.15301516520208,14,0.30381245652307
369.21724948068,110.448771940656,153942.685304316,6.46786476154372,74,0.911752838758294
425.713530390689,373.419889557273,157334.022817109,18.3254487130858,50,0.150933464868395
344.183837895897,162.594955779447,78641.9962414352,21.6951536762338,15,0.691932009641129
431.106217348339,141.453278499568,210503.077609641,22.2505537096626,20,0.477090541393566
270.234534410511,370.458619158295,138140.747652763,8.42656979218388,32,0.212458456020881
534.066469885956,122.347624261901,68408.5994237865,11.2558927854245,26,0.238897196585638
370.154765478082,284.107012490523,277925.649802283,13.2139213872204,86,0.268387994584266
551.797226591107,265.220585153722,88053.6967401162,10.3773581485375,43,0.131808683310549
391.790825991773,105.134351709622,115608.724750437,15.2897842441508,17,0.762806255984739
229.663794694912,322.924274044789,80810.5271626559,6.95627179269391,54,0.502800712521792
582.779570658152,199.124821658155,142716.668049572,15.0805526543461,25,0.123703838403071
234.588723953953,112.582863059813,259316.657888651,12.7892196233047,22,1.63618077263658
338.130013491077,127.279023439252,161951.376744098,18.9867776438339,57,0.953667121218206
241.181177427838,186.455833877531,113570.917987315,10.8613684263695,30,1.06496155850811
277.069301465257,299.856817017704,255553.429170578,25.5408091478614,31,0.422599409246728
356.938278447917,320.89567775886,190237.793645701,23.5678246353922,59,0.174779128672567
327.563864686005,370.344553161192,120388.633364294,5.20961954207232,99,0.180011118136517
538.030201951569,265.899471787376,193905.804161556,7.17448344942881,99,0.204259003527686
560.320267454463,224.617562856292,170102.213643243,8.95693230432366,100,0.201476833605368
457.360251463843,365.991872212704,236779.388813465,23.6695945607694,16,0.134954521939693
505.400011955411,217.858471577389,160600.746146232,23.8670805387727,89,0.191351912495628
286.04242881946,245.828359999382,298376.396315578,9.51546974152033,60,0.617912556426872
256.076764109708,223.42908044717,110914.846962745,18.4787144102689,90,0.882855342932789
284.098997478705,308.078798209717,191277.320933322,12.3918681591726,90,0.432112972209195
420.026837572975,311.265171505926,126612.155465185,28.1365675926815,70,0.166914664051617
576.840546879841,268.544131794982,230012.27600499,21.4351374675455,20,0.140992457958343
566.481697628623,295.409476730201,271441.374476754,15.8276876166469,96,0.223645681654967
418.051829491486,142.825490631454,178477.839477584,10.5915321729711,77,0.577199966589994
577.677028151799,341.834449172476,73119.1757577191,21.9657630014517,64,0.164464703280868
368.941480850585,324.251571262293,109135.816340943,11.5193815704724,63,0.153412883767727
508.414043674788,129.061378170113,88160.0990717995,29.8521827941698,76,0.354206391991503
265.341930330097,278.731894669752,147339.187138301,25.9878722788906,64,0.573555961994091
548.476084303138,190.636668233047,293907.994562428,17.0682154052373,38,0.160251708316882
544.020961430707,318.155100310773,269012.225450293,24.9921870842238,66,0.197002346321017
585.579660949963,393.734779159253,257124.569469241,16.6114150832639,99,0.232901561240263
403.351310918039,126.080050012121,259050.421983649,19.1324090124046,62,0.688384610440182
423.064518354347,295.582974398939,131177.227360092,24.0395105002776,32,0.125792701762527
320.793398162518,343.864919682744,236315.652521964,27.1253963560675,66,0.211892547410181
585.191901412773,162.570960767949,54136.9824188974,5.75678647049352,97,0.175016872191947
281.688479322137,158.711069700758,141509.101170211,15.4757300110751,87,1.1047592306708
535.13269442504,266.298559279002,218996.289330153,26.1910333254601,30,0.148049341984369
516.285542238943,153.335653661987,104989.431736783,13.1914407089282,59,0.233723087133485
249.172961032356,226.993982504358,117331.08886186,13.4279214453891,32,0.8097505111983
226.272574050547,218.14105133392,218076.641970972,16.7394170209973,67,1.02138538001973
247.495372438967,244.74680523172,187928.280461845,23.3021097374915,44,0.758351870733495
591.38949965476,356.525121546242,212830.207732653,21.2689416202527,37,0.162482511666557
308.987805768065,378.515661915988,194876.971999573,29.1106473528317,35,0.13771310582051
534.563006117836,365.961423777681,287269.113228112,6.48835996929926,39,0.164674050344375
275.936658553873,194.225004124651,291721.308068748,18.1871209214601,84,0.933270499337396
321.095995794782,327.914877981594,117650.89167925,13.5158318723498,86,0.261948261105065
471.650431614309,212.965676644323,208851.11214828,14.7213680763982,89,0.216108048419085
334.193718265451,381.036226922721,190450.148036882,26.3698883779153,18,0.120489663586594
516.978999420594,193.694675667185,62820.2816548789,25.8416460897266,23,0.114780615161566
402.002345295833,160.190196959844,83792.102983442,28.8403863591834,25,0.508170511971206
270.469266662859,349.491928425964,145400.546206321,26.468568510707,57,0.309970186543365
326.492054114826,189.903122369028,131100.475544539,6.08244117402604,33,0.655947316022189
445.812111310292,298.335559373647,126731.592676589,15.2397677770196,79,0.170573027082418
380.2892078121,258.11665356604,96828.4130518471,12.5870972070743,92,0.314253491664435
417.1249344202,158.759074923859,293507.654709719,8.10863444088019,83,0.52977560684933
327.985839088267,310.164121133833,268373.910122683,24.198731409109,47,0.265985245470473
367.575617728663,279.905462981407,62348.6299764732,14.1285858622779,51,0.238411099634801
393.897167456718,228.165001435947,299380.30837981,20.7550007981742,13,0.294375236572397
315.029958243159,255.079601693523,57076.0585598333,27.4622351810819,19,0.43611178174932
306.471198796727,112.957517877791,72627.3925774369,6.15495025362078,67,1.21606561990087
401.125174340349,240.536929608991,215149.749571512,8.03293575737409,22,0.237683547073315
205.829907499881,149.621803759331,90979.6898505427,16.920444481971,68,1.64222264403626
551.360764920311,100.022682498567,88200.0656163146,7.16171630565034,36,0.270161805187038
246.865410950751,155.576438522916,94029.6694967322,22.3125827024007,93,1.34745555299885
216.967783794458,269.888281779063,299518.834146239,21.838734084575,57,0.790934937614534
326.457903979301,259.101290078482,169848.442217497,22.2591403197721,50,0.425737188424546
363.739195378347,145.498242285377,185990.177650259,15.4015676969214,28,0.706944615239579
290.183675486186,102.513526136019,213491.92672653,23.1167421057242,95,1.45254081980242
429.786343792271,218.486346408273,265218.981048244,9.36814579933838,86,0.300707343503372
250.594944662435,153.367178814496,161759.352929352,21.3313281249788,43,1.25271829505828
329.626424398545,280.794347166479,134233.383068132,19.4857408204544,62,0.356413752277312
572.97655636557,250.177439725917,50018.5626803951,5.06808113695234,56,0.136641284392516
335.871788018902,293.834116592656,77184.7017393273,11.7805041052809,95,0.328893462086939
526.165102543472,170.489567262363,185545.610450854,24.3297216171958,92,0.208452811222783
491.126880401777,325.535719631798,289090.004156253,25.9720465814479,22,0.151648547079554
317.549904222778,107.252531618508,187317.995875024,15.1245852587634,93,1.23639029399985
292.52947555113,233.715784488525,280646.099766655,7.67250985319943,27,0.598721679948202
369.654410240734,228.782549222367,285710.422431816,28.9030429117497,93,0.456503624294326
574.133484577157,381.112224382065,70744.9974455814,5.70329847147947,92,0.186116526326315
265.922200865733,287.039797572936,243647.424124131,19.4125939812582,25,0.491186431857153
323.186053219067,364.328830452023,139667.098713108,23.8621206551101,71,0.168710165526638
228.482213992563,296.89822890204,283997.326550989,17.3349275813199,36,0.597944528430255
449.732294506943,223.926788202551,291903.739406528,13.7925457919997,25,0.175746877397605
254.233639384462,374.823355100481,78513.6861847939,17.6873566365529,72,0.287501461195276
347.626240320999,380.343336354465,56619.4352300143,11.0742230711621,73,0.148960580442151
454.050077510391,393.541920712503,72568.1758199625,5.6549240780434,39,0.122164743842143
471.315487784171,208.052129498051,174612.034576671,26.6753790048559,65,0.209821166113205
419.07837659017,127.968333109288,91675.8548929571,14.8183329865768,34,0.577734414087403
246.227725672697,135.504490790475,50280.0583146046,26.7869482356808,72,1.47232856322241
492.7024362088,229.182020414552,285166.576949962,12.0785017065603,79,0.195536900529305
282.734091682079,143.350690442089,238844.729996554,9.77204934522986,45,1.12168160421238
466.45651422079,378.922195814769,140042.822228626,29.8587979496846,35,0.142949792739274
527.808303766665,178.786853710474,283628.359244054,24.5292036272865,23,0.144575576351821
335.068764402579,317.870128257336,112267.782343391,24.2000415462105,98,0.273290981936157
347.019083411656,260.621034929509,80604.2278174444,17.8992097112424,73,0.379834911520855
531.64611509086,375.248797268407,52598.0307776893,10.3453369792564,36,0.124017412775104
473.75607132502,272.480608329243,131448.423188506,6.55331751912886,30,0.117278282350046
430.810318389511,395.911284467169,262863.764871673,10.1481763059457,80,0.197128897834678
326.709455425524,125.37599101256,152055.577679288,27.3813098373117,74,1.05383982201502
423.302929932429,301.66146008073,139992.775686209,28.7231046713168,40,0.138466457055688
499.812667064232,286.988105975959,115299.647397572,17.3119800433807,79,0.173860794348679
233.410615368781,304.725416804656,196200.146018546,20.204421555623,60,0.57897849494018
400.75840533716,196.747891645332,234304.172495882,27.6502431830301,71,0.442498745034368
272.233437418665,127.310458874389,140836.80008809,9.4422266877523,10,1.23281861325318
599.334966658345,165.347438612333,278163.339577178,25.0731443261754,19,0.145389763455062
382.498783247001,359.771734309038,57366.4018248556,29.578454239423,90,0.17618593826214
284.802117883789,349.32282093081,116137.925451835,29.6384019724931,30,0.242997558580042
348.700309527369,167.779349961536,228554.371800425,27.2416535499806,24,0.671729090077466
229.031982593003,108.223017250351,191672.024635029,20.3321332308192,25,1.74199392373455
419.546925941554,300.845443082775,279086.689194164,19.9835902446944,89,0.207200847119829
495.390437060188,166.336222230389,94331.4237042715,22.6046649048823,93,0.290574793023332
490.848676277282,250.642820786316,64648.3062572563,29.1172489772514,46,0.134677686620811
556.436244815768,232.57766766705,137198.286969775,23.799216319351,72,0.175476703418463
427.556858401669,301.201008665811,157570.367844648,15.480136500067,84,0.179632670585784
493.033507416375,207.990668931735,296045.258441932,11.6412571586054,99,0.216262310292642
491.926255962373,231.819594212565,147838.605838169,5.87465541378658,77,0.166774202062254
268.600577521458,349.543394204257,114892.388048323,24.0616006598484,95,0.354593696567694
430.95177389976,196.114983489688,296777.011186753,25.2801520658263,69,0.356823479324837
515.886686612356,157.464095470421,297028.131964151,16.417073752523,13,0.186458110408376
507.600081369158,216.586903058056,239087.745791438,5.27248185221205,68,0.173206059521531
379.53801054441,180.296361791059,217885.376430564,12.3750676878933,60,0.545468755061752
223.444208801533,373.136041497359,243753.824121952,19.4834993728867,63,0.377518576935644
423.976994792895,103.92130581004,178733.630561292,28.4268244205894,14,0.646596067898343
447.094094060122,347.908587768922,95161.8175251473,26.2911035563918,33,0.127510829851128
459.044081966591,174.179263494314,172811.858223975,15.376312912997,45,0.309286652685154
545.820768390098,182.841978167324,175644.124944093,21.1586198918036,94,0.198884244356487
546.77352247677,134.233358228936,260322.737094464,19.952688805278,56,0.221501689775494
554.89092345496,258.963391597053,103579.657691436,19.839103565513,23,0.119014346726228
468.389398626369,113.600607382182,199410.542064683,22.3546096797142,69,0.518894916648234
202.233838919923,231.578609969742,297615.096386352,13.1086601546282,28,1.00860775999079
424.969224629893,320.038185993488,151860.292043092,10.9593304620093,88,0.181294300803033
316.613213726992,315.45819776961,281187.737351943,21.6742359895159,76,0.311137749331465
373.82131461186,142.10861632515,156202.169588274,29.957719762637,29,0.69311016524184
257.006914185925,203.090413516725,288680.614693325,15.6580047198858,69,0.952914910509277
473.154878842969,336.745587605407,54085.5730417624,18.6563679777397,87,0.173223868432757
441.379669167575,145.067662929691,102018.306344818,24.9310257885842,71,0.490542916694005
414.294934346487,164.75081336677,200671.816426235,25.2496607217961,43,0.475954984306572
371.065389209121,157.311657689552,299639.186847052,21.9781449724568,96,0.724200105748871
355.423261544843,379.441768863711,71656.0553344676,23.8991841306578,11,0.0935083199910248
373.199243056726,109.083482931544,103231.896939896,9.14170941624219,17,0.819242637435739
453.285132687944,135.076304809225,179102.349807889,6.66687765964789,36,0.438196834075927
276.970933202838,396.567110755573,69061.2831847492,11.5042081015775,42,0.156007926967462
213.046381214809,315.931966179956,273980.790275781,11.8756215588236,67,0.614761656848492
352.895700815268,313.209449440772,298778.684886085,28.0786687334838,43,0.195864792058199
261.437438257935,185.996078938115,53184.5011334734,6.05998121074372,78,1.03027503510041
456.316939478355,292.895114452175,92595.7949571335,7.96139308851582,33,0.114267065407908
429.468373848241,240.064926636231,238187.601094565,13.4112065696705,23,0.175375525265747
598.969632431977,198.554092216442,287529.612258626,27.2062736799956,66,0.198425987859948
202.258961538311,120.920941739853,127694.342651866,7.22056042868301,29,1.85829069750346
455.884897033872,398.880247384397,171869.215980049,12.4687880662588,41,0.145393097124599
369.996207295583,122.401792420916,254810.325204084,21.2560268167575,19,0.782351947639357
596.37634285531,257.634070325019,167446.987258513,14.0584984798738,90,0.198990067587369
462.490111231425,255.560636771036,294413.795698197,20.7120140605073,22,0.142496891645622
500.468652570235,319.410372474107,274258.04984501,17.8645870531999,83,0.207576789154693
588.475136621743,155.323778083951,203253.842703683,24.898278319851,25,0.137018029986026
247.707209760541,363.880449336302,74536.4795114618,6.43055381124557,53,0.309526250730835
553.828139437973,335.778362904925,68719.8128565614,24.6285258894319,52,0.150339300564992
324.621451970523,276.627610533762,276222.7588264,29.5713555780572,62,0.396640544500435
356.646445859069,285.143909144821,172863.017368735,9.74516148088449,18,0.218711444270304
549.345985113569,205.428510689386,84040.463534916,20.0324012053467,61,0.150661018068002
433.042213458367,126.521162140476,197331.104327667,17.3290839858506,13,0.514097509275272
432.471328221834,166.263357653168,200522.212138336,28.3641761988325,98,0.481462334610227
366.946464474636,319.628456746992,237733.554294059,11.0946246690736,76,0.178491644161817
222.787082067891,107.625920282664,167069.695482422,24.4791841546087,78,1.91633111508101
478.485729281885,141.065655788071,126846.614103347,19.7566499950695,31,0.343764689280828
520.891957442739,362.756796320595,99858.8931748227,9.08536193592376,77,0.171577361017394
500.157163981807,346.954996666254,291964.659175707,12.0016368053751,17,0.141616296315092
525.841334445512,338.779997455321,183025.115531856,12.0541854508674,33,0.141207376625873
349.746145340358,264.609811685286,202828.685100398,7.5832325360701,14,0.292044266727156
570.901200284615,344.554524995588,62750.6893971676,24.8872674848385,38,0.137242965210786
589.825093425802,267.398641378908,75069.7161371853,28.9606911581833,20,0.119755896722488
529.75444610845,232.210187686246,237026.771723845,19.2331700791874,24,0.138453254609619
519.680241230442,392.036392675185,222528.449913039,5.05875313336028,55,0.169608192864231
517.848991586943,394.300395459772,142942.821357286,5.21391792878371,31,0.131527680018788
293.753155873808,166.563823204796,132670.036150523,8.19114783397439,22,0.894374112037045
378.364072016559,184.119891062191,264961.036947499,14.5478568413156,19,0.487593762016826
251.494517892215,185.478842096108,279684.926773611,25.6742759043681,37,1.0381803057528
389.757852689159,106.164775573662,240863.464134399,7.53594867504327,14,0.759368875246347
384.275003138688,301.142561927805,71300.42518346,15.3448718207113,45,0.150597459199043
219.793529227184,322.775081241792,277435.172580444,20.9381717118576,49,0.547772470586831
466.046761534463,137.948835996062,138594.282849945,14.7889259791587,33,0.389583343524818
241.454237011605,371.402207051379,109689.865052705,18.5714584979314,46,0.305363000796292
443.320869705631,149.684040979377,282791.128424957,7.59602312454744,17,0.400558209583272
363.188769257575,294.257520841391,239182.746929117,19.3373679835036,21,0.190179260205059
514.610774962521,345.86582015657,210715.693458468,6.9804479360622,69,0.179474834840869
586.300711308128,247.660540033593,161299.537855534,7.17773579533771,25,0.126076057469631
386.966198678106,162.07774499761,195754.549388285,17.0392760468588,27,0.551073055655984
375.937666676823,116.43302738883,208155.594776933,5.98894039977421,78,0.856709391862495
278.158710950392,273.95893623682,285930.327402504,20.5814880346474,39,0.517977909535589
227.151447009954,218.761438610698,91172.6514248717,26.0218276856928,55,1.00234093316283
333.636468968004,129.703754214781,233994.061295566,24.1415377360864,97,1.02586243957748
389.172839945862,358.544086053287,147994.531739506,12.3679927868153,56,0.147963641972173
512.202637708863,110.122050556577,285798.989858785,20.9935607390806,45,0.372892436708687
205.885323622361,333.18711741091,119956.41571242,17.4139357203985,48,0.547797762714079
445.6809042546,331.046809092636,174653.792381087,25.1388277045088,61,0.16787188096375
367.038260304623,101.234374437022,69608.4943154936,28.1456424943877,73,0.987083177413414
273.306344901308,145.357969744975,290554.652969136,10.0001299171777,70,1.20186690509646
409.597917336784,307.74653826815,139914.700703681,5.48581890142829,69,0.15462357411628
555.473746124992,236.280221343026,158909.605080733,19.7355600833904,39,0.143335788727491
268.452143209801,278.623115771241,131075.017344374,26.2539512489355,98,0.605429602785734
547.729164435618,184.382094067849,232242.091270821,26.5596295720564,39,0.155456453477467
251.72506100721,175.076115689714,299796.586239743,19.843819517758,50,1.1139006907297
568.751428468244,271.582563686327,53050.5399644734,27.1828295522521,14,0.107266665976251
585.23463392988,196.136081923961,258370.891268206,5.56519130039657,98,0.213000688688905
471.706014954663,103.282313631307,203041.82092138,24.9182974159124,65,0.543758554967914
233.216493230181,176.967082333785,99839.0670244178,13.7503171078445,45,1.19772634564782
386.04904492306,172.890127283378,69330.7444433734,8.65982045432479,84,0.573938901969971
388.846245285329,180.394806026387,64189.0498731256,6.23753157864044,14,0.447057403683647
301.247091643107,314.472156881169,152977.87943435,28.0859723871414,85,0.363744383063767
546.383776093186,120.084754120576,245651.434635203,7.34666220447722,30,0.226225191985955
229.2504939533,111.715360193488,89844.8420634475,7.52826789293988,80,1.8103637401843
311.55522010856,232.944204331054,169324.454527038,13.2044687935612,48,0.560624840435485
225.891605487174,215.958239693844,65393.4542163614,9.55649001759711,83,1.05458712102475
275.425625271457,337.473140043181,124191.721525406,12.3382125058713,17,0.277796226226415
296.9974249694,352.190249820043,193344.862201678,17.8075249503603,38,0.210407615784235
555.580366553014,241.754060216799,170084.997085828,10.2794392292983,55,0.156830208103576
211.421155102588,163.267791197121,118623.011146013,22.4637089024856,52,1.45989202369517
394.541157771638,189.260657169142,92207.7920326902,14.0442147815377,41,0.4369207633799
322.078504494972,330.658103356354,126286.578528006,8.18228950468093,38,0.197862031542959
564.34233825291,134.448661392486,85759.1647909617,26.8249165670926,42,0.159657010535052
202.433211205853,249.706733721429,251045.426660531,15.7999584012561,22,0.901589274326901
282.299226234075,374.426075988731,295681.13001162,10.2890280219003,64,0.215603004772271
522.249962294904,160.548589053319,85142.1898706066,20.2174367501494,17,0.157906467979362
411.969496081594,101.98368913858,56934.8337468014,19.8160876433698,83,0.787307803239295
344.403646508075,248.128511603122,247207.039033456,18.9960977466728,73,0.436644312724395
488.026641380845,202.228189696211,120732.340840737,14.1444815285534,38,0.148355705449254
559.635610680854,314.781250721319,96060.8138647574,14.675551125761,21,0.116971134016775
341.041557921352,352.296588603849,235178.363888684,8.43073606838345,77,0.177449642518611
351.714978450233,172.636638336644,209714.974887134,16.9865800512152,96,0.726716967005968
478.917914363194,195.027448467088,125946.028107903,24.5908379016585,72,0.23061432755762
446.130341022779,107.554015900592,288286.165407356,10.4481949616596,25,0.557322978389214
478.991781341806,285.860339197243,75664.1140050615,21.3395352440771,28,0.11513864539539
455.350010478446,271.227716208441,194759.331634696,15.7092307081296,53,0.154889215626119
254.461450691221,248.89737109251,118724.952188893,10.7275715028338,74,0.740863413455707
246.014491142257,172.571308459899,286049.328504494,5.00410175916449,48,1.14594092373823
460.748783554848,280.058748615768,272732.264130022,19.7247640194255,84,0.203190374563383
252.918814466795,287.519132533767,60907.0591058964,8.1588024387425,15,0.505867891742101
236.938362850948,348.403273694552,236290.605181238,11.6507932655268,64,0.412886904155631
332.871236382013,206.832959805541,297831.971570597,23.7232806932202,100,0.665464470954424
563.923903053414,354.682789238471,238600.250215008,16.2408182293507,41,0.165638430745339
490.370026419647,335.204419756082,78024.7368313549,15.6862547592674,44,0.133111112751925
335.221571338534,349.986617516884,202642.214441905,16.1866677323757,11,0.107888843667806
337.723265016998,148.559480995382,192594.929965756,21.5442056781355,89,0.892245266616764
281.953814848806,156.498016047453,135310.958398701,25.6481989194261,27,1.03166974008096
375.447862785004,351.8497518131,120532.910139331,15.3247560676237,59,0.146288320066952
472.743530677483,271.415987455761,176862.443482576,18.8947462636447,66,0.168459993974462
575.269432537924,294.10228350743,274707.430526733,29.011045721167,37,0.171702949621876
254.361646403749,248.023631497159,280423.855598104,13.7049981916263,67,0.74174178281383
244.805040853887,313.17789765635,131300.093886844,25.8118587120562,30,0.472334828623491
278.494612918448,273.395660548199,98285.729120737,22.2832390586046,45,0.520176064689738
429.575515173272,132.388531363895,177111.827571765,17.4560504915627,44,0.541493798332869
461.935815247719,183.715465750395,176779.75088329,10.472291902383,77,0.30575801855859
211.358232433211,377.838002685094,84673.9184192856,27.113322608927,14,0.338574773904035
593.056538806338,235.444266969014,151091.10863493,14.6126326365541,42,0.145599731640868
519.854742794432,159.853197013646,210261.844270808,25.6247536885355,59,0.219548360501128
298.519021927473,211.254664553608,90544.9944798526,14.5084281423462,36,0.681178430967487
450.638520335486,185.714298656579,125023.467121952,19.9696954739372,30,0.280400606502509
442.939030243788,294.800232802051,221851.65452029,12.8381755429434,65,0.170667736224144
458.435232253046,268.262242566883,256845.48409634,22.4599352269695,75,0.19177346094047
565.96829034163,135.568253106068,235934.195613218,11.1015033009216,77,0.188711012946342
227.632277377399,368.117518510157,280840.968648063,6.10392863971983,86,0.400978860134204
497.615556650197,206.067519628026,261773.328103543,11.6365141066269,93,0.204554567152086
595.978646474902,312.135149745182,158899.00838889,19.2800838299711,21,0.133300222551125
558.383466313383,236.927697651182,275655.126999957,8.38241567195433,12,0.129719516300968
370.666628742101,392.513786352725,149588.017853316,6.58591710336083,23,0.11186996445135
454.100602647653,296.644058433653,108263.244756467,12.1268452415902,37,0.123357690476408
323.231576722252,391.578176419054,206301.065079815,7.9361723206498,81,0.177335939038695
476.941134826692,340.477373586418,293759.834390533,26.4127117477658,93,0.225082944268365
406.143465520332,278.552277648453,246404.495678022,27.2120705421178,16,0.130867669257046
543.684139259196,292.097306294219,212214.626233105,15.562659852434,17,0.130249798439659
499.545067399189,310.417088912107,252502.122211652,5.50354034825817,11,0.122728373526695
208.813507331291,302.612880574124,67954.4841202443,24.3149363217333,57,0.674838251902518
590.493264206027,125.517104810665,87977.5679658402,20.1872517901347,35,0.12323045068039
359.881090720922,288.041941644787,226717.169228419,9.71651219198402,66,0.257271830362951
275.216083455252,190.21031996664,152101.646770115,27.8672996311206,73,0.948110832680197
558.913781708475,210.389655173473,271590.302291074,13.6765490584638,38,0.156832533976298
456.203357535933,124.00399541201,77018.2253679428,17.8024175669446,90,0.537984898261223
475.010157454922,329.318997551021,143592.05828508,6.67154842668488,97,0.191867155524331
263.233670636125,191.163102421013,214875.478413086,18.1123870860555,53,0.96458747885672
511.346668165081,219.359654220508,87499.4198294994,19.4031340789063,89,0.177075085973346
504.237535201961,298.605079412431,152576.284270838,11.5996026562618,37,0.135267802967994
592.421208991843,394.960891156717,265530.340306521,22.807609923402,41,0.179036564832376
469.865610763188,112.699741787385,60519.5087196149,21.2312588523086,21,0.452275094624985
241.913752391246,115.658654783704,279597.778664594,14.2919095111948,50,1.60369563950692
355.87684905743,199.047287616909,179178.082504213,15.6029580064918,27,0.513721376215229
240.495583752777,327.850102848807,201043.178420487,16.7685753178945,20,0.420070866778834
414.870400948167,370.075640728795,107935.747436112,7.88300341108011,20,0.104894796082852
298.406514610385,133.424689005228,155661.569755656,22.6892594630183,83,1.16802448769457
224.447768801335,203.472019419602,265197.453121461,6.47728772878402,90,1.14392213971606
401.436044715076,201.882541057885,238224.183727891,14.0964636052826,96,0.44408170260605
365.968470864662,175.505927503832,289124.58512807,15.0596251809377,36,0.585086937083578
249.728490859547,314.031723431907,228718.135926945,12.2471025782149,89,0.520217957124525
559.554231923235,257.232191088277,133869.367320709,8.45848357096539,53,0.148986772459101
362.7293878232,108.937125946859,268910.445060118,24.2202710789264,85,0.980994062556118
469.324585721377,113.540731837818,137477.700679052,19.299863889229,70,0.512939419618515
211.678024528377,242.728514531383,112626.136091392,7.03711963088634,70,0.956216266062831
246.435429079066,182.30097577456,68242.728889021,29.2365968459199,49,1.10700096800487
506.632553758641,114.202355512503,122657.178511269,17.6515864359453,11,0.326422555088288
308.173236714954,163.815345300692,106390.538305889,26.2709046634546,90,0.954287355576991
460.035051825278,130.97058630813,293222.003955273,11.4423728012437,34,0.437463798946475
544.337699868122,363.590821885441,198595.742083695,24.4134543004276,52,0.173362650648294
542.801867373133,173.16951559674,71217.6743388567,23.6304903258633,98,0.185601828105562
479.979894370561,265.704223241383,232275.197965559,10.1787682350851,79,0.186738917243977
492.836810425619,115.271456587021,253790.138235171,6.91718780794399,17,0.368831524722333
233.281969599143,333.657655992583,53856.284325064,6.30002435415916,100,0.506896680280814
507.280144865773,118.008664572033,178343.350857326,19.5918940230008,98,0.416051793601952
257.132022885215,160.759543879392,216945.89672688,5.56428257716575,70,1.19378968541767
484.694710266879,301.91657524223,69767.7597168514,17.6562822310154,78,0.164881027477946
437.680560598875,393.255397251489,73089.2089677962,6.29805260306988,48,0.13032805322689
242.568481179243,162.4454518345,245854.633465848,11.6723620013416,84,1.29770559120579
394.243004322331,115.879256227268,234694.634559215,29.1273801404894,31,0.734490139180147
500.827184256906,217.539475121552,241009.062172877,21.7053186728912,38,0.151247269231591
361.615831663165,249.971296726734,65912.156158244,16.8282520375326,74,0.371743408936276
570.772386981163,308.909972233025,222082.763934674,5.47937468126568,15,0.127924360611963
461.682255812037,354.390719094981,150631.172805103,13.7868406752923,14,0.112435407916504
261.337694981296,230.110132736975,107668.039754298,7.19489722972165,96,0.826591103845666
279.902519225473,310.829657279153,148684.684192741,23.7171697311538,17,0.355504025057371
317.804421234771,161.684369028343,72950.1407639538,18.413802974217,75,0.892076338935727
543.12559965615,380.66318851723,81063.3018229029,16.6677105917912,18,0.115287722322752
524.003225841127,213.931032586271,134056.507447626,29.6033742844043,34,0.135061362939841
460.110057189091,144.401401641723,125064.62637146,22.7722234862757,58,0.41920332399549
493.164757039693,215.007702250979,188924.498062642,24.6537316523876,77,0.183041074499633
533.09094163634,153.230812178115,70699.7327418634,22.7391948566258,42,0.179093369560193
486.839078390251,202.704396767332,144796.669679775,20.3733601595821,46,0.162886545856324
388.607731481892,332.371670129327,267773.46259355,22.5774384140444,15,0.130224976928246
330.5106084711,133.56054617748,267043.954074792,5.14285083889293,87,0.990398856025964
551.277085450815,123.551199152856,170738.721676131,28.7901164051565,70,0.255521587367975
438.202910304994,146.290487709036,252916.71328929,13.5829525659577,19,0.432520496326945
358.665627006357,229.071489610572,89772.328864712,27.7601698647192,25,0.399502220020684
361.362865539175,144.72617050632,95487.9987074925,10.4049059294921,34,0.722256804291365
373.429603136544,330.253240396527,63722.64745595,7.14682832818821,12,0.0942424438815303
311.501253060329,304.176745210326,239231.668237549,27.3883907379908,34,0.313116080405744
297.102399814998,375.925489430987,214710.068115314,24.8481237285594,94,0.21114979266153
425.132099322108,384.691219085498,242898.064796154,22.5980102003951,44,0.162414134074625
212.671045020319,216.098200803959,130421.879530564,15.8224874455298,54,1.0854439710359
221.740606437531,268.753898153965,112943.592852943,13.5463597774688,90,0.811493692688448
547.959677403454,311.981620570626,173776.434301682,29.0424183350152,39,0.155269418736832
293.607942693582,299.102854530483,100837.225231663,9.12914894774711,82,0.417895093520926
214.752906707927,112.432343505576,122036.469709375,20.266581009545,19,1.82261968220624
596.463112412987,259.324316941356,111225.647592927,21.1279493630192,28,0.129902950040785
287.21143058215,261.193873773814,297396.100422369,6.60813395726047,17,0.498764340353697
392.448657748277,210.091422404351,284410.627105546,11.4048166256116,76,0.420562972504117
542.229229990354,203.424759050183,119141.956200172,9.01453032341993,15,0.102769312464679
487.363568748506,245.771762049715,239148.621223546,6.35355451731634,46,0.15138859913505
341.582578882126,165.775100803578,239729.774727395,19.5087142972981,89,0.791420475203604
265.364415686882,339.352115296972,132813.411933963,19.919163157148,60,0.353954130263107
443.780266101703,222.242298714154,174842.234892715,9.40563884429226,62,0.224685904740307
381.7009050786,392.220441336967,222475.916089494,21.3946924980687,19,0.129270016072328
220.554731967692,168.637397815235,89397.0518343659,11.7902419949004,36,1.31897358084103
382.581357256411,271.029183379553,87676.3980595095,27.8569127861527,25,0.20669095999106
264.315165551867,222.704275545061,141557.866311855,14.1084764304769,55,0.797522887420035
431.562423347523,248.813052837585,181527.168002318,8.34720584290699,78,0.199063985299909
597.890380186426,305.806590949003,128649.751826129,24.4561707513491,32,0.14198111227928
232.518824834675,262.648306537015,273829.926184101,18.3789899404331,86,0.794831016844056
466.918110998779,238.009023722838,186483.919575133,26.7319920776497,35,0.139917943566258
586.059020907489,325.998268082417,52765.9604800154,20.9604655626886,51,0.146843585866099
327.27881115012,367.804632076997,279772.12591597,28.0489659701348,12,0.129010605730719
448.799352022632,135.593821877129,247520.813341225,21.2981136255441,23,0.446891850600103
592.742326767242,320.476173282429,283524.87970807,29.820842515084,88,0.229171352927625
445.238379929178,114.689243254479,86693.9230173753,17.0098266478463,49,0.559649121560643
541.301429366721,152.680098574862,60294.5483293568,29.3099761483271,13,0.134293961378989
594.875913689847,213.696270860495,291820.583589409,8.24092927245662,60,0.183290575027543
566.627248920861,116.931566079219,219103.275125443,15.9028619388334,34,0.193901109751024
560.029278304543,142.483027828151,143510.622928415,7.3155379775433,71,0.171002431010834
494.725786263964,333.776317128343,222862.279156226,10.3863183566057,36,0.147037913893768
376.512541700533,195.128202406256,140584.759328446,6.59962594968238,73,0.50947385114776
409.252191647545,201.558198050989,201157.782401442,26.4061324002995,58,0.384321917418846
248.81119833856,374.49441738405,238520.820427779,29.5393872219036,19,0.259498565013197
313.14324285648,359.332945933245,200562.198783167,22.0099778004471,33,0.150869404115747
311.009495842748,290.755532048522,286518.957168838,11.172953468144,84,0.405320627464317
379.73820134101,283.649363497987,82166.6150340887,21.181719227766,60,0.212691493591641
485.166605579152,117.013966281403,210847.982119117,25.9803281123742,57,0.442436564837603
267.921657822191,260.777606946183,94179.0163978976,15.2710614467877,19,0.567838321490631
440.448788622732,138.910160939986,106278.378890307,6.39393413408413,69,0.501850328305602
567.349743989951,174.739978760465,98338.7178830293,26.3314823689443,69,0.164325578295876
340.801532867982,305.710200992688,186061.882222096,5.52102997403112,81,0.267701532352106
356.226400428084,103.057764341466,278333.663331525,18.2912164774089,47,0.984424907783712
265.147520907835,137.530259723411,211431.598868028,19.0948967548959,83,1.33535275227122
463.019640216287,155.526607517804,104519.328520535,6.33831237596785,56,0.360498029358894
417.543983244831,212.319608338229,245638.361449561,15.7532167210689,72,0.338904377162845
501.741785251462,188.651220815844,232099.302468908,25.8367542614891,37,0.163736317413444
588.394150467461,255.487655922614,108828.308980161,26.2231493983472,11,0.113893509012732
492.46694836212,357.713671326328,144016.551931121,14.8083160635941,33,0.134302888312733
276.404881717899,169.063091993346,73510.2226868064,11.2658459257487,18,0.961993519115369
507.740163272227,265.101813391586,172523.453838161,12.9819644405782,36,0.136508440643862
535.018547100975,211.617168508364,224607.621604556,5.76394323128485,11,0.11478656865125
507.957016156817,388.82648672752,257254.620225384,7.60928786895268,62,0.182826769268762
584.361231991294,365.072048605437,244324.749276205,7.23930553314127,22,0.144771173616058
266.985319983502,247.751084557471,184930.461807623,12.6397400353492,14,0.619175438191147
330.406296655283,290.137483394419,122191.6937304,21.8213840650041,61,0.325083330641449
341.810323268557,171.10096108568,296573.07608985,25.7592704048942,71,0.74767959570008
458.019397777721,247.317978129841,248146.648065606,10.2202601817258,52,0.158641433352861
509.154111729946,333.625998538206,183109.928927026,23.5750042990842,33,0.145672205876847
336.710604610058,144.959761286986,192529.908260486,23.3662673533478,56,0.869447580146742
592.968010124413,198.141419179264,235424.131302094,20.8641294133233,65,0.184481937230163
537.816797022256,380.430903819668,225106.573583429,10.1204563013831,37,0.155249529438388
372.588938861454,137.862090608599,282741.14864923,29.0601933721608,20,0.707610377997292
264.17950315804,202.141625820188,84503.6346944607,14.2387712709032,88,0.948620183354141
371.864815620624,147.485817932926,127991.136150404,11.3062511161196,50,0.691180222611557
498.122723578384,152.582364936655,229172.778889918,18.8802599009654,92,0.327467092235843
311.376274221625,232.820196738158,187636.802280973,5.99780450713503,89,0.609490976233094
354.974197597934,248.765804456804,279895.489798238,5.6577800016781,39,0.357604812679836
260.564978024257,293.151988461481,157412.626787993,6.88900364934695,27,0.477466789059232
543.625336730225,397.542166288687,105105.443057363,16.2453026157693,31,0.133626016783732
542.95645915758,389.090581370963,69041.542668022,9.15970290695213,76,0.169055812937088
299.666048949032,323.950652628154,171008.153363739,23.3915781544447,36,0.282791518803369
409.447333146286,376.635743124551,248997.608119262,28.0958889036565,75,0.196252218600093
215.121981046883,388.735928926962,84182.0125715286,28.3714259281841,73,0.362285601136769
563.350144083998,103.459694364384,267706.9863715,5.37930699266413,63,0.267132429153205
550.25285688915,302.967216988264,239645.145014379,9.97326193114995,65,0.182326274299032
491.266683474364,183.79114436474,86008.8860336384,13.743020252352,99,0.25208883749395
595.248914968898,148.912562033601,213549.796669589,21.1473583962372,59,0.171721107758282
535.05404825913,106.229340394955,186406.7090223,26.6570628125815,49,0.325411796173888
326.00263203273,290.891346466688,111630.16620077,28.972425245411,32,0.305896943754535
368.152371612922,313.596369961933,190026.122502763,8.17805317578056,95,0.196212536579248
553.593163233572,274.003284289375,52086.2063129861,9.05988885843739,87,0.170738448167322
411.89656996277,260.993161556583,59043.4983276716,5.12229725936154,11,0.134218877148616
515.535754109804,267.670979095921,195107.275118748,25.4097348010701,54,0.166445554307315
306.127856561496,271.497090480753,106414.806355673,26.0682391902872,50,0.445809988111103
410.178991338938,158.85766351112,190141.203522371,28.3665167026814,91,0.57155780544762
380.03079035156,343.458741497472,177162.090391104,11.3391301488791,14,0.107564040908646
205.134177805688,309.159110454931,208406.243184523,18.2780656951677,89,0.703622357803171
245.636416268462,154.401855815304,71711.1366158686,19.1294142562381,51,1.29046057897176
473.596789386683,247.127127904145,166245.083809482,26.0560566328743,22,0.123988238800909
486.026633044983,231.129997783401,118849.435336741,17.5182682442192,17,0.10618357892278
351.365996860662,183.855307581341,189231.267081043,15.3993577957446,94,0.675686558227003
247.055253231149,291.331431605017,237143.799353694,12.7902358732076,13,0.519427450818703
207.365049200088,364.388421822894,166594.087259574,26.3293480383228,84,0.481327724785008
480.798909443876,296.700013462095,161857.414108104,7.05617156951298,64,0.159779417854361
439.211644235714,190.848254352287,86615.7295899857,7.36848373731897,13,0.266647217602091
465.215542668028,117.262193624986,253477.73951386,24.1064121984575,77,0.528488122065726
267.084725720679,125.65625658477,89032.5259686261,28.5391781314767,17,1.30812549415399
249.831520422603,209.04370856787,81840.9936774768,22.5115203647832,83,0.980683621067666
384.51182897975,282.174630202981,241859.796383598,11.4329401404012,79,0.228127949183566
283.117270309921,383.023845251825,294024.266003643,11.1370654966951,18,0.143994149987381
376.40760378369,238.84361248278,93201.9444170779,17.3802134266851,16,0.300221148720295
518.758163129583,324.502879374781,160249.547273983,19.4344495604551,14,0.120321287318577
286.59502852519,103.340478216891,65230.7361746041,9.27788771556239,46,1.3786380331406
344.110853183132,290.562635371201,292396.438048618,23.4748866646619,10,0.24077743240263
508.34409225931,179.536296664016,213056.497183662,9.11999543643685,36,0.161048171385546
365.436034907207,370.391403707164,259127.76035483,23.2977792915716,41,0.156184265514207
428.8390905492,242.85643343385,175920.856910665,21.3609782124087,74,0.224161568735504
289.266043177275,317.09813903209,226815.170220332,22.3708506689754,42,0.340739601629181
549.223018599124,253.31047704137,167684.853603045,28.8998522115366,60,0.171896722406255
333.936101144736,233.620580329763,165170.075880589,28.746130683411,42,0.485446039284356
387.233107528562,104.513734326652,205466.224485081,28.7136026222132,34,0.821368218619097
283.148311599839,293.077353380594,229388.904276364,17.7685180915694,93,0.4945642649288
287.945668510465,144.175539332302,269155.637721232,9.31185470609549,34,1.07027079175428
377.012774704357,337.897890374264,226119.706938538,29.6882170832414,88,0.201056946097861
282.534511604584,297.899299659541,274643.904069914,10.3183065737033,86,0.468670771921532
597.368765916053,326.12055457417,107836.141201515,6.53823380532004,70,0.168841844482958
425.220389205326,358.64962989062,116723.212203819,12.8909266268561,60,0.150256380713362
226.761326468077,269.540311931249,108984.480135453,16.1694512035515,93,0.792127285360491
239.460312924258,204.906712710943,76166.1713716098,20.8478845208061,10,0.94393174418306
386.594243136273,213.306211434287,197578.21452681,9.45824455703235,51,0.393100248459268
221.509741865465,159.76593453943,148270.845096739,9.81667651929275,64,1.42356265692619
499.022481746316,125.240752351915,201679.239089294,22.4336128625717,29,0.339881735889306
481.934521319199,359.241198919954,180468.62185057,9.78161228412421,48,0.152288231672764
504.110565309478,239.647824349096,194931.223211992,17.1266862997329,81,0.186659819358963
502.628474079556,166.600275780764,138676.122523076,23.5560868690967,97,0.278476827086249
278.205295569631,314.189617853096,100194.896464042,17.4276433619479,90,0.428856580345331
558.297031200631,284.867389826828,221505.060683671,12.3487239028165,23,0.137059905187507
537.715766447191,174.550038959431,228028.283499541,14.3664326049226,38,0.145507621771186
415.369617786147,145.848863982578,282882.654142777,16.3692118095987,80,0.585778826009994
305.112349158593,328.372048473207,116334.847621027,20.94033383994,61,0.27895563318078
563.383206244367,157.018295799196,258217.455089477,16.2328606051651,88,0.204017903086872
508.851044547066,315.519414973129,57762.6166960359,14.6025037214879,81,0.167305177653387
201.565367289711,110.169405750752,61162.9396808179,24.3873319577479,71,2.09833571864379
361.826892389131,201.068788995395,213619.853261225,12.0877466662124,41,0.502895106407841
354.568902613758,212.527117335886,92173.2951854146,5.82661140675107,58,0.496639665307667
439.301553674086,232.130854153044,114358.853522776,28.1604685686859,16,0.167206370783336
307.183341651604,262.889596378762,266439.548487178,23.7004000344195,81,0.515049701450237
559.750140422889,146.861955306362,209127.016550364,27.249322032118,75,0.187351623149025
264.836778074712,255.906610389686,259239.143474961,22.2472456739612,43,0.640673802457215
310.595473128405,307.817682282592,162532.645770097,9.15235581217709,88,0.350631593645748
301.461587827854,332.228701494194,234432.681970641,18.0597463245951,72,0.29370171203569
263.115201694835,207.403094778746,125824.559557572,7.20121532919104,77,0.904937797462906
347.728918770967,246.449925710275,89606.9728537075,26.450479972151,54,0.407684421120892
300.821396277041,353.948216198992,102530.07424925,19.5546701271459,62,0.217990603771701
405.048465042486,375.085785188355,280655.618934333,29.7282159525321,73,0.200000001700982
576.54803208284,227.908985654517,194611.290737652,17.6784862844539,15,0.12507677070091
219.718518116684,127.192000244901,102050.559646137,12.4441252286613,74,1.73704256553277
513.562387466379,213.149370006123,99303.7542676268,23.4594796678073,62,0.153452147847875
535.855668099599,396.104068202307,214440.477309043,23.348045894539,11,0.134891072267031
231.803540916453,331.70500940804,213369.944817396,11.0076305075852,69,0.490441820769596
348.270729359937,339.019015183533,242624.193683699,26.3779039516949,89,0.200579164580852
545.271468270625,372.187822976372,244643.916715302,16.2705781928679,65,0.19073334522662
435.670376155111,101.117830862513,77642.6229676026,15.1994564423953,36,0.631418903327051
420.854781891803,184.776813987425,82733.3130910605,6.28068586305398,32,0.357303178304004
338.222494963511,275.80317518927,148500.328699475,8.17069465454622,38,0.314391458897861
232.774616101821,155.802649925816,261982.915072794,26.0427137901853,74,1.4037545966028
333.103222390701,169.693031027183,54864.9893914548,12.5574752734525,56,0.754059550854437
214.146185846397,384.736360854757,250686.961130118,8.79388924614923,66,0.36556379582245
331.017158120492,397.378797387198,71959.8304877803,10.2467903887821,69,0.14447247718333
571.202969884926,351.034228779068,242265.299291426,10.5890477592165,65,0.188162132521422
530.049310808596,390.287649892693,81925.2528798832,25.4929539813547,35,0.137116324391036
277.70132102813,306.333570422262,283373.539615522,10.8893218444942,21,0.379637639466799
367.14818837629,112.756824177952,213146.56004359,15.9866611989012,33,0.85794590919222
512.152516006996,226.692306587034,199478.774025397,24.7038383039517,14,0.122849583083588
587.044626582925,332.184181905994,292007.149928938,28.4724712743909,85,0.227070773148167
427.039477350895,384.260832392665,219746.144844544,16.8445271304715,84,0.196416041988919
325.407762370077,341.098088744673,186309.735401538,7.02578010199625,94,0.223649584492712
414.524688352114,357.210940204283,297951.830101373,5.93795854019166,16,0.131280458411611
583.365289064862,282.454489940045,256317.312203343,29.4117068498471,92,0.22505087863802
489.736654164407,266.975684125101,262506.809806118,15.5480268859406,47,0.163029472294963
201.378126984397,157.069405356699,154787.914899076,25.0639821714573,51,1.58506059963246
491.390318289797,167.849951007979,53113.1080176305,7.01702709086185,51,0.23957224956481
480.834972866502,300.426117423551,184776.385118901,11.4758867256251,98,0.201160130607865
520.731451134386,278.221169779252,200438.185502215,8.29399295471621,11,0.115150622912563
493.203314722109,349.893917630082,55450.5177235014,25.6437427445805,65,0.157418453994902
313.316434444801,299.764530980099,158181.433734326,24.0150593436478,34,0.315450842248714
593.45573743216,303.722824410728,136795.695971798,13.6315875959727,99,0.205516888214621
453.065885689367,128.365109425005,145240.269550119,27.6382967125598,66,0.511513325493949
539.757593415597,314.260152073138,228641.536590662,7.42403820444389,12,0.124598245352312
203.315967339992,399.162068188621,245122.906872689,29.7753882297412,73,0.372450828770694
315.880344852772,196.366134928038,290885.836527314,17.7108482792917,56,0.712705774982716
557.265394402128,228.575093082797,205084.817359007,26.1268902109737,91,0.207593135707905
223.548816057135,258.850766399951,253410.57463705,17.3948398528256,80,0.842150612834282
324.434645195599,239.425624993814,123043.108754821,23.0666357848147,76,0.531869335533322
221.921144424571,136.929114722186,82886.3341751506,9.58536958214907,29,1.54479594854746
253.696819865812,274.639632803229,180003.709553219,23.760491741534,86,0.65982721094186
382.994987363047,254.865066737737,170187.313480166,20.4889415730876,98,0.331454372912427
343.597995666423,277.204154439607,229346.409917613,12.5799925543221,64,0.331258904906766
574.359195158954,262.554924029091,145086.171701704,27.2683920928272,26,0.135211370861144
321.036957836155,138.465712905372,100627.548598534,19.3007369075002,68,0.992163330118104
500.711174833998,214.331424095431,162824.493586639,21.6158238535861,75,0.175515337329224
266.551422399611,344.056665666287,180533.90667759,19.9894217862054,24,0.297756816704612
201.214718934248,392.655492654616,196548.906642708,22.0911590456371,30,0.342802655351205
371.633140264485,397.757472328871,195990.533410114,26.402270985407,52,0.160729184366483
470.111653313326,328.128125465065,219624.168904835,10.459029471675,83,0.19205668501436
505.857965599615,225.113880682553,74568.252181347,10.0804105507472,87,0.167616755764667
226.881972123825,108.803468306442,194488.185124939,9.07742439643417,76,1.84390720726547
439.489118801813,252.931378096294,287380.219673218,13.4362703290672,12,0.124845204215421
276.183228124485,182.25782339743,231599.505100701,13.4178440243684,59,0.954833210863458
406.419441393656,194.957207477627,250902.33374374,22.6514278669308,30,0.381575501451123
557.48354748139,256.137345622705,56093.9534981566,20.4312198352277,88,0.177826778992989
217.32352984059,168.347282360881,127846.926894533,26.2750553771688,73,1.41912656030994
443.984862196887,253.216303017981,159051.704883003,17.9813401330123,94,0.189802185276759
379.094602437371,373.231596073822,298474.462450445,10.676693089734,82,0.199396298949538
236.699955234182,190.162634009497,131850.668052132,9.80883306242387,59,1.11220032569304
530.09336150282,233.53521036689,283315.444213189,16.0075366688096,66,0.187706107549595
591.682046091375,184.58488062201,109753.745570621,24.7844743626026,16,0.114005791505759
526.017338134268,297.688523415501,187488.413646026,20.1191462387187,66,0.177463431190308
308.88632493369,347.978280453772,94390.4756768982,19.3317917456844,15,0.163680703479975
326.286913531213,389.782778687542,87089.2391243731,9.6150823702109,56,0.132474029260963
488.993413235234,292.749210475372,58160.4883671633,25.4894340698051,88,0.177197213468036
447.834655725767,203.215449852894,157228.36711212,24.23568651265,30,0.240837111713956
342.251158513009,176.426344710348,144154.417976243,28.293066663681,54,0.697531320277782
302.50824640274,115.732582632222,149468.72176601,7.49265203754143,17,1.13898379168871
340.260057796328,206.777627477325,71521.7917725579,24.2617035778762,36,0.550612595938451
503.273736140335,341.035783056535,79879.1536266385,21.4811467137125,90,0.185229363588641
524.531560008001,339.642191844696,246166.865935107,22.1262236647891,20,0.14411064876433
341.395281296516,355.083631342835,120786.619601274,23.1073526785777,47,0.137708977322475
433.400717615475,222.669910591709,102171.587300709,24.9881796758736,29,0.218518404756395
220.821697965313,293.757364447085,52836.7755334276,20.2288212299146,93,0.709797626385179
346.601883086008,148.215461712577,272557.818871205,16.3580995049862,70,0.825615542086475
413.285804690054,287.869259728344,102775.578322058,21.0791157900774,57,0.146651681312662
569.549790044864,296.259882245838,197543.28440408,28.6747157881341,78,0.199955357632871
222.923265580132,284.603119488873,145931.646982411,15.5819448535721,54,0.688103448284597
510.805636273327,201.76060131306,226077.527302392,27.5658762366716,64,0.178374194540861
440.757485645198,295.297160152041,150114.715959711,29.6172336788193,73,0.175615686073451
326.097323016221,100.49988818971,190832.827088145,14.1517829993229,50,1.16104463026907
495.235559574692,229.780742846503,278646.954746845,9.61476712338655,46,0.159562232237675
258.560477145966,241.300004213851,162128.079548797,21.7179474204454,19,0.692269670997726
472.379671119269,121.951438259997,118097.072776151,10.836899457828,99,0.501221366229186
207.10582460417,118.918272659478,241233.972325341,12.3083210558772,48,1.86566083480254
299.047864586236,352.428211120408,290921.153926109,18.5868094773307,65,0.23898295442113
312.595016776905,303.952061813098,260271.99741782,17.6005037605479,19,0.289277586515081
235.793815503072,293.341571082903,282340.399950594,22.2199906074538,66,0.626960279161903
312.667922521656,214.379773385348,213316.305533836,25.9222522774678,75,0.676339468612654
509.28605650919,134.351899080478,58248.6634571388,28.1576147236063,78,0.335077345199742
205.930638560567,218.514711859507,100792.707164628,5.09083129402214,89,1.15535641261037
388.983013594541,344.243820356788,108440.519044925,14.0822526005721,47,0.131976891237463
405.845861776647,127.133525660967,106751.534941574,20.7848600990431,42,0.644695722003879
505.339483036589,365.748245192571,120923.200414926,28.5511447749071,54,0.161052329723243
567.673318497762,308.349347258395,85283.0743865423,14.3822042327293,82,0.177720248378001
495.054231014779,181.847950302156,177418.041338347,12.8762565129842,61,0.21226690801649
476.724233312378,331.998689374417,226025.699876306,23.9499913066318,94,0.212626249739604
478.323314514904,310.356989640291,134678.034174703,21.7383088576775,58,0.157693654715658
248.720254991935,382.971696398108,182230.565579394,6.22422774308992,26,0.227052779141013
528.648342724344,204.099760999467,66593.4222178827,17.9250301497687,94,0.178369200407634
233.917428902001,192.841894885778,203978.407891595,21.8415431289541,62,1.12546743907277
259.882334188488,163.719177643902,224728.156050429,9.06837646894286,61,1.14762073523075
391.599594851055,352.756572256723,187536.856963988,19.2788714091877,63,0.16548701887003
589.601590162114,338.557615214236,275321.051157797,6.38577549397948,46,0.172887404412099
500.758838685405,124.922496997541,270898.180394725,13.1975028399546,97,0.411044875346135
242.749439035529,399.749822360333,171986.212572043,5.01427795730123,16,0.184333979470668
226.568061124374,180.912226128383,149109.829926696,20.0801086602121,41,1.209815575192
445.326716612477,346.790616372244,96708.3223779909,11.0595112565244,59,0.145843416739516
238.83195496545,295.502693603434,192343.973380484,28.132916034708,58,0.598143389770239
283.254947777221,366.941155383005,74952.7071323628,5.11989575683317,60,0.214450490489731
493.971834090098,273.774703838398,220138.136613442,26.9268757961747,84,0.200721480433975
443.233294023085,339.543644629127,64317.9239902886,28.3561819112912,21,0.110191780002452
272.358186834032,275.295973046155,246815.307761219,5.51747969190856,93,0.588421604713627
296.273956709908,326.90300048325,219865.892997754,15.3387198918365,65,0.313087601505007
329.742741454609,309.527486689681,106873.733933089,27.3695422137021,11,0.217395873938157
503.450854269256,114.295344966812,286670.691250042,24.2993259289894,46,0.387329073995992
350.595650806234,220.27818288147,80334.1882278343,6.71292384215056,26,0.442217096691402
471.585037395553,138.357170344673,279418.223656635,27.9566320033337,47,0.402912958418078
486.559938166562,322.394116422099,247037.200142843,8.40186450349273,75,0.188521540761912
420.573346576619,273.650739622923,51217.97593823,28.4228331672829,36,0.14341631698315
504.451459092211,332.075384854057,205570.637869873,21.8072354194104,33,0.1480143711736
259.354696149456,237.718761494874,290482.480516025,8.25928838097143,45,0.73414435618062
422.768795923568,384.344371472026,122969.871455056,22.0581883910438,22,0.11889816697618
570.168917072212,229.475242173486,137061.297417068,28.1191931154028,98,0.205460088904972
335.534825723306,256.923076001064,90008.8218827066,20.2447714389726,70,0.424367605745272
248.294950292233,232.671748680967,207449.439744697,6.89005331973737,99,0.877436800185825
330.945242475629,261.12945029597,189432.874906319,10.2677015223338,55,0.404720848218652
335.494964948234,266.338909301705,238851.168126036,16.9129371343819,93,0.424439606071699
563.833474908539,122.242161712834,93767.3880848305,14.9224063057995,77,0.224205285928161
580.147304260188,313.708987893135,132577.055137353,17.0576558673434,92,0.198963226051591
457.025468375141,270.955671780472,240080.230170688,17.0642849525227,81,0.192160195320111
419.69860539702,384.633755969619,179839.137692024,19.5338594247962,14,0.118776249775087
346.800434833441,240.152878409048,98375.1284201406,26.8428265912732,45,0.421674854066541
436.305546979688,117.598833170503,74611.1650333944,25.9677788856366,55,0.592593341947405
247.887574149619,369.105218027367,60350.6210780882,20.8087323337723,63,0.312823890644209
536.949115434057,317.155410921813,95613.6567118327,24.8410807931348,71,0.17175038426576
203.701499231789,204.249956233692,250732.312899902,9.30548378322317,11,1.13472081500812
265.55001729965,117.950043161422,71948.8566065818,7.7811770769181,32,1.38400084434235
360.901622090763,226.307886725915,67686.0542558246,17.8569665510458,94,0.477344148242774
283.989178137078,324.058430876299,143058.740470785,21.1629840973345,57,0.346397651333446
443.075747722016,380.465840279011,164305.734267219,12.4344445950521,76,0.177549905130308
588.698222223622,287.194537254514,240223.592688988,27.9149071490066,20,0.148568484076163
558.961066443845,268.859503684301,195450.77372542,7.66190945030033,25,0.131107142699574
554.762958367297,220.918585300949,134981.50658311,11.3899782265763,54,0.148976039920677
249.630099409855,245.367646542347,136138.503795739,28.9505233606101,83,0.803200584555455
418.951771281337,282.093348736056,142502.808472073,23.9990794552846,75,0.170465853717718
591.960504627333,301.571295873987,109540.015751589,9.91407520926288,36,0.134063058826804
406.368266722051,293.885807616042,106462.137133674,13.9551529680103,74,0.160401712155633
332.750921152634,376.286161510655,262827.250013422,22.9446396180939,45,0.158167742748588
268.216652726141,191.439999862109,290765.488527724,27.7166326577567,52,0.945389602825393
454.741134445597,333.738143283927,73631.5300704919,11.0638109144844,12,0.0937771717952965
399.948419727316,126.118629408905,222744.609373526,28.5194475728381,16,0.64585355593891
245.528473220929,130.159652150149,50977.1247381332,20.3033182140937,52,1.47803482884568
359.513643738649,105.811871499749,112173.386545202,14.6535773787948,77,0.994064362389218
453.387236251171,109.032489358247,196120.277691747,28.5719352050924,13,0.520323072042251
380.553338716939,185.398792182988,128564.991968526,27.9841923274171,93,0.570544735994697
495.776319086711,394.154869901488,111341.394519004,14.8715171257141,98,0.198006892784004
412.228075418718,180.567414190951,86550.6800071164,13.7690502797463,54,0.42784850284596
566.768764840932,345.072349075091,272974.674563764,29.4845069615045,71,0.209069930050119
243.433777484978,239.232905630914,93627.2825396648,25.5183781246112,65,0.831130147333572
266.79927180241,298.669571721311,88023.2710524423,16.1305753996853,35,0.450368792331103
257.523933979625,293.554128964662,105595.199008156,21.2435086140807,51,0.52340186115356
398.783603133698,175.314646575651,273340.379754867,12.6264400063482,32,0.468876316225489
357.993439114517,287.081455407357,59063.4497329759,28.8563204237336,87,0.29015188205422
440.152643442566,369.090454901963,80903.0714524936,13.8446019443517,16,0.101650407705813
462.658531359465,151.467844913271,249052.972955766,8.47141083269431,56,0.382711686898001
256.911229064908,189.016505357751,247110.346726815,26.5794894138258,19,0.963714725537083
407.22798537576,247.064042494771,109478.093916851,19.4670429337208,16,0.198644354024517
474.013144994204,309.075277997728,105405.080235763,22.8741706846828,32,0.126229168185759
424.536769394867,199.226264966413,250465.056111989,26.9895701045299,60,0.353594385472725
538.96308916845,194.140606933327,130385.283465668,23.7535640167001,75,0.173255516048847
527.279638502552,335.122374632229,59246.5859394213,20.7315747239135,42,0.13392733708491
391.293739950971,357.261386114286,221591.580520128,15.6792054194075,42,0.148102678904521
341.225249700495,206.985697356107,241194.247578156,25.1665007487311,83,0.612525128128577
372.504526419981,167.425922130195,174004.330736245,9.0951027154737,74,0.635140630578089
584.786955349673,345.716141133249,172432.785462523,28.0826126408416,93,0.215334515946122
530.761170875542,303.522057656593,241683.130764733,21.776203017114,86,0.208901706904905
522.567777802483,224.310295315737,185933.366598291,13.6674508294058,26,0.127576954174276
439.045139290406,376.448872285891,217539.324070938,27.8834603822683,94,0.212868858029485
380.679526853587,380.134008976634,260451.933117904,21.8770998163973,83,0.200645449730053
585.947771263568,321.438024947062,275628.881280339,11.5801996032617,34,0.162033769517199
207.15087284487,382.336493857146,291154.309827335,17.8835324368181,67,0.402258342888683
273.539636684794,208.320808323154,157719.738148693,13.1664214853962,31,0.79227187147949
451.288497226789,346.344581073056,78267.0894316699,16.2996876619092,71,0.158349794227792
273.148183985712,269.143063371779,163422.176684321,15.4120939105227,74,0.589302242153357
200.71492805626,144.669260287482,251654.710071977,16.4992657761677,100,1.77713687288669
305.661692286777,239.615638685944,228283.597391412,18.1835809580268,82,0.603673143200794
270.672994342635,106.285937239552,107021.973278336,6.45986200795933,11,1.39903961463616
574.173834831078,333.484607778445,64767.6410042958,18.2859627859263,86,0.182687873064723
499.921864910932,285.918298612151,132341.211116119,15.2082737458488,39,0.134608603091965
417.014602174261,121.047426399188,94454.8004598335,26.363182161814,61,0.65734340574685
367.944651226302,257.080303276583,240940.622332375,15.8170287215864,34,0.294937031442503
402.662411352006,146.184894126048,128685.556084734,20.0896597061221,20,0.549598542963931
437.169952832642,249.005272760361,221666.077637277,29.1795005524552,25,0.144466611280153
389.492459844719,393.457190552029,153359.374937195,9.2891202172978,46,0.139290804040633
290.749174047199,232.464165542468,262021.543561044,16.1088791255557,100,0.710586776507117
290.528855423169,156.355095781118,255875.23442669,9.46911310369101,70,1.04067578769121
401.92051937997,117.781207532123,69356.6355433925,14.5131694770002,97,0.770050723408572
314.193956838274,113.201644280537,207493.827599786,11.4595847705981,15,1.08880922751326
250.458699897169,142.675597497005,118533.986165745,23.8069474169709,52,1.34807718787568
221.166744168001,125.461413678929,131680.931594235,14.8128606889918,62,1.71773280085998
213.851990393502,102.4465666409,203062.039403892,5.66305967917948,41,1.95700808092953
404.686486925326,200.948613469661,107380.259517856,29.0399589023347,30,0.364260466803931
551.903050844348,193.822077886892,80680.982639372,19.8491331647956,51,0.139214785812716
293.913097201672,355.958450984571,93884.1610260089,5.19758551321113,85,0.245739605683476
266.304309560726,134.979188585761,89205.3428717802,22.2328407265084,47,1.29177328592977
578.101847181467,316.706162554057,110733.815658417,13.1578826428895,78,0.178787850906876
233.102264380809,353.60403758684,226567.826738704,7.64303410968816,98,0.444145875175333
271.136912644682,151.989041287284,63399.9274445,7.69495931063276,55,1.14883259304289
312.553818723222,133.314688773747,67599.3593227825,9.55128401056263,35,1.00647068488369
396.212748617169,147.022507081363,172236.90542936,22.527771645183,37,0.594107124929773
224.070256564773,106.709179458635,66611.0323082358,7.25767490912408,43,1.83527183702875
485.036031983694,167.599551901783,151103.733960632,11.2601313226368,64,0.2781776365688
533.155245671715,233.742193843629,195505.330395585,6.79524904724762,96,0.198695185954465
432.860120823128,100.701302934986,214009.625208764,27.6109047516326,30,0.648771811530924
516.183181318681,319.357287930508,151224.870291994,8.48855481031607,25,0.123495545979196
441.210080830736,102.659507337707,234621.783886385,19.0845345813286,98,0.692624985298001
414.677334717584,312.655993423922,268302.006190846,26.6822791114713,14,0.132576693725517
494.365163736852,218.682729655644,121135.118283242,14.072407012858,97,0.186522369034868
558.777369007948,155.000565657524,59911.7494620522,23.34350363751,79,0.170579336724261
502.371760493298,332.791441822623,112884.473684734,29.4747560665742,31,0.13419878977076
313.975043392567,327.143093820693,166481.420863263,15.6489977319301,38,0.234025470980387
290.612178515241,189.386927996696,83850.0613841077,6.12928851667728,12,0.775427589912553
320.170591298988,245.133858646302,195259.617755759,19.4602901741289,63,0.509503912933191
389.922816887155,293.303806049258,206060.121495817,25.013270407558,91,0.203927889558928
380.973115694405,251.614438329522,233946.792327221,8.06153979007705,15,0.250800114308752
341.71635459128,234.050008593174,68631.8345396843,17.6635693917223,27,0.429566191023355
261.773289410018,194.305070454602,242093.699471841,23.7707127973085,67,0.980016327377211
594.186103111005,335.618947237728,158831.930663331,23.8720792644908,54,0.170967378097425
492.514161570048,155.438753928034,266016.987083427,23.2904644179272,77,0.321558192211177
283.372216510008,297.179282976338,182355.458935229,23.7844685629626,63,0.445906049812779
397.77724362129,227.703563954932,169490.537855915,17.7751578946321,25,0.290471709707369
336.349531547995,354.547779970564,230614.429245449,25.2334988907636,84,0.192738276622136
554.591201641541,353.786260472021,124907.248275221,19.690125761925,17,0.122654085031688
504.518862681473,308.390765267116,79002.3690490026,28.699291401916,91,0.188004393120828
328.448342709712,335.45212148661,267350.995915457,12.107123941514,44,0.186098291702534
540.982901645999,299.160161120963,125243.250848578,25.6825946032676,68,0.173370450386836
237.341189429262,117.080553760629,181459.268896032,20.0451045190221,82,1.69978686528162
506.118391185955,275.695463419994,155076.748702497,23.7752661055457,25,0.128715983544069
312.78335593076,210.152108491066,149356.847080712,15.4875821602408,33,0.629377907593935
301.775592235748,252.087417181613,221406.288210985,22.5514087524956,72,0.55936710596371
408.72888995352,113.072060880203,123548.409402127,23.9791050710791,35,0.688415679186424
293.959197963513,354.456777138012,148807.56361517,21.5483751760051,27,0.199698872392599
214.368066592442,374.680582393406,225422.979146177,20.5604177721993,29,0.359955529445967
289.916505826118,356.870363720172,143692.253631888,26.0137436744214,55,0.235487698647178
241.414811618041,277.877521865256,187975.900239663,28.304597932894,35,0.629761787267394
354.854368736623,347.997783358724,82799.7224808742,27.189254283206,43,0.135080107497661
481.653704269009,249.367581721128,185172.609930925,7.07311526849272,55,0.151509286693683
539.326644506531,339.446820385745,92859.9562379086,18.9944627275495,19,0.11653585172346
410.452970235545,246.544628043098,256797.177813733,7.70485661240536,73,0.254470343440143
566.305899519899,360.422092659197,135500.585229464,21.1381520378178,51,0.161550970162901
304.567880426412,197.292646893508,259373.585902995,9.29841065704264,97,0.802845625001419
294.509880768106,387.773499059534,225724.292168072,21.1978126232956,68,0.171748962427394
569.335677038256,113.849979814263,75541.3523454894,27.3114338980933,26,0.185952586049203
565.132039301455,265.614880486237,160005.174024888,16.1379319082272,83,0.189406392600835
295.661148225064,261.279339224128,255973.792091445,28.8148175441763,45,0.517799652714485
451.589259479987,291.4887102607,154654.45923882,18.3305521232613,85,0.183235622737292
505.751960442513,257.878066673244,126520.902689646,21.7892642707848,54,0.151240759206821
247.234127805561,292.494815078327,93454.1352495669,27.784952761029,61,0.579877624528041
360.635661489318,383.678681544995,255662.934921854,21.9306626207725,82,0.197265399566153
243.706810600595,185.805423942949,292873.193247702,9.20825556070069,13,1.02690965926648
343.323819892147,317.480839705394,113504.882404854,6.89615296713722,24,0.165389370607026
278.677305976126,273.333113544314,255140.87163249,13.4237570588778,10,0.476799761589545
368.609276352679,285.583554060066,227570.083640561,16.1124704421387,76,0.256594983540178
444.518773059039,240.698748406907,256289.989811056,9.99281631792107,12,0.127049318279795
423.516016133645,213.784671711427,115039.511327049,9.82866690414295,61,0.296383592796312
568.612436506608,220.698286940856,286555.627040242,13.9877017178667,95,0.219462137088354
399.139274380799,217.928428964333,266859.15630265,27.8299446968004,40,0.344341245848372
396.148625803442,371.924063092554,188824.753596093,18.47054727716,47,0.150557857877179
286.479545750033,386.60621826693,110681.957997702,11.0396981719703,79,0.188485814441395
314.702293973544,348.599800787198,221232.939642977,21.4404211839026,58,0.201699495789017
207.359360317677,147.384271867996,275558.998518044,11.4870236842944,76,1.64620616231559
571.076090815521,188.018023298451,176190.822767488,8.84777127120369,70,0.170297236679767
596.075041688535,168.72573909877,222838.071492362,7.1346583911544,45,0.152702719332418
246.292642781245,325.165351629243,123960.085897173,21.4559787506255,11,0.39973024144424
378.305538549666,103.585059006787,264258.477628569,20.9584021525421,83,0.930908550583422
207.715161910587,257.700593076087,234749.410739657,23.4265411810085,78,0.922026131733442
571.581619243021,300.683504469414,252848.707701814,6.55790939575136,35,0.153768459150743
251.364024670713,177.153235144841,208792.371356002,17.2851577803741,41,1.08766535032945
382.186088453249,360.039297713136,183582.640353845,6.40182001448222,38,0.131821021801592
465.715578778062,142.383682103984,105793.710414853,9.18749043979414,46,0.386002542452458
347.30113765007,250.448487138407,89311.0815627769,19.197953274434,92,0.435718954969641
365.033191796237,219.568235653982,165435.372585331,27.294278154863,91,0.494352090427451
324.284112108598,244.912134573388,152169.933254154,10.052813387634,99,0.532986102196124
376.071520656962,306.559208277109,235053.365783545,29.6976483597566,47,0.160800945738674
318.404712852164,209.489025254122,93967.4880112394,22.0478329052045,83,0.679614072131304
366.631365343737,281.861594730137,212651.877200387,26.6000271692905,47,0.246009851710449
429.1397637683,131.24003626616,120261.960056953,21.8995248004891,92,0.60887740654362
309.359486404363,140.822159837249,94670.2113401235,25.0096059884654,85,1.06882652842072
213.328705897358,125.88367755627,160599.101445415,7.95773220408783,32,1.71296959115792
428.891559893451,248.153843431852,253641.519214752,20.1527461334404,52,0.190364543672262
220.359786205417,391.860224144684,158431.1564987,13.4557616429961,29,0.28295357115917
442.085385097059,141.519769849662,78375.3314272011,16.5137971246152,52,0.471667454863127
254.863065819245,277.817955979989,263090.815733685,27.2707703285693,78,0.637222932501924
484.021440447992,198.362707809648,100285.127551561,15.4311078760913,21,0.149308188436018
400.616196436344,316.484644419319,122353.302423984,19.7328012428791,25,0.114128994628361
572.462125793204,117.675597930444,206938.133608365,26.1133511051333,84,0.23554285182598
304.071844563451,220.872999466541,261940.24509706,10.2706723607284,17,0.596713738697414
492.895802240859,184.481946386217,286762.081223862,21.629836726794,46,0.205195740581606
559.862334356056,168.95014052795,106910.544096593,12.9155376483019,95,0.18402595300085
572.782342076716,295.136357419102,87412.527598099,13.8078481754814,43,0.137431381042396
337.169940671213,287.204316975686,265117.444778538,6.1569491198201,24,0.272230236090764
331.691579914708,222.123344508787,79712.576320269,14.8033658399857,79,0.569368483288761
252.833419137799,255.829866442831,131555.972874723,26.0988924144645,91,0.750699685702383
518.904264861654,185.598671673705,116299.842067565,13.0980886668486,53,0.140144754978147
506.28128216174,238.231815146713,225386.446112555,29.2454582811492,14,0.129982821716401
400.013574636237,335.280432608297,265959.532333051,14.7635376900143,85,0.19852980346324
414.590292094896,189.191261782992,108873.368351501,10.9329565897941,45,0.38036921307225
367.656571498535,186.172569801645,97010.302380528,29.8769050456638,92,0.61125215908787
559.11478415372,294.176554832318,218664.331046218,24.6806209217062,18,0.138876950767452
392.016948663765,347.268626666284,231675.854193931,6.22851402711058,21,0.122570329707656
375.261902404461,346.361036869662,59555.1519497776,25.8486868135568,97,0.182822901023152
325.792809639193,215.043384938064,182467.081788666,13.5142945270293,43,0.574832710352192
596.087003618699,123.585246913009,155344.30632916,12.6331980943342,91,0.188306883749555
445.15406890308,157.694340782981,263403.562663768,15.0313818898789,68,0.431684595974673
264.755775008353,152.647715173275,102900.153692711,6.54920438966542,60,1.18833283721812
502.899517214999,146.59295732991,126019.159347005,13.8106657096935,88,0.320630895246691
591.476898843196,389.487463948004,132623.888113397,22.1133706631536,59,0.173962023131137
523.754112768015,210.467232120528,125148.367271048,10.1967625223204,79,0.16876388547516
537.094293232008,276.290682504609,273711.102966929,24.7231838374673,24,0.151276275659779
449.582155869495,229.286899498721,281716.131659289,25.4397879713318,93,0.238550639381009
347.773938706512,374.920803786336,256957.383771901,11.2237218376621,15,0.121314184451323
433.154919374354,322.074554220475,258982.717436587,16.6248170426563,84,0.199440881623727
325.230177572463,317.079937508551,195570.029384015,14.8518080701813,64,0.262841779635604
327.296674379137,240.035642215081,206995.922592263,28.3221122599096,24,0.4633731851204
282.214407675221,324.00318396758,73976.772540553,25.5687729735034,63,0.357852612084664
581.2902749877,340.804639840151,129202.369268701,23.6409158173557,98,0.210013655334801
279.992011776419,395.223999668313,204525.973864691,22.5180580248427,27,0.131176351458989
219.168233287727,143.473568526742,247752.222292071,5.25258586322052,72,1.57598308671294
523.462989387124,304.704362440678,59854.6354151887,15.1761644317354,21,0.107150161652309
450.75604011707,159.297741756661,272122.981067062,28.94764255383,37,0.382968794587934
329.242657113218,292.61009014723,137140.502259789,10.6208113315011,34,0.284583485892905
292.142034187686,174.146847142552,260157.965172749,8.70608185765756,75,0.941522148900194
463.369336901903,123.50601783719,146844.086259294,28.4572765557845,24,0.445903198730288
496.410431533136,329.696965466787,95945.9144572743,14.4923311785766,87,0.17971893602543
455.208488930392,218.586264728961,216832.40388137,13.3963712752516,17,0.164263286045394
403.989262598941,174.788544371302,208515.416385306,22.1467544160806,22,0.445605125457187
222.556754977139,334.351898572836,256167.668377666,20.5072168408324,81,0.533941265985807
467.727646319469,221.883088227407,251353.864731202,6.01830732033277,46,0.155077470860965
394.323821309332,166.891263929114,185038.504694653,13.9495119433422,99,0.595008988202199
396.683556484774,291.230327367255,110000.720454416,11.5370658552021,31,0.126605872098167
365.691668353763,167.898075808928,87792.4298369323,27.4016407594357,53,0.640905233865794
435.493584218582,390.014632759282,107867.217978861,5.74607024956082,65,0.15295446975073
263.685045165967,255.801392302373,268218.267470812,21.6638382221239,73,0.684480154723536
351.527672001683,367.094509136181,255189.130134989,22.9689747284792,27,0.139532163602288
415.323403274407,121.651473647786,59847.5131868811,7.85160393459532,65,0.652435261976115
369.004431250023,226.777814764933,249119.751901277,15.661390362783,32,0.384470876228119
260.440366981424,103.838651772088,58649.792677509,6.09707927411641,57,1.58144986928112
415.709756767978,266.619453276219,86780.595770852,17.378404989826,72,0.183106253398488
269.866812219491,204.770017304784,106002.016342424,11.6015497465535,67,0.875730997765771
314.247476670879,328.208056375622,78423.4487358933,29.7591010426708,60,0.257766680316976
480.611561488262,121.377582087617,82285.8652428999,23.7424663583581,98,0.482971028300753
342.794322850014,236.884698654465,70827.8616485819,20.549001707375,70,0.470279089797512
307.724881357359,184.016508825859,218346.190576715,29.0699364866574,54,0.806495229580269
378.492636188928,212.596354932333,61988.5032924702,19.8514925564109,98,0.476080900288493
584.823673997237,307.476342829947,210441.343480189,29.5550279949124,17,0.142299839791183
388.900659277344,176.849722769556,209470.129624415,18.7192443936722,39,0.505047004258247
480.267401975072,344.102497497129,136950.892902981,27.8632098680168,33,0.13823117262487
320.81566582228,169.832214561078,134432.171430252,15.9803186835949,29,0.771857282300419
308.620455208347,287.776455969891,75295.0521468192,15.4982188788146,67,0.395556389077483
520.830878540949,294.985334996583,142614.97181813,13.2166863711275,13,0.111133931159151
439.818491854364,193.584497846093,57899.8014997653,19.8560875076024,29,0.280820445344778
324.346586158477,232.606718778662,157509.546432949,18.6625825595419,28,0.496422899168977
331.150676047829,140.980843704893,295261.546024568,5.72545701235099,76,0.932076666764362
487.628648762353,226.107167197088,75108.8353017828,11.6136162211596,36,0.114760661321643
515.456574655912,301.461365008213,271857.404170346,12.7670078066957,58,0.178953902195385
269.547337327522,237.854842533238,62061.1129166877,6.69474829098253,17,0.647092425961258
456.605973058278,255.383491529252,231717.254289856,9.10237560078358,77,0.181226547477026
440.618057269389,189.963363680493,278541.674503786,25.3631086272401,51,0.328546418144192
487.771855844089,384.842936473634,281139.254327563,14.8491753294007,85,0.212324348312397
286.764478780032,172.076620082527,104591.284653337,17.1650523803952,87,1.00240681935876
597.249540046826,112.059556694183,160286.931906547,24.8809082990314,33,0.1373559026934
283.501920380797,322.69886787346,94246.6144460721,29.5503626790313,14,0.305490105349679
549.564892584562,372.518413960212,92008.8354701566,20.6101036669724,67,0.169514356246997
477.403861164193,180.726354904776,124428.028655779,11.3802949476525,59,0.252918383519025
420.541771666299,236.848126297187,213809.137912266,10.0419463848591,27,0.206313429826355
300.713149813316,200.272299974031,286961.70598877,6.73892821417682,54,0.745443469040168
429.231667139847,353.112959231875,273591.807329334,16.2688207590089,35,0.153268327176717
358.494568105649,198.027464316403,291508.997204874,28.4039712797894,26,0.520385734076449
525.435907752626,121.536550440194,275771.769254462,21.1504286118709,32,0.28660949764606
219.891276748584,311.776799963587,94073.0872416308,10.2337495766083,35,0.557746127581448
389.227815940395,376.697969116141,244265.501774063,18.4016769857862,76,0.18936165758098
597.03414581912,354.008035084084,85531.3894489352,12.5324026488779,78,0.178307523464106
515.191141481251,272.006238532043,84815.7776590315,12.947603574143,99,0.187146626506565
378.941314927247,239.180271348371,226260.341712834,10.2096343103209,39,0.320758506987161
402.411199918066,148.331868872428,179248.771615629,22.593765039883,35,0.564727250496548
272.432147642621,202.523111913482,192721.074402101,15.4625099259332,71,0.885203908055716
376.937357622121,256.198129849937,248621.010409774,17.9661246689193,89,0.336035363030779
516.329814281863,106.445218078974,101598.132152516,16.2148103061394,83,0.405602730193476
422.686801736433,132.823548083971,143835.143618274,19.1174260537101,38,0.555653812778
429.382427174098,268.40586686131,83410.4837141006,21.2924061205344,23,0.118455869034174
408.253783170729,201.186929503829,271543.974816204,15.5193005991161,32,0.355184557525168
546.534471422877,199.376738025241,241379.400267515,22.6372168302441,32,0.148588671621723
506.775752735288,242.591303064119,162309.477090829,21.1341103001509,48,0.149931175528093
203.785507057226,165.402842354674,177063.459221686,27.1569857679717,47,1.49127344786178
427.751375510461,157.934493260984,275176.085842677,19.357597167458,13,0.421506805031763
427.983937743999,149.306105955474,76625.2446823004,5.91337132079913,63,0.495073594968043
490.206157572949,282.311570453569,223466.462320135,21.4290064187242,21,0.134014575937741
310.157655708075,103.392123876908,114349.766416915,21.4455264196734,92,1.31308820098767
595.892399205712,200.029941997146,277578.40952143,15.7916869418662,82,0.20669645745004
409.077523421587,372.771605985638,147063.656626222,13.0542693156019,13,0.106885209624222
519.596076761051,382.799526976853,54336.4943480853,21.5507226313823,63,0.157488346939877
350.265946577437,163.346757801014,211265.801503104,11.3133696822906,64,0.726989660479165
383.810801184337,115.484903509258,91804.0896161572,20.4768023777367,66,0.818987168171796
470.935265011595,138.455357286246,266686.029568367,15.5523402851579,61,0.412529150023842
489.798185216747,246.979092636857,98011.309628647,23.5329306599331,29,0.119581254546566
257.434654177542,227.832123817667,110429.640185402,19.9049317067585,68,0.824897777778544
249.113720399259,279.851106288759,212621.456430581,25.349961970288,87,0.658983789134083
481.492124515048,393.280527738117,257677.439466961,10.9861508940197,35,0.155015314553913
204.216949396138,341.216070330106,55086.9796194205,17.6659376403956,100,0.586506293695558
561.100844551519,123.173898106438,159823.970724344,27.1360554895138,32,0.190957101001655
491.503832033157,140.28895284933,84607.6066426546,16.8569090056658,100,0.38483252803196
523.14004060281,157.155794419538,162448.210434845,16.3502230402623,41,0.192354764455678
494.267990159973,176.0815977991,234577.21530269,20.5891522940587,46,0.221372902912967
439.672733343314,114.818355488095,118123.806655445,6.16693767328042,94,0.629927602577238
595.397759690013,352.684551999593,153840.436465857,5.64635865679826,39,0.146041879100417
209.98841139125,372.27044567486,67933.1333730212,11.8219042460281,66,0.411565929971458
367.758278034408,266.246223676439,264682.242484966,18.4463988747121,23,0.259254043577111
578.189199713028,371.564856573512,245174.663203777,12.1667705378848,54,0.180240255616414
311.333016438787,369.821600145327,142676.513566577,18.4621565106168,19,0.118083797468996
395.410017197221,191.922929117204,117735.845798713,11.0493404980466,67,0.455395824677899
496.795039721934,235.655732823161,264809.220681878,15.7145470653093,87,0.203033563580274
346.281576376863,164.867906595497,193997.41329482,21.6476191623931,46,0.718711758659998
448.116192989267,398.398400164429,217499.259218748,14.7902112486989,50,0.162930005024024
526.52814117281,276.988274743538,154119.44596838,16.3282762410917,55,0.157119694066483
257.984068968854,322.293392887204,103340.321787383,5.1649942770198,64,0.425425882927568
415.679590141557,387.995693910149,98164.7688778116,13.8158935017532,24,0.111816260679654
201.17361160459,116.264411100705,99363.0302893172,14.1016957706671,11,1.89100784393499
256.415147933562,216.398892846596,114995.010504723,10.1713893554282,34,0.829953361804308
585.827338398326,214.211811337844,289645.065388972,17.0962578348989,56,0.182879847049221
213.448926093547,242.757532512192,253013.349850134,29.7988813148335,68,0.963001582803299
410.320572339285,175.545673058746,60225.1179885356,8.26743434736554,31,0.41874485170772
289.750432555631,169.267410755796,258450.596168079,18.2979138255751,28,0.91734240211614
264.646590734852,299.935338994464,279259.404785872,8.87831323440891,82,0.513099756052305
452.394611790558,327.628871703457,121523.905879739,17.7156693844322,11,0.103943384395235
535.748926070386,160.6090397791,203917.824969607,16.6900027232222,84,0.200900365090854
390.263835063302,258.428163672238,226641.104942738,13.7155892774574,36,0.233763379990867
208.508294826997,111.849610423539,72301.8920276191,17.9942156588505,99,2.05763840575979
466.692698058595,237.585743190051,104611.482824558,7.54668386880642,17,0.097229573986952
447.930747234172,220.593901897799,135271.77798974,8.73400782959084,39,0.192198784731633
588.267772843488,241.134275769439,201608.36799018,16.8844326346321,26,0.139024135984179
467.819685790821,124.960084713027,129296.238458389,6.10505241809411,87,0.487780505121465
375.780536674182,239.704489393201,158505.414287975,26.1605564509974,67,0.365979880506683
402.358924777667,339.591385849331,70148.0232505958,21.9367816403789,31,0.114247400133711
503.962370068761,287.411720483073,120692.937871122,13.4926004236569,92,0.186405587572162
442.36256994665,240.918735929522,290547.451760552,14.0869192507223,41,0.165350054712628
334.371844587844,300.535777832939,271165.144778154,22.6121469835672,41,0.269638510070385
304.320811577022,129.980107230022,237265.648986119,12.5435847147756,41,1.08148971545662
487.209091540213,108.835429059512,81409.880282749,14.7256003187147,82,0.482400039225295
381.650578799335,371.857410375047,269696.109739048,10.6155867129793,53,0.164902576672754
332.297379688183,392.732791762322,74097.9811622874,29.981359344657,79,0.165658981789668
533.22912975702,350.272018603255,117917.476874955,21.7437456927823,40,0.143977026342574
329.863845335999,205.993467124128,98870.7763591511,15.5004061720172,64,0.62205690901516
519.626770058185,307.282960376626,93846.5209016189,28.9752988082906,26,0.125428472428668
465.006583203094,189.84128252076,222629.950830276,19.3931087502395,36,0.242883821003931
441.842151015207,119.470733269857,82307.0445380413,10.2177472810799,86,0.594716776009367
206.992816699947,219.762217886416,267279.906768681,23.1781152458411,19,1.04568995766875
582.3030998364,105.529360526239,153528.831625621,21.9512463676392,68,0.223588441098235
363.228839913227,161.140282700803,60411.7529407001,12.7575346584265,74,0.696117723595127
536.109592833795,110.820178709074,260434.777538607,13.3922851324617,60,0.316503721515926
397.638145464183,272.875419144489,225572.540430528,24.0314175497995,25,0.171133295194409
339.388649625015,310.185602323442,246502.105608361,26.396475833641,63,0.254360394542674
481.912642261089,304.542154005828,166691.755554679,6.57838043850326,25,0.121033734411319
372.672520485705,200.013430556114,254366.241513406,16.209708686781,59,0.49778318600768
585.86756520154,128.080958305776,59323.4007977154,22.0256047760081,60,0.151973829987546
224.78987064341,262.697393477227,204753.88212447,24.2497692033181,38,0.764331894283553
253.884769502532,109.848075859899,61294.8596236535,24.2447528960477,36,1.55859977194234
303.758503051087,189.329001915977,110351.640810109,27.7053117384928,60,0.803374443546663
308.116523569116,327.654496164057,221069.225864166,28.5621921978839,55,0.276319932075915
523.103619367241,294.869600152625,146116.511335071,8.11247060419502,18,0.114259978188858
366.293956863403,125.180413905171,235878.62076717,18.8574786902052,58,0.837360195639621
540.493787377799,395.029716123742,92366.5487327238,14.8889658060443,77,0.177357834950669
550.226656353924,242.180826425287,212895.858021348,17.1943383735036,32,0.143910712485029
563.214393525804,290.692558436115,162593.697923431,28.4453836744211,31,0.144813183924947
560.874697412162,357.06097726721,85925.7860816248,21.0702000203758,70,0.171796678831714
442.444488107108,265.823111577666,218464.705652341,24.8307014307854,26,0.134756126501179
204.053250258369,188.049530511619,234490.02733901,17.9369016268324,98,1.39462531793011
476.717215465915,377.134324590796,289561.438465264,13.3502352364334,31,0.156157553128984
391.983123553085,339.941088354911,293354.405415277,27.8225916854161,53,0.177159265614414
456.726906227661,334.675681725503,214565.017685476,13.4513514742002,36,0.143938619012709
552.137718228649,151.387711516632,183155.348536419,5.4042718757854,50,0.145413542259813
263.783714654527,377.268469714758,216276.186246383,6.68710154758971,74,0.258441697630944
354.651652605436,142.202229492002,162050.835814266,11.5756958389711,20,0.744798510119636
373.448505676132,163.461768323444,150908.138398341,26.2436818932426,71,0.655273878054724
533.455451207841,394.673258981317,73927.8747005108,10.7520694545711,79,0.173344142631635
312.288910861997,297.296197993802,271212.629695622,28.1951752245809,78,0.383590334933655
308.071619121461,360.932390932872,248727.457711718,23.2649875487514,61,0.190884083664138
228.62702103442,250.525688018617,289034.80154487,7.56387820963674,90,0.867121116806943
355.349380939128,233.099736719973,226194.354815236,17.9727470138758,40,0.41380322838869
330.293647852468,134.866646691495,112543.383820147,6.93067798283106,83,0.979080172057276
300.253840596143,236.538630986886,205917.603505511,12.8818835526722,73,0.619526379567984
266.132445744499,289.895031491602,137854.610408846,10.6452298829044,40,0.488591484931191
403.556932733299,372.030679580529,188010.00207366,19.6677584639941,28,0.132294082905565
551.559472530246,358.752881155367,242199.486566766,19.888537737757,92,0.219612936136432
240.674892245891,335.00978960435,293426.929630469,8.49580348416072,97,0.485433025496881
254.711616808766,237.185064106664,87634.4416698437,24.3604593551441,91,0.826871474076645
344.272220234561,133.400518082555,142285.536405031,17.1404549665822,55,0.887467151004951
236.482828213403,111.577186695332,284189.498638035,26.1033049058566,35,1.66603948828397
300.748356200692,116.903223823511,89908.5437999215,19.6294004162224,57,1.21862317018582
499.47840023119,233.05223924926,68337.4975686864,16.9176515018868,37,0.119048354990628
301.650813001687,288.206246328302,143122.782539334,20.8932270093604,81,0.437844233064584
395.196889898961,183.683311354698,268637.825549337,24.190776247708,93,0.531006634947062
254.791760712033,139.61224545842,153582.559413115,12.0920815957042,68,1.35762078781948
461.168670564236,252.123372233992,195839.248671246,10.141492709011,50,0.148225771880375
482.442741806598,110.952660353354,103918.230900579,27.7142100274639,51,0.461568059438475
390.127006750863,260.424161864189,56158.4396873281,8.60519382112859,90,0.275252372698772
368.852358059965,187.298048973221,74481.1051222792,26.960142504628,48,0.544307767140709
208.986555187506,395.309110344079,184530.059323372,21.0185444258071,12,0.290806580737053
547.44153020758,171.573370977671,179582.0376683,15.447895026616,62,0.163080376133201
535.627005014057,161.003090075233,91129.1238860803,13.2656634625166,76,0.183995552685278
264.358355755509,124.779788741866,105940.275114889,21.2147951792662,65,1.40912831867807
423.120208834759,270.354565724373,141383.794311325,18.9140393654371,18,0.108744697472866
380.952842613511,348.373975226241,149337.197207575,15.0157540624896,25,0.116492183453077
537.38826624642,295.869127251591,245467.421957013,12.5218221713928,13,0.129850883705476
341.158561737744,344.758071997037,199360.690875594,9.19692642586668,97,0.191745322613686
262.273765841014,211.400063815566,119375.835267302,29.1421860746354,79,0.90782557836738
444.967169525252,236.725679262264,234838.723232916,27.9650152519931,59,0.193385986986259
212.453708106069,391.156567147182,220025.926776453,19.0105652308662,44,0.330377685649996
280.915465608482,206.110303947396,208050.681600501,9.65905098974684,49,0.794689791218667
291.821217032513,287.657057813207,225154.686884382,10.8828397853811,69,0.453015778618024
570.686986005109,253.781669222027,159857.288865885,11.4239757072952,33,0.13533833875104
365.295976829829,146.089608555701,285036.88606341,12.8883509010189,68,0.752899388988475
309.074560681219,358.441582889407,229593.184071008,26.18558814268,19,0.151902607954968
224.246566958108,150.519755455545,126188.900960691,8.70021691693558,99,1.53887161124704
221.763711931314,113.275784912895,56213.6788936971,16.8371744116314,49,1.81328771814588
384.324447071447,182.587775097758,127356.621861116,10.2282384020753,51,0.504837436788802
425.564984063939,290.451048695618,165973.488539225,10.7618199713228,87,0.180673715620164
291.391044328235,365.910326555915,123896.721509417,20.5964890225299,77,0.226593126572115
316.922144976804,177.640463779989,62627.8814520524,24.0863402013971,96,0.849759506888653
574.263048279185,306.926801315054,78477.8469794629,22.4497280326051,42,0.140512103828724
291.04974371404,394.513349861217,296442.506699769,23.4315306697438,66,0.183120789053134
405.636875770898,214.003469913915,88866.5728349628,13.4449745901811,33,0.313261335544419
549.926198920754,332.43349236198,153604.87556228,20.5681773637211,12,0.121084109917025
442.195946466516,194.390459687392,109344.199650126,11.390353065207,70,0.315575370683912
448.691251287859,222.201306008073,252151.823547999,27.7554075895813,56,0.22091443962543
413.99083001289,317.381246348679,149833.445431215,29.2323593136132,70,0.171335708300964
421.066298310712,353.328770162722,109371.042708671,24.1837924277268,80,0.174918910828907
460.666587767255,147.922057896823,248367.95292578,11.9673017412425,91,0.44280203844779
362.297990090302,189.096917874143,163550.983723928,23.5990102438691,35,0.544581979134037
428.121526576363,367.673866045374,124865.159679103,20.8730004612653,100,0.197810282894188
220.241163785375,348.764873287212,135202.749466733,28.5411108112337,91,0.502619208396279
513.645197681508,158.520636969684,153130.298828059,6.70835218805902,52,0.21710224031802
476.586514187743,234.891908047449,155129.925535734,5.6660520187784,89,0.179012978830602
500.182769187835,204.690215344133,122605.159940978,5.28125297329923,56,0.13959933478841
416.850214433859,229.174256494052,298843.160726747,26.1704339297544,81,0.308917159401114
411.455313221125,271.664794217261,189669.572634728,22.1663449684282,77,0.193192353548757
248.977807964199,138.62134342803,180940.963254852,21.732032779725,68,1.41159133847808
352.224064918923,228.318225652599,156631.849050757,23.7465365387124,70,0.476218381393049
251.824663174265,312.610953935794,242558.851682612,29.2585941838627,46,0.477861180750325
377.23128103266,160.032558161977,77910.1170365405,18.1503081166999,35,0.600693438239419
256.546590817332,319.512899134753,254005.925821463,13.7344579971533,54,0.439352292233451
433.570299310845,151.751441195561,101010.523187932,10.4065811967001,36,0.439442385018355
335.14740338392,379.099764965376,289520.430957531,6.59184167960638,69,0.178764891991605
271.224275666388,340.913536220533,248432.714601475,14.6910439747909,46,0.3193415626237
518.17076752869,371.504947093831,231377.135435286,18.5097169795627,63,0.185163150886824
558.645194959692,379.750841411646,262691.000775376,23.0541728078511,45,0.178742288706684
597.713319999833,183.376650544166,172679.038771908,29.3674103659308,40,0.152277852872264
588.907021422837,103.66808071252,237604.03775491,22.1313358103027,50,0.198687208202731
384.624495339586,336.871928335226,292784.139208988,13.3845084376154,17,0.131459176352269
244.324435858972,233.257739103541,209986.702326535,5.02854833178906,56,0.830298420892025
420.983660140735,374.054312430756,151334.127796484,29.8301277417837,42,0.14761782112772
588.18243196651,146.828006486424,270637.83818483,25.7169975044666,28,0.151447482550252
332.521233136919,343.812178566422,128860.802062405,11.0220603992965,44,0.147081459605861
255.593053367793,318.989793499162,273034.747352053,25.7746030836937,81,0.484474616588508
399.007325876026,284.924005199209,64121.977681162,18.165115034903,58,0.168769021626537
261.108428373057,194.505003170825,110511.04942029,28.7564205521469,62,0.978055819188191
498.786390753932,367.209179309668,83510.0938356411,29.7813486943845,83,0.184536655146313
466.364362046576,392.12536889591,297864.972667795,14.2550273576643,28,0.15505463463867
206.000226479518,294.606908254795,102671.452159033,10.1110375480792,47,0.698254203555409
241.101792747445,133.849660312528,271811.474648401,23.4947648864558,14,1.4055324705294
536.00257651241,251.735157179355,272650.770006733,10.6914599586282,83,0.202118984734951
302.257503205568,190.783921528654,207790.665277732,7.90191593440791,69,0.802736596019181
399.577058905092,168.224024209926,90879.5802160477,12.4078020399602,44,0.499236815327203
266.883788813101,343.170295090664,286845.962327762,19.2897313640183,48,0.331358253008786
493.525287227945,351.049354857768,126950.087362031,20.6321708628035,97,0.199747489304024
501.825470741798,196.643456786384,243042.655649136,13.3392007915974,27,0.134476981922468
441.057528092633,252.763087156346,107488.364955408,23.6376077417649,61,0.160154462610832
337.829962321656,249.171696553166,251593.596898575,8.83433550144275,95,0.472853796713968
422.578334939185,265.92292967052,113776.672574557,16.0010298881506,30,0.127887331990465
262.177843767463,276.208146977737,272400.31997104,27.3338071620239,26,0.551815550871242
573.121105608789,244.202083230936,179298.876196249,18.6692696176844,84,0.19441088303246
538.465158702045,282.03063330545,95678.445492486,23.7072289871606,46,0.143368797804952
282.444697279786,352.098081699705,159214.221189824,29.1088735447755,27,0.239944944462109
455.665298375666,243.994154070238,131946.590570008,9.17510293914608,50,0.135765529362639
306.160105162251,242.123187374563,67855.5860677256,22.2619234538084,99,0.610952122223965
269.366629797118,175.89069223466,113322.502323134,25.9263719387111,35,0.997426347776679
298.713066184703,242.228707357857,165256.934422042,5.62688323672768,77,0.601271148378833
418.559906046103,334.379759182714,120428.026890974,8.55244634033669,17,0.102298880806694
263.378231068514,370.76989339323,165026.405793151,25.7836519986881,72,0.284007261284634
295.438749395875,147.841796457885,72542.5069024376,25.87830481627,83,1.09879864265002
561.427769498384,221.402484462666,211233.316048941,24.0142545925913,50,0.165415708834734
369.291750290373,354.937145641256,66154.9694505357,8.01511119173396,79,0.153144190544502
505.033566819798,372.599417215334,270251.249336053,8.56929904137366,84,0.206758684692691
231.148229005124,100.581075549513,238364.070507269,16.1701408093104,47,1.83313975385072
554.002871818439,122.619136585448,70981.7477811675,16.7835989195792,66,0.23519882956043
446.474446991519,224.831122925505,249649.511310632,7.87383334249176,26,0.176409119446912
451.691977006858,140.238227658383,226854.488887988,28.3300035961712,98,0.514707574122412
298.9237253769,301.312594824921,270951.060911697,20.169528716303,19,0.337010448636758
319.978262099211,361.446012749158,298660.41278177,12.2859640339372,64,0.175786929356879
394.974954003995,334.648232428734,112800.933950197,27.9768260572714,54,0.147379895466773
488.498874895377,160.25955373331,102369.349733143,25.1265561499993,43,0.273287475396773
313.821470758159,381.474176925787,85332.0072472877,28.7533903543098,35,0.134226789063491
544.489705226369,120.480466367212,122864.92649317,9.81204420918895,64,0.261568167934609
593.413902912672,208.221462824021,54028.6201486088,22.2265992805916,95,0.18569239691394
406.621249137937,130.948543186582,172258.922432934,27.5772077156474,62,0.658570149061263
458.355065529617,267.121834904638,55967.0213660221,29.2418702135346,31,0.11607301459405
581.193850475834,133.920791597966,85736.7891123776,23.888846150092,49,0.138919878817271
458.173827911559,331.948180610715,202085.382151393,14.147361953856,46,0.15237719508664
461.319103094953,322.138336930902,191630.942022934,8.51425757740908,62,0.163533932776798
221.857201086191,382.010788176581,146737.554653242,28.8892930899938,26,0.313454368051358
485.574002602942,143.061132800427,66822.2987924586,14.9279514083661,98,0.388432587590878
395.528974224351,287.323444477922,293093.044565225,6.88213101213297,36,0.145126795796715
462.73621695164,255.404647350609,134360.872190798,12.4174644090651,11,0.0994090019034851
514.923742372272,191.63397153018,148205.419727738,14.8629963458384,28,0.120998274978891
414.349293940967,381.793468563407,299205.348910643,23.6629910029431,56,0.183727872692349
304.763633602226,376.381586626811,222285.291006563,13.4774407356153,73,0.17223644909313
544.191031813033,350.939326810802,123837.397255367,21.316823397905,75,0.181615347514698
530.912013602966,359.676616928477,212354.355348785,7.0016807523691,85,0.198522396893967
258.735204473709,221.778610929635,170414.000931125,7.0208198528452,92,0.874074426258605
349.469707518259,144.568117963228,51656.1007402662,9.60249130922317,16,0.745547009201671
550.534691374719,337.511590364655,176346.680781667,12.3631760764073,58,0.167967177481216
518.419135998513,204.352079931204,219031.2283956,27.9055535831479,58,0.172070141944355
560.577788049762,119.189819503251,197232.303947821,7.27409618100147,84,0.249089679001766
280.195439272623,334.47508248232,292191.055233603,6.08683401676399,60,0.326740295250813
421.439278320922,139.660352500581,171408.349969052,8.36379149932274,26,0.512203698430072
391.178579958468,351.467776609043,114689.250327872,17.0912620956803,35,0.123074524071749
290.157630891716,158.348557340704,111499.588420698,24.6402630094413,40,0.997522949272638
401.745594331673,207.246177008388,244204.447737735,29.4203630373813,72,0.407354592437234
310.298564603821,291.538580431978,85961.8882992648,12.17258172631,36,0.340953764695624
517.746021987966,159.082651746965,151494.042950422,19.2050087219749,37,0.196706155083084
586.377706585611,224.461812226305,199984.359759647,21.1098206561125,44,0.158212775419442
530.409402741898,131.15123212272,249680.846312862,27.4661946159494,64,0.282763368162141
483.707772252797,141.970870648367,146240.291033287,23.0218609529649,53,0.354385302101588
428.331956596945,335.166699871076,205872.481985722,8.28512338401521,87,0.189326098919703
265.469550882779,311.660334294695,216505.994616126,20.9854107718246,61,0.449532917070101
594.331216757371,270.403797766205,92776.818902539,19.9589418654936,69,0.168629929247306
383.23979964277,343.93854699512,74346.4132813483,14.0294526466391,67,0.146069485181849
244.128771894125,372.904669994039,280300.634416216,13.6045738989276,76,0.332426057697277
328.197799590728,302.832323989346,170783.800003528,27.1313994423536,86,0.326245815985807
591.896591421394,380.858001682638,211698.208047809,7.80423710453893,56,0.176038884616978
212.029713335986,131.797639698787,87913.6396453853,15.4701347511626,14,1.6471149646268
288.442735008304,200.201648428172,163535.71738349,23.8408627010296,19,0.758043988296222
479.850836706955,288.65888649674,96659.9073754024,23.0588711280146,33,0.125040440432317
491.675325928265,180.230627915275,63648.4452978442,9.40453885735924,93,0.251070323602943
472.42434234122,296.032347370097,277346.107332257,16.991919725156,72,0.192303126363897
402.543562426999,378.698302218817,197743.135904973,26.6885109230249,25,0.135065392973523
292.578800130256,178.645643059603,159736.552812936,7.50555555509336,49,0.876210424178302
306.72799003544,294.357134652922,259542.976468006,6.45394045849521,88,0.406760927110696
294.603773909573,354.170894060577,173630.700390851,12.1518457228262,85,0.256975627657865
598.051957489397,262.432970261035,74257.3895527879,10.2828950939782,95,0.18661371106239
238.597091155791,388.037835436916,252090.55621409,26.997405824257,45,0.275505951558762
505.133578155794,174.416850217544,174084.097953338,12.2808697615981,96,0.244709523587492
528.285154714445,206.233132010448,154428.540885806,14.2328878310192,31,0.12695115392336
209.14615045966,108.704947988536,234365.231929203,11.9504193530544,49,1.95534842003006
200.321575157632,155.223270918045,198164.839911796,8.78012169058409,80,1.6443925664749
486.134577734367,150.140393862851,203126.471882882,11.7772387562528,80,0.348427883958922
590.156245352578,319.593619271668,268767.220712177,5.08888846029762,69,0.19340722002526
374.512511988486,278.822081293131,165839.74915119,23.2831319995805,86,0.272328370080695
526.714131003445,379.378938476339,121817.370234381,27.1441644025376,66,0.175542248564465
476.17163862225,109.485307265461,129777.703826796,11.9829935165381,53,0.480079821837147
259.732259794861,298.218529693655,288507.709137711,6.34618788351359,21,0.45993484893523
329.297575419085,121.859291474806,59148.5449125425,9.76249522623563,16,0.957507984230156
557.549281681046,235.958861000216,178006.28430438,7.62873605500034,51,0.152434383028588
508.674028169024,268.713912190615,243199.151675237,20.0449436943158,90,0.208029508075684
206.724807084117,274.711967560584,243368.515457713,24.1533064713546,66,0.825952828296136
371.42801506949,174.856656910112,278813.761795573,20.1739505514208,17,0.547522740493588
232.905016761149,275.928760144542,273477.782655161,12.275863483824,58,0.692419932276108
255.947284436285,296.788543014117,296930.126426104,22.0014258142488,53,0.527112546938109
473.299526446076,387.679754704949,121749.670828154,24.3927067270826,84,0.188201041618576
456.703567588417,332.449991648803,136694.582938042,10.7976607044799,48,0.141339190123931
215.418282246874,283.794579003406,225251.565912799,27.4837944280201,24,0.692056318361029
356.798594550126,117.711677759156,116477.659231204,5.07424643709324,100,0.968078535698381
301.06437235244,374.084043575188,219091.050158426,15.0112214439128,81,0.188056175327334
523.844625735365,149.347144969044,201752.629395845,9.07177263814359,11,0.178043223609959
378.764396140128,159.918573013564,164940.395740104,23.2107560631476,98,0.683713633618657
354.203300555701,312.192353443668,107571.441825157,24.3301192293557,62,0.203041052627075
390.23884594152,305.922627715351,123387.065272725,14.4980190616345,20,0.106634196628354
527.305478065894,340.761907166608,257930.46856537,26.1330160995363,45,0.174222923345644
343.973214020767,264.235609034105,248328.025314176,6.64501342561858,12,0.30844487070767
447.424474010245,264.368932876359,74737.9792058043,9.59546284959193,51,0.128679933908167
253.076339330315,196.88950501501,99298.3324347016,18.1282851536322,24,0.939183908978407
423.785584921,343.252417015156,111015.018710549,22.3350734084027,15,0.107225446738247
456.012384784281,272.336976521651,104075.611861497,29.5664640255644,83,0.177827872090176
299.253348640956,311.328529540861,210660.153351809,23.4163931599994,15,0.299859307439139
369.179067809955,194.751991938671,85608.4909446642,9.28373549331383,59,0.517384357176756
438.984177945962,216.230002188296,92085.261177213,10.4418864927594,79,0.268056358307609
341.292870714794,118.580560311712,250796.270623613,14.3129154869048,85,1.02474988836449
263.594647219263,119.906960728595,222001.706371073,29.9980663006622,85,1.48992190281642
215.229805034232,132.754736122285,78053.5444072427,24.7711371177054,48,1.68758249443172
353.122641967056,180.971015191925,173333.719137996,6.79293853481474,23,0.582582763408472
215.857213395343,210.618344965823,62674.5479794875,27.4780166404626,47,1.09996164760432
311.194939815451,186.123220382403,246363.63404234,20.1953682973799,18,0.726521818140699
397.03788920982,358.178319326635,213955.500231191,28.2713163352383,80,0.193155107112388
384.762013124675,177.978736329495,102435.200814397,9.76899191944358,59,0.529331643341077
421.155360966507,179.359360743747,50544.1115578326,28.2213433971963,86,0.450347307347788
403.037779450146,384.287494576867,245928.041078348,18.3060171541187,55,0.169836023272409
391.055763033797,196.217158590319,56523.7468723583,28.5089579845169,81,0.479263421363045
302.667198608029,130.418670951629,278797.979319066,20.709269530124,39,1.09114907599152
230.690305286325,160.345322999823,116756.405982743,8.22359216170691,19,1.27875975510082
240.324737453673,226.169875396344,132782.699672066,28.3500738220979,82,0.938704074473373
436.57091067423,271.738001546657,178242.917667387,7.89891987618443,10,0.102129940463192
496.617278048575,379.87430840695,136090.693871461,25.9605415609009,60,0.168515542268998
229.067691942128,183.331922463833,117158.095734049,14.1379642363645,79,1.23646514793281
554.340501416126,340.28453878574,141048.596433169,10.5247002666179,30,0.132800101146567
553.204076155438,222.397971902348,276792.446953272,22.4288598156175,22,0.146397102944534
477.295332510854,207.385290572395,199064.631000096,29.0557929575686,36,0.169997236730891
405.706125909742,109.59983303528,84742.1761541919,7.22674189456666,31,0.697411723799786
217.366513257803,110.346989823156,177873.61208872,26.7607008130815,25,1.83326915125833
398.597883032389,167.985728368088,140486.310395691,26.5266034198491,58,0.53197459888708
463.567717169343,295.119817508388,132990.898403433,9.96323476379621,57,0.147621530182553
576.701801143905,154.196508753762,215247.074681916,22.7648339537577,64,0.176693529980559
224.623819863225,346.691422640887,215332.936038367,17.4867116905963,70,0.466715478608823
501.222597992383,382.862775940562,258131.989609042,23.6190360284557,87,0.216313392000591
453.793781342746,360.715057077778,114831.010569864,11.029028024041,33,0.123980384976598
436.972398127786,235.819243067964,169960.902064707,13.7461233623985,99,0.245380607410627
214.262754490088,283.156425170473,237908.639168142,13.7299296200272,75,0.759092905860318
216.369924339868,128.706456805692,246981.953976375,20.6451188583321,54,1.70936252513105
470.501989011662,363.56348654543,75023.5372084715,15.5289682994516,28,0.116216299049078
276.827708860097,319.764328080277,178898.677821328,28.1894342470186,18,0.341442671072259
536.332861427271,311.896696530304,295475.327064174,24.0816067088383,70,0.204011729137315
377.702842238747,266.011805313213,61651.5734867542,19.8639596955915,17,0.218008195747415
288.077309584613,252.616618436024,111105.639319722,18.0453615106617,81,0.609914419213553
544.912813390888,231.893786463178,107346.386616006,10.3259762554026,55,0.144541519675382
292.331950474991,177.036308797134,247829.502004462,14.988335923008,66,0.917113233039478
438.908001961713,208.487132792833,253920.251540677,12.9664025347705,72,0.292574201963818
385.948661639515,350.586043849221,165930.897524577,26.4418321538682,81,0.18348808970417
465.957612892809,316.797090669764,98818.4764913839,7.75127229554244,99,0.185225176170024
339.743101832767,269.292635199847,173235.819527812,21.9831098464433,81,0.388936753044907
332.991788589153,286.068037658545,213259.175372033,17.5618690944789,94,0.36921789140749
449.210139310746,204.185100633549,121293.297368236,10.0720421418418,80,0.278998935758898
591.143907111781,223.735637326881,77076.0329960269,9.67870230096266,63,0.150831929374435
584.290896032912,343.070745577336,168800.807455186,9.43357884156442,88,0.199194448427491
226.013229932262,364.755816397041,149755.447386079,23.0703729544613,91,0.427082048790276
432.339373026114,101.268058965021,280106.168839654,5.54962635418738,16,0.616703537638289
208.783254184798,242.887900276205,171749.969006821,23.786160856733,12,0.89700472525348
477.444327506019,122.122812980283,187160.099004664,6.97577797430639,81,0.463657935863939
488.331025279737,231.378638545031,153296.018586851,5.23718554030789,53,0.142434655536801
289.352253668304,151.849916066417,274801.130300243,14.4743828215775,59,1.06014331918749
475.992399547106,328.756678153406,99203.8014810746,5.70982895655139,83,0.169486721334422
236.163936427541,292.269155550699,63057.0585921257,29.3746880079265,26,0.575745066994943
259.026114577165,362.665916318863,167619.379550419,18.1735431391224,82,0.326020832874193
407.04240324462,320.275337182027,285695.236435616,8.8040713770309,90,0.203404843432745
351.170539980614,392.345926732294,157634.584909615,27.6928670069219,33,0.133241232411668
575.437138436349,192.49969180358,159504.853880485,19.9748705818268,68,0.172165667520775
447.580512767809,175.725598373013,267560.247633593,11.3406664728971,94,0.393169135404346
474.506407115724,398.725663659258,273443.639222874,6.26557146702098,70,0.190690682715144
534.488792517351,382.241238128168,96262.9824867438,27.5141885603037,29,0.13439240888079
532.357628768177,276.6526208181,233812.016129961,29.9243662106101,61,0.184785584684434
509.525992561405,224.509288525242,253279.081368076,25.6794841171388,97,0.217154525674012
489.285140077271,207.301294793922,74920.0771908452,26.8154964504733,92,0.19792183047739
517.968591862743,177.881464426442,260774.39233214,22.2655617310804,23,0.140023521770032
224.936857183765,303.141454089487,130607.052226719,6.9117959930623,41,0.580150813804673
440.557453833947,257.844917553728,94839.0362069389,19.1394160436725,14,0.10637035058805
475.479894771181,111.048293388083,285849.653400703,16.4655024119857,54,0.487026341925057
377.470926963132,283.548250414473,163345.825657578,14.4011039037562,66,0.225358758640953
528.075097378785,147.540271310185,250294.444971906,14.1198104415666,19,0.186930404297962
480.675831739786,306.130922856274,114164.128306047,7.3807018747374,33,0.120692817632941
235.369960026835,258.914984640325,229403.158738807,14.1591026532606,78,0.785134511856704
532.80473267618,248.019284715721,103274.28774476,16.3807909583777,79,0.171697569275106
345.059018688669,126.296881999658,258526.154136553,22.3857756262526,83,0.967145147915139
389.638818903086,175.960201004253,55927.6084575729,25.7273614170496,20,0.480642150528607
332.384265879775,109.795547882549,216335.671767258,16.5335757983327,59,1.08437900396152
550.681045510168,345.384204263362,140121.423390517,14.2467503577277,30,0.134681370877349
359.099605310149,188.896619990931,75939.7705834215,8.90147339061695,89,0.612270107467388
572.123210257834,284.766859229002,77137.8643617155,16.8754763963909,32,0.125348868407002
557.434078621928,152.34577779707,198808.819483734,11.8857929223763,95,0.197831054362211
419.946674199475,284.3579227395,105272.980239166,16.1597877437254,83,0.168261974870254
337.272138402007,390.554213325561,85578.6521462959,22.6210971205299,51,0.135237357173622
223.046697340366,178.319588809695,115889.61232363,27.6445818887796,44,1.26145876686695
212.11292582608,120.628405077825,227623.064729762,28.2655954820872,36,1.79718259990109
541.932857524491,285.342330870592,254593.224252657,8.73976049428294,93,0.210958728988942
450.434285420249,162.266143534253,293817.464057342,6.65521769940723,29,0.352570954627955
318.722007812102,260.213423953159,168547.170065065,6.8652025998159,66,0.45511675480416
280.500102756157,252.192332783865,156556.158839708,28.9121293374566,48,0.605610360017279
229.17665381811,132.080679121781,192822.777141634,20.931741851599,13,1.50534935945544
372.452390946041,294.903929012962,170517.996601655,20.4215194684836,51,0.194893737574802
344.356977123196,389.173896940161,153783.443127664,29.5263329053084,74,0.174737853066513
377.940196964583,282.365968863888,272390.992787453,5.81782178850032,80,0.243096915551632
397.593207826528,199.895466593751,117557.803565898,9.09323306282018,82,0.437782370663535
457.640269744743,390.386009616377,222139.440527364,9.05223410651038,31,0.141465271601244
340.204992232211,314.326093001119,289468.132550754,11.0341801215857,95,0.268397859937268
216.169958079205,170.257229566339,201479.047645729,5.06049476890413,67,1.38014571385582
390.988885168976,299.055457078073,80567.9312713178,23.9719074407455,38,0.142221923696266
423.630820705395,126.00393176922,208649.964131189,24.425231125902,49,0.599411216569834
300.417881142977,263.895115578713,268133.850553201,18.1078447872631,62,0.506961059592278
332.712393515775,254.788408120282,276275.467026247,15.0721571301849,29,0.39684793493935
484.878197038387,217.756997960326,186280.60849654,20.319430258974,96,0.199111159043973
368.240520482518,397.536975671933,80855.5295981998,6.84406181220295,26,0.103467603630704
380.865590098793,298.041039698014,94705.7757661933,7.11959036891389,43,0.147386439011758
457.884312609913,227.956792639352,185219.55904265,24.8365520523172,71,0.194383456970068
496.998781979256,319.97710786276,280499.058136272,28.1264970811939,61,0.191447330084441
414.013757075113,171.411813191883,254649.201910836,5.97606088904493,36,0.434971158422409
460.445356125722,107.702971348609,162711.703894721,11.3961953748081,67,0.556682541647022
528.905990864021,323.833605550008,167375.887508816,27.6752732990361,77,0.191402222567364
256.8754040032,339.814708047631,71007.1735822438,28.4989057016778,11,0.32254028160003
270.634930104295,179.482687414467,287208.306309228,13.9194630096427,10,0.924864031246424
453.003268202393,345.629271358965,235020.344456336,14.6555191407214,34,0.146426188208616
585.363995066001,254.627179154199,140970.547979155,11.2038300674649,72,0.17329768723875
203.444520462134,387.581535971509,85023.5620193625,15.2610950811257,64,0.382106007074729
322.112079389771,190.035035761188,130044.626111274,10.910275134605,62,0.715012027725339
317.502221016432,261.628783173182,281852.773037528,7.84809606392405,32,0.419082847705968
266.181593908164,279.334350014305,141089.783995621,19.362572674178,76,0.578770151129012
402.144203538439,119.050690084013,215860.75184972,21.2738806985774,97,0.771279758413275
453.150571858496,174.931894376871,284382.312808271,25.2520371380869,49,0.338672053992817
448.293728987492,262.058340646888,222338.418961594,18.9842615126063,55,0.162191752131759
587.26429865348,253.964338162574,250384.98908269,13.9749435847279,80,0.201797118841868
318.067329074211,280.753720881985,189039.756390168,16.4855293433212,71,0.400956405507943
418.863451418302,138.718259035538,127061.072375813,11.213615518795,72,0.5828751301622
231.960236059757,153.04937844429,205301.817686648,25.1591382882615,43,1.37768471373846
462.637010457451,156.322232069754,207896.895070471,8.91112415365729,59,0.368887589506745
540.302589394325,157.993672363125,252308.987122167,24.7871931659923,56,0.175504441240848
577.85116710853,293.616083399989,77535.1762870503,5.73825582608261,24,0.112243933535445
424.349634926956,182.686096038493,216449.384676682,9.42240354900543,48,0.380928952719572
478.009386435803,350.672249661015,123477.379041201,7.12932807427018,18,0.10948500525374
537.545415486946,225.336801649694,66026.8906598082,10.4106782056034,32,0.11289625591073
541.459419577607,302.706904513583,104724.277539967,29.2637444625784,39,0.142412177724692
317.874611248836,217.137304170385,104238.799496671,5.54191257688346,32,0.57235272232492
460.84548449039,385.529267580042,294352.802834907,16.7265689567372,38,0.165111432452394
577.247307753652,176.594769245864,185621.774556068,17.8343975252365,91,0.198113967226398
575.773197880764,354.598538120382,295800.430205921,17.0349643337121,14,0.149250095639509
279.548061295969,209.828070971848,95804.6948259093,17.5021655854123,27,0.755412104620118
569.806177683146,351.294649817784,174901.77843421,24.8729485893555,51,0.170026066164135
574.911612932018,136.820583152404,219921.114092747,19.3950547183933,45,0.154893067129169
422.895749912757,160.941696515903,175021.838675427,19.6970592267301,87,0.510911496632848
290.985997490806,221.690806689974,211644.215048274,17.5355077648844,12,0.639034942236695
222.295304441307,122.050386555227,110764.881128284,5.8776440092176,32,1.67437285669872
281.465155617072,196.829178938343,70607.511096889,11.6169082140799,71,0.868149982041203
257.876702763481,310.475424821315,152771.421670741,11.1173844356208,29,0.430013484464067
281.613396447998,357.345937152621,99932.9888949689,10.6136283117335,69,0.259350037801194
590.167045769844,313.252278541554,277726.745430508,10.743695076339,77,0.205796544900448
269.766244403851,260.977899512383,171803.65673499,5.69075193811934,84,0.640611783945238
410.888761563713,129.347623808193,202755.348984215,5.74163175509525,35,0.600439490999237
300.22293666816,205.786918543809,131542.641571039,29.9465996825774,36,0.710860351873956
232.22695626619,210.951292174014,59953.6684498226,19.5370517848527,43,0.996579890110015
303.667686561927,201.596718280491,72031.4505891601,17.1632429882711,69,0.750161570410887
474.591246561542,320.823937956479,158122.713538385,10.2374913008004,60,0.15781648475799
283.836883463058,126.376676523421,233224.047911254,29.648269828524,25,1.20950339414913
262.133457306266,177.790587043211,152266.899478872,7.50370421847361,37,1.01218654303876
244.248135108999,371.203898576324,154525.239453719,24.8520046645843,85,0.347921794094475
262.853897365565,209.21744685763,196178.020541271,26.5043658949851,29,0.843286927698455
213.977656091284,329.929335948332,133956.273827065,19.4929456674227,18,0.495902937666678
278.857634018333,236.186265126718,238345.412972969,17.4902865213397,79,0.713613853459561
567.548523914612,256.074256221214,285233.528922859,17.0501471822924,18,0.14431540830997
599.121255467549,383.887927929906,249581.670684982,25.8021277530288,62,0.199321735378982
495.513326320282,163.6542196293,271030.316199316,28.8908361338964,70,0.285495388668081
417.810949957168,348.874209228355,216983.718692265,29.2740859402697,97,0.212877572517892
228.391580720399,149.913366562492,115078.097790977,5.44566419492514,86,1.48781926129099
529.607282841614,263.249578099987,55218.7351107549,28.9978033185013,18,0.108653938632868
277.917560076624,281.474115318086,237778.904520799,25.1068291303985,35,0.487582568206009
494.14849105012,269.393836771063,268180.026909887,8.99473342792264,86,0.200902242905746
592.593030177017,211.967410494181,54353.6490201194,11.8581707134922,67,0.151594356308387
531.388634286527,334.725550359162,140756.946082891,24.7585122531854,86,0.195422908393552
446.033513767686,317.554770532086,69580.157290451,9.10849908966701,47,0.12600022498785
280.017215016827,244.258406556156,207910.338985089,13.7393134162843,74,0.664804694835317
598.824796598957,358.042109538699,263286.798484617,11.9916165538409,22,0.151438327008661
242.945364071703,181.569250143468,83574.2458243023,9.38717692071575,51,1.11753143561307
498.607158951742,252.362048118124,115983.667811267,19.5571795756329,19,0.111386274879294
315.99797433199,158.172078904718,236719.615781437,13.9787779145889,44,0.872435933157091
206.499267360038,341.722827541947,186205.6075359,5.76902398818377,88,0.558268619063068
336.021125131083,169.893769922007,144747.886701828,15.2477578577574,76,0.772562400118102
461.532212505521,188.177146930742,254442.70987405,26.7486473130826,18,0.242674582231726
567.917440544385,241.664744326597,210220.131682493,21.7647815499483,55,0.171052759273214
219.341006554014,172.173828092666,152449.266707397,7.806136393041,100,1.40554162028744
527.852840146048,245.96172093334,234200.427262822,19.6788240611525,94,0.21061352931264
418.22844959525,329.884057333381,225089.609920029,5.15002229430632,15,0.115925547225921
393.377231356334,257.410113907793,136195.933362111,5.32688533137147,82,0.269032637196344
502.247191766933,115.700400372396,288075.500982135,7.87579120236255,54,0.385437439789752
299.769953214829,112.184257238349,158630.832966084,24.4823650048586,22,1.20141736402029
467.050970637488,336.118750298527,296971.500025665,10.5603945348264,13,0.133897700665858
329.417717059613,365.192864212285,290383.107605813,15.7441093573009,78,0.191691179047389
454.914785352134,349.407665304647,200787.939277305,7.86857204611869,29,0.132181611224688
210.360274030004,382.105869175216,179380.51586681,23.9091238269949,35,0.355105065752887
577.118883616135,266.505390007878,279524.163211867,27.2358830431051,83,0.216995603028082
564.95559234217,100.247106977918,145706.937876234,26.7090751122292,75,0.291584058565206
575.684226308284,368.700142211074,62044.383138015,10.6970155509503,70,0.164156854577647
232.625176663123,148.247736411768,68161.6070159967,10.8068283873204,20,1.36060687031509
265.685717119357,224.745538544025,172098.326608868,29.4557007822407,14,0.7368747931855
562.018176981923,355.137429469238,108651.350312799,23.3591045203439,34,0.140044498036038
490.450850330034,159.128679127148,115225.080002466,5.71127166676627,44,0.261999668335512
382.86459991818,301.507832634777,183747.843939,17.3091802207788,27,0.128036578016649
322.373074675252,394.106979493544,207640.053314501,20.5550059520484,96,0.199900399525393
541.761268834241,197.790850931933,248470.323776549,9.79060171633742,23,0.133036638090767
533.741205584676,181.743617320561,272347.915864975,11.5891077464224,85,0.19978719958442
312.1697520889,256.986951589487,152669.33031007,29.1963738137038,43,0.473026665287799
397.111019701317,325.63617873924,200716.315893794,25.5803162186158,60,0.16681264766039
450.315119550859,204.629315167874,259904.030724465,5.24953559597971,55,0.252157287094283
250.513849082246,273.424023367149,248218.474522366,19.216600360721,56,0.636885015952679
587.987021985502,139.12428947987,137518.689715201,14.9404989779693,13,0.106967704521832
518.032035160766,306.069287762807,299740.57267491,18.5167973435339,25,0.153602072778159
462.234838757253,142.871694072708,215397.037603582,24.2821233834241,65,0.431156215636093
547.213526177243,213.628219999169,134572.750905454,6.804815202894,22,0.112482888209721
267.132605314914,319.09155107062,294745.370294153,23.1874632154157,17,0.373046688688917
470.44770497316,136.405247455716,299181.854002703,23.830441036632,63,0.429647257166588
242.657442674715,279.466451250482,69266.5775009956,20.2705788669318,44,0.620893642057488
278.27464171129,338.646120023256,232708.118623482,13.1129791901496,69,0.330804335646395
308.686993274825,398.296378181056,146586.021720547,16.2576984451549,45,0.133970250066951
407.85678748568,392.981714841924,87874.7165198468,16.0882474004764,87,0.175423802031012
257.463724265993,162.461668431144,277887.685040989,9.23560435850775,65,1.17515025888725
461.434211498258,346.964524642855,223904.924160526,13.6434161169309,13,0.123323947989492
248.216769667106,105.355664456233,233528.746624504,21.5879757369337,30,1.61715276904135
316.341992256445,397.889742011316,155417.471745871,8.01312845665708,72,0.159278622256022
496.807778342344,314.921253316252,241981.109112893,21.6568040577688,22,0.14106527514355
479.043780429174,223.045991063537,241743.727215497,26.6149043529088,55,0.169861847863534
560.762459568756,361.056903410186,92696.6438415754,19.8232425623839,61,0.163310595355378
435.124851273371,316.84542051136,233004.641331783,19.310117914518,79,0.19118804049287
549.468133257114,315.547666848292,176572.002374892,22.4688891500023,99,0.213953841433954
544.148728643246,340.88456045014,143386.184783674,14.4442003661554,23,0.127295924642637
384.404566930566,122.988375083661,204376.830375053,28.5116746423165,53,0.770600959586722
543.249756230701,175.054481946975,89118.0115113168,20.658205217697,55,0.143175876609722
485.280092385538,180.594617244108,141161.337001426,28.6882657490053,19,0.201459166286169
277.54079271116,181.22435434353,188497.94366309,21.4320393785799,40,0.931612922516413
438.623287533657,168.923859380562,297289.686776116,12.2081370212168,96,0.445429588086321
365.152891609542,265.436310782191,91446.6533503619,6.77096312578509,91,0.328239453907853
336.281699275141,322.804552615645,281200.449609565,8.04608576687068,44,0.199155957279095
443.720869152983,313.888977148227,183278.729115639,7.39871981804595,93,0.191110355039714
391.44051626123,376.48140109734,183438.93660217,8.37141211753269,42,0.138883022029802
596.573723267468,316.579613707277,226912.578533525,14.4679049072011,65,0.187669894936404
591.075826746011,305.288985858655,65020.6847614226,26.2586933956789,87,0.187768703010599
461.786204139773,205.955572471526,67332.1265062191,11.5119762408019,26,0.182531798439071
300.38286893694,363.40747146499,280909.045931702,20.7032213999555,74,0.216495042686836
443.473376653499,220.144302113292,100747.322936581,22.3455431058065,75,0.248597769554711
275.664205870252,190.305818019847,127722.156500391,22.505391379521,29,0.876522675902214
517.406881449949,285.335270843535,256613.356464857,29.7093856516631,75,0.202119700589108
589.758263709639,380.890094625572,167545.232820388,9.60992149562898,61,0.174419780438058
296.749221776563,290.265414697149,197282.539778497,17.0201036552621,34,0.390570526869351
378.097031079801,105.426178848206,180799.060053488,10.4877901238215,62,0.883234163532458
318.22694619002,261.091152056324,155477.835886062,24.7442728209837,56,0.452421088948579
203.913565667344,191.137144335154,232123.219857903,8.78857575079451,97,1.36364067951242
589.218793196646,201.964097196373,168212.334421197,12.9340140670964,94,0.198287975563637
441.678782242046,224.709698620691,141341.245223646,27.2536148759446,37,0.204703595398078
515.951006630433,392.781966027873,103757.111641215,14.5908326462926,44,0.142999583956446
596.664734529056,149.001711702503,60705.5808186867,11.9332368757648,58,0.139720104943748
257.835964929271,111.400061500157,296399.549363844,14.338564358215,92,1.59413885870009
252.133173008695,237.283165308547,269234.594912031,15.453525152083,33,0.754261782988604
438.840005464196,293.647886064694,215428.404718518,11.657846932013,48,0.151078775478625
485.262394880391,171.093271899998,173669.532424691,16.4431984791696,24,0.228127137628564
338.882581351499,334.08003126701,292587.499743531,9.59365975102502,30,0.150853040878631
406.787471134359,152.933457186947,96582.0304294256,29.661651393899,70,0.57751999673599
291.492148995009,251.656244816868,198479.621775709,17.6944820444972,80,0.602870019789417
452.109174246921,229.33796438643,156127.77841327,26.6161070920347,95,0.228711917908242
263.354788335504,271.95820630497,167276.67175733,12.6577261761668,88,0.629548666977903
337.658146130122,353.868013548091,80526.6647098214,26.1494292913092,86,0.190019691725768
206.276458204909,310.702589058297,217004.400292333,13.1264602728259,71,0.665750443094282
380.583900486469,310.848571055834,161246.044742072,9.25732302831598,88,0.177370030620795
294.051239700327,280.36350905349,167025.975914639,18.1594812812013,85,0.492639561170597
207.593289728907,384.91427016216,94103.7143332463,28.2086908943666,26,0.342471445631472
573.58462649804,272.848244608802,183227.847815282,16.5978463606618,38,0.148787350758225
312.94310842463,369.669623444094,157091.689125908,23.9017914356285,78,0.178299085124764
589.117610000321,301.985008634347,127171.517685975,17.6846314776814,63,0.168727594348172
531.84805983683,178.293264130725,223423.717885193,26.8471737073279,44,0.157398365387767
526.259350228932,294.059925907464,189844.088934818,11.6872413908885,12,0.117760711433898
528.170065606672,359.085911517913,294460.26024333,27.0031435395424,91,0.229310002614543
253.568090476347,297.232022544456,179644.577222499,10.477196525889,64,0.535131514331034
517.624083640042,217.065251760042,239952.969786917,22.274145315467,76,0.191759622251825
536.436299646633,391.511034253886,263829.462764598,15.62256223921,79,0.208465420201272
288.332721563985,275.219477713644,258833.857543842,23.1309403325403,53,0.497576344273582
572.044445755073,292.809503569072,253183.263530291,27.6579912767846,88,0.219128386100433
310.190853439746,370.713211611085,117424.166007225,5.36418157270377,27,0.122820826307502
578.710086003095,384.793531478963,200334.572071728,11.0982652922416,75,0.194423934888491
254.881478732207,140.426467996851,296743.525366439,24.589746945568,49,1.32549659734635
594.405800357474,230.697552716533,286873.488942148,13.4096011197558,48,0.174062026729608
594.515704566036,227.772135627309,270101.217325961,11.2369936408782,67,0.189282501047789
332.959616774457,121.286811544356,240559.480435983,9.19313130501737,38,0.976562394663365
473.041158225126,139.938933891401,72293.9123280405,22.2902911826759,37,0.368821929695928
588.05002243454,267.782994504208,156395.032217264,14.0922215267574,67,0.173496627377226
355.966579630747,296.945313188605,125865.598287216,27.6488076859798,54,0.234388036464421
539.254549028687,225.638684505059,146783.889928629,24.1465268615239,75,0.17837096041742
278.723704714222,396.805956004163,196867.069390756,17.3861876709705,38,0.138209314663527
522.706852490429,192.768972739408,148385.805994717,9.86791082096248,27,0.118052520752747
237.994668196605,335.632929409605,155977.526517216,6.3222988909043,70,0.45270980810969
319.10341897462,220.993009333324,201539.474375737,10.7659431791603,13,0.535634211179678
421.649818488813,296.611147556875,269515.03348982,28.2467978499355,50,0.170062508952767
297.45344751782,378.580756923524,88436.4908554099,28.6465926264511,19,0.135859165422585
220.64862951135,254.211754448859,118588.889751865,29.2971872595328,83,0.889307408673385
541.193947741167,345.962865461308,54451.0448191761,12.2364773984123,57,0.145792867399602
397.929161658513,312.260017884748,272286.114352252,19.8979380824747,92,0.207873960861875
451.206406340238,239.339569354563,60868.6439586232,24.5189287666319,15,0.123248790096219
593.984477704094,368.950473878305,256570.271620199,9.8726367877885,50,0.178084734249735
525.962159621088,184.990025190582,259645.941765216,13.2811870359733,84,0.197034655061593
220.102311390773,118.442625249144,55648.985641135,19.3241388896641,63,1.80753157800209
597.643274181965,306.60413693446,267925.973357108,5.40992411680322,88,0.212707261676264
597.082332503605,329.767603836131,169602.442523588,19.1135484559515,18,0.133226011870076
546.886473032324,250.027101332172,290265.925292127,6.44900034348374,60,0.180127537511845
549.653304379142,263.44059668104,190085.803717489,13.3320584954648,94,0.20273335936183
548.495559475955,223.369693357933,247389.986885583,24.909402935878,12,0.132137715985374
447.168660314825,351.530460830563,198998.555046566,16.3895560069937,78,0.186136818335945
275.904406383882,191.733586114082,254752.506090994,29.5897153497163,81,0.950484744331873
421.964505296653,246.281391580466,239787.533118377,23.6868861967163,47,0.207668738782245
515.780233976071,276.052769295597,97732.4769685547,20.0237691803627,34,0.126989239523362
599.053198569537,254.592211872662,190518.479578335,10.9049362853484,26,0.135723996889144
509.404744891348,378.445947493936,148155.393199459,7.1681407992782,80,0.181844127567721
540.478564893845,341.952373467141,52244.5894681081,28.1692144919515,46,0.142525648001768
428.517018932443,349.654117829667,204749.384752355,5.67798109425741,70,0.171278718152416
209.693301317415,200.832938501088,104389.097489202,21.863687568693,12,1.13521979674337
585.686854616642,254.050576831935,268559.509634782,14.4060706580964,16,0.139476497266677
507.877595025673,207.80912371871,221774.086525687,28.7861925564035,72,0.186631849462096
325.897664586964,385.961434089828,84335.6903343974,14.8660393608794,31,0.110063071007119
267.242647351412,341.755879297081,65439.4509398134,18.0716653948679,22,0.293450085980115
222.812298473851,297.150236671366,274090.646328009,22.7210834237775,41,0.627730670144318
237.798624232168,109.634761576495,289975.155321519,18.1169332700135,94,1.77629470299134
363.84533626006,177.439874188166,260234.477967794,23.0060187542799,46,0.602027762263013
227.494880954985,168.207735252639,116383.676926613,5.14937412539138,62,1.314270336288
444.906033329814,109.746952376193,122907.611837928,23.6966731172031,71,0.614532198890318
564.304667752015,178.161596149817,140380.295201356,22.8323357452822,57,0.157255093811008
346.015611626318,384.47492379202,113082.09392245,21.0444360494856,83,0.172215111747338
270.796199223923,171.301070123496,230383.619222061,7.61597044120849,86,1.07972518693049
323.807068538479,369.901215404178,175183.934850229,10.4182123579003,67,0.157671613974679
475.329147109652,225.941182472965,177306.279249264,24.5619855344424,79,0.182173399221431
224.335174784981,200.705908503989,173154.022533906,22.308428182173,74,1.15059882906008
234.458757550639,300.779700692239,111359.781412504,5.71808183148558,23,0.530467062747672
203.120829345097,372.646351812068,251775.518979724,9.4129235374334,56,0.426473542292305
322.734457872501,303.486738885147,236912.465595664,7.77892058660171,52,0.293304590828849
233.125856615408,353.041205987319,266569.90105524,12.6770377839362,23,0.363580648602964
455.145612823381,139.003704727468,147733.144576506,6.07815905372608,20,0.397929507528087
485.0842883062,338.424659685215,75361.7220145496,16.7133257623681,14,0.102241649732389
467.401682650044,150.364995771946,182161.314752569,10.4541738173124,16,0.324912337532345
252.39049671599,359.275926362553,261544.590229878,7.56965623376281,18,0.281178092466576
371.192984271279,382.224274356657,231048.582486178,17.4821441915065,51,0.159753169791362
507.200803976172,161.472140532159,70572.1709643458,8.93310757888877,28,0.195606443468154
315.213105186407,145.409473889216,79683.5435300209,21.5300027894497,79,1.00054170383393
313.635141664505,261.790676674807,86911.2068915802,12.5678506099119,21,0.411395596949571
288.629597426643,233.147771850628,94929.438358386,17.3474509219331,53,0.65023797885702
221.002178485053,336.54510313626,291273.525173158,21.7220703137576,65,0.513885443317976
555.428342771492,238.996914717833,153346.716478731,22.2064943257048,23,0.127530543932496
548.746123306433,222.776984877682,217351.108098053,6.44210005662339,26,0.131245123217612
579.570256206412,361.85796353688,90841.8017946607,18.6368774666457,32,0.134400933722629
587.174294336795,214.566191272472,199841.411530862,18.584794196652,55,0.167490328177373
212.584275744534,340.684432509244,111738.313675651,27.5075777416257,34,0.485706291504087
552.740183114487,339.285603336215,296074.993555844,15.1514904965096,98,0.231184405541196
208.36656292684,257.028791009954,187689.782554687,16.6355397912313,67,0.900833551668559
493.313402571047,222.639113366067,133822.189732476,14.1823908961173,55,0.145915335573155
438.012370042208,195.982689339072,207975.720198518,7.55744781589827,14,0.262201181184146
274.390416815764,271.430408893049,196971.405030842,27.8343857039301,99,0.61683906524024
205.697159140101,315.239882688577,164877.96144917,14.0305979837586,56,0.62874020653377
497.424355885351,217.392387201704,277006.406699265,23.9203548031406,71,0.192067438606635
486.713130537632,388.149228378176,280082.314401921,23.1295366275215,54,0.185051228121565
260.514499037044,292.042757702609,86820.769089479,24.6349377555656,89,0.567800446175335
478.185741443927,137.101132032245,89441.224060313,13.6261470015326,93,0.423994364484909
562.624885106722,361.977736061836,298093.930266262,23.1125569133111,59,0.19833363516414
365.853566876077,300.019868192125,208998.102108236,16.9323379814619,79,0.226609089174616
495.575571938514,220.65490215036,96399.0595198046,15.3855895989842,54,0.13923568143693
449.786805958066,358.956033270839,70181.5152706926,15.296815508211,48,0.133572446723817
269.041786715733,271.832703254202,238274.800873554,12.0088022901266,40,0.5508045888944
394.849935656731,171.66799950958,276073.744177412,10.2412565689596,30,0.490802582145444
381.592914607056,164.140543182356,251647.68509183,7.70787097925398,65,0.605766458440346
225.517220974544,340.120431971736,117882.032687324,28.8726620993122,54,0.470633526641872
537.484059002895,279.451628079456,283203.435941464,10.6555974131677,20,0.141363294512149
343.188343348698,373.914124290459,50472.2608004788,20.0590608455674,50,0.135121159474071
382.773798188873,143.985210865787,267882.068414844,26.4721704475831,49,0.67767255924402
371.000555428694,149.617970310826,293197.014278315,22.4993932321252,57,0.706908043347643
271.111261830381,327.199103422825,276579.50640937,14.5006001026421,27,0.341301324846101
509.111116330704,239.081059758884,78342.1219912507,24.9406031513592,62,0.151993661846466
442.674446796149,129.934380985724,287737.500530471,7.11013783817516,14,0.468126035000029
342.645274138653,256.756530845285,140651.627672613,27.3944783630485,87,0.430060685094752
215.64362929319,399.398256720177,225831.225495999,28.9402214044078,48,0.307470152135435
209.79851060364,171.873383550217,93651.3017483817,25.7411641332155,66,1.43351647165349
303.990142982463,190.433221680434,284091.716488222,7.97522866021697,27,0.740824072712496
268.508439852469,150.64727050062,141823.3802243,18.1974935605084,58,1.18551062545296
475.845480702986,246.268184499119,243412.891608183,14.4614703863291,14,0.122779877177584
381.346143454306,331.835965020388,285857.611254144,20.7524889991707,50,0.167457776253016
345.179002842724,357.116296070515,282053.414360282,15.2598420701316,49,0.16120088680013
299.55548659678,105.879932494699,185107.902616658,23.4789405992735,84,1.34853172651434
549.801325344818,184.6549006488,222909.17594525,12.7626368438173,100,0.208984682247908
261.525462756532,296.111357547424,167302.768701941,27.3461638351788,96,0.562306413703736
412.550083891924,276.363405285738,207284.704039279,21.8745545441178,50,0.153811968680278
457.746409171106,170.63202250361,273187.397445304,7.99243975199308,53,0.333146862738999
398.149600642921,225.161387479139,115488.94892603,24.4718200870344,47,0.323280410634338
576.587513049251,187.330883293931,188958.636092699,14.6972244971615,100,0.206832787580348
540.608147268136,133.210704505049,184672.794224712,11.1827099761055,92,0.268756011635187
500.943364001327,202.836890305009,275049.478611489,10.7123874397052,86,0.199235111819269
459.25984593672,349.716817682683,126900.232694304,5.73008588771089,91,0.182291167212129
280.621342385032,195.433815269539,88460.1874331851,12.5105076918785,53,0.854049174976665
469.633658114514,348.31138435305,181947.816321195,15.6293721215641,22,0.127289131751761
427.140548019189,360.177639423835,53746.2621943921,20.9279699455149,58,0.142124917888186
573.103712194604,123.359023048002,65646.3798522568,18.3897864290286,86,0.20898515041686
338.622831147227,106.36089562293,189569.138982263,18.9232238102958,10,0.998160390574274
307.930239069328,205.611627965906,292419.849927921,7.53384581634679,29,0.660611465785907
550.460655704697,341.884610757912,167125.408559634,8.59935007327102,20,0.125717280112526
342.948899788831,130.430841405729,207131.322731491,20.4043253704865,43,0.894947732298854
503.005915999999,131.086625594149,239296.767157853,21.2847526673558,68,0.355671670393483
364.281379521906,317.679106059596,224569.675961374,23.3504797591684,56,0.164755967380511
324.051444667351,235.661776559262,279180.036814517,28.8356108181796,40,0.512499725129346
384.885776258535,226.197069675613,110100.844684251,6.09256464985002,94,0.399734377543038
440.83016411026,219.288926764257,75203.1868120356,15.5994941669774,64,0.240569712481344
232.015252578364,166.072969535359,68362.2137304167,23.0456186650382,46,1.29036796827713
349.017022976408,172.04986697266,270784.262737329,27.0958115124368,25,0.654672260190763
362.491481499529,107.02746091406,180313.402039784,21.1118060284413,97,1.00757224440614
442.771764206674,262.828585542958,95409.2544746365,24.0460946992693,12,0.09981148855065
568.430723003688,336.341213568725,228696.011874872,15.3728440088341,87,0.209763721824765
543.544404406991,325.94158250191,229628.593955297,28.5336063293287,73,0.199852920145833
454.266071355788,141.631919640522,70757.3599517063,18.5030249618482,89,0.478528712593468
391.879270805902,335.842809287775,169884.436470387,13.6971979872586,71,0.166527555149835
235.90159944563,394.228926227947,245426.651033345,7.84266596185559,63,0.273236055249079
424.702527716299,238.407889304374,221168.08383297,25.0832913294874,76,0.252960498413524
309.815166455817,261.844243032891,145518.99322533,17.7259466228316,27,0.436339781776793
370.20212868711,152.120778503478,205798.577127488,7.29758636606691,44,0.668751838677641
503.286732883998,258.583473799674,241641.51200017,23.4646173842867,85,0.203359832430998
215.785006734948,275.633272260234,210041.806190842,6.21717532615264,28,0.7164241362496
568.39518212622,339.889879244734,168123.045843459,12.8612464272491,78,0.18907383572501
522.470263831607,252.239918145058,140618.148799888,11.5732498898373,99,0.19526891667006
321.748552789449,163.895220300111,248517.125774723,29.7133816066287,48,0.835775778653308
418.436965841794,354.764730508007,129349.925334181,18.3527292069087,26,0.11971901928074
241.830718847393,254.358608495922,227164.738891159,15.0276285037753,39,0.726287667900795
235.617081522737,298.294037867054,225310.242189227,14.2779435989876,15,0.535907694584531
216.284433601268,379.186411752582,180832.662423777,20.8880148683882,27,0.335995659319329
561.985856687407,367.521713638589,239522.721412091,6.41291742365593,12,0.131412743382471
226.498285378345,259.628236788178,256852.955526625,23.5815472977037,39,0.773333426055437
393.48165313839,194.845821041043,71060.4442907424,13.0745995293346,10,0.382050008514738
210.702862664088,337.183836221035,187080.931969184,7.83254695185779,37,0.498668642245781
356.550076470751,156.45467491751,108452.995337824,28.2778675871848,85,0.771030061694236
370.72186478696,312.834616284847,248594.112841006,21.4989207079823,49,0.158275457162353
294.655332226133,307.8575240558,158786.36738725,18.5969297726133,81,0.393478964971103
411.827399065567,338.239614716004,267802.103514872,16.2232573345502,63,0.178375632179463
553.751415569035,322.653930479118,211346.565398144,25.8096298167912,56,0.178543122378488
476.051470554745,135.284228525715,79076.2916995599,22.235421128205,38,0.376940322054468
407.423627782329,199.633942228758,113418.254485111,27.2618161546032,98,0.438924922722294
323.45222912721,240.172775287571,150412.405758831,5.59408248129632,31,0.466689759699814
297.400924385594,127.548629894,146357.850756566,29.8838675213633,25,1.12449210482439
563.608616321974,141.785908356972,149164.995400518,9.08267595011779,38,0.13213799524373
348.342827494307,108.402271617588,275105.062246937,14.1774994767082,65,1.01715282105995
551.930095603018,152.74220605828,164297.110209648,18.3350549486095,30,0.128450323950585
339.532896832866,151.209107610751,72838.5542372087,27.5459638459577,56,0.826803080707351
333.762880756114,114.361563251769,127102.785910106,17.5797510154339,22,0.993851506904327
563.581474636498,134.6925183919,159750.094543348,11.6237555273301,87,0.203097329067408
481.315841736665,378.579276163075,137407.153688643,9.36004181406327,85,0.183809192486749
374.359445013441,210.818236569661,110303.499265696,24.6103947484957,85,0.484751112757202
478.789346221882,291.737446105939,154619.261382348,17.6960962710246,47,0.14644201993586
239.988565791413,274.816668755275,272062.484043885,27.666398159978,60,0.682829731037817
274.497153747949,166.527972064484,154099.664406196,10.6671923293352,68,1.06331889626227
501.649173731857,110.567516230538,139726.606402164,6.24281025577939,71,0.416337545698676
543.032873036031,205.739803162947,154878.26535686,7.41218488233429,27,0.120502075969389
259.560247573311,359.572309061104,218111.050034033,29.4056227119073,11,0.263959492190379
400.658001218315,381.249266679595,52288.5890777989,12.9228757015162,67,0.145727485267942
421.912488372743,175.642024580301,151263.455100039,16.0344240134363,86,0.457465852122388
229.764079605742,377.677703810476,160323.695326306,13.5897079070163,49,0.321944598873926
314.007167825911,305.13346051824,227052.434914081,23.2375042111932,66,0.336136964682681
381.37395953938,169.974608960739,289296.432035715,29.4656401993904,54,0.585335607299522
569.693263133988,275.492456028289,123073.937660671,27.8416006783856,86,0.19362780270379
443.191630727242,381.28618667329,69830.0056802594,12.2131086656516,56,0.140898102521077
293.041254246105,364.812748969129,249383.746594713,29.4036777735319,34,0.19173030224819
472.698947246997,165.212289471506,163473.401126303,15.6169541193025,49,0.304150007338499
355.814990125253,383.618728648377,132715.799198981,15.8347845532972,74,0.16433135489376
455.599815489368,285.65123569849,155850.226160844,18.1009889940199,12,0.108555192765859
204.497148487321,206.401587616942,223622.051402465,10.8728157499767,73,1.21841890818071
374.081143056738,220.820434282464,61604.5826355327,14.3864444674456,24,0.370099295927496
481.75277770442,321.657151833161,207802.435118599,25.4841909460737,50,0.165079188216135
509.846530257374,342.789516255168,172141.935340452,27.1917370295046,78,0.192511342950362
578.45071639892,393.956596021579,200480.421181108,29.7535170625881,66,0.196001641731804
389.829496241398,249.927857944314,189282.841642795,28.3481275716279,33,0.262132071903051
571.885543949668,194.580769981915,86483.5878169448,9.0169398872191,60,0.145350883796733
525.701953544371,166.030583104374,193896.125057392,14.7308058290658,48,0.170988164863687
386.33685244572,142.249753155345,294870.701529143,11.1081041823865,81,0.703648958975501
459.432929450748,306.237174638935,80210.3279346184,21.0230414036066,36,0.123516597702869
570.403163453067,122.523365695612,234105.976759905,27.817812152117,19,0.161940053318287
346.79380152778,132.339692506856,257215.360269785,8.62147036818593,41,0.856395471297168
574.527720510247,240.782091272237,115326.281074186,14.7756706187875,95,0.192531867584108
505.527568910344,249.784054110062,106951.451631956,7.72024179528733,87,0.173450315206857
250.203484360296,206.860306764396,132234.87880184,18.5452652943753,89,0.996821740819984
529.125501237344,396.196501962899,294276.474249266,22.4510367594461,43,0.180184993324579
323.871024576084,149.819956316307,159987.058391265,26.9817402138718,95,0.962343561691496
217.170282700825,164.06790980212,247936.797369157,17.7482872874025,13,1.33557237326955
405.440980115382,233.866019041819,93718.0501738309,13.6204215669494,66,0.291213857662931
581.634665333259,396.303885238924,70330.8922138112,24.2593244559065,84,0.189663464591606
536.657118940574,168.318472578237,149612.694432048,29.0840768825195,84,0.186750885012862
431.865147909725,135.695362964192,196937.673652186,20.0641699873772,73,0.559647519437101
576.356195227191,327.305736113576,227902.740965758,29.6707536949927,57,0.186839054503512
331.941973366085,160.110796633577,256540.317803307,24.9657325905309,46,0.803841726688183
393.612655903133,146.475787533406,87582.4573472384,29.7892384371827,47,0.620852705454049
537.877796933451,273.750906407222,252379.540288235,26.0501788063473,20,0.144169013604386
256.340679531373,143.634681240225,239333.335967461,20.868416271494,45,1.28527226284769
319.359705708209,381.754652727477,62713.7054990746,12.8571232891117,27,0.116697368862119
447.646997921084,111.685074291795,284798.564573207,15.6066816833536,15,0.526777682832071
394.10557946477,107.143159674287,128115.674196739,22.0249986491683,96,0.859369563207742
415.184997529102,360.049312763515,293329.391107025,5.49811798885144,98,0.214446807027406
421.33638102747,275.596932572068,182576.784530305,13.6718069655578,62,0.158141952645306
303.83793068287,373.617537017767,268504.285515766,29.3809557463759,47,0.161922780156918
500.375432305779,216.871996287572,212297.116011889,9.33327553694677,98,0.200934261378741
575.913916389146,396.625087317886,126579.877425572,26.8318206889851,91,0.207338884192635
447.462922920469,154.896140767409,132067.137734394,25.5073058658692,74,0.442202245738528
336.840649588427,143.811111706006,207166.34385095,26.7130602548511,24,0.831623427893492
558.561861417422,105.461354001018,237313.711648269,5.63376966466202,85,0.295819512631821
497.752146979972,197.64354554186,118943.938983789,18.7713995878494,56,0.159140419525059
371.2501869452,293.113578884701,189926.679979192,22.4113412820103,11,0.162494694135541
291.898911247869,159.998291248736,195215.315676615,24.8037295317963,52,0.997969457200021
564.200798835004,344.846713000646,237071.642024854,17.6247577016481,60,0.184961199239149
583.718332499169,111.373856037973,191747.908721408,23.590209946482,61,0.199885144191534
350.763378500618,352.130266987571,176951.770642472,29.8439106154672,99,0.202592275403217
471.372890761647,118.08362283908,176422.718734435,27.5866280483882,33,0.451894942223277
417.733493792662,267.027785400432,187868.516427055,29.1482971764872,52,0.168615557495004
521.31831492174,127.864108411656,169132.236031483,19.073344164826,69,0.312729461628441
590.256464137544,241.461757105076,140052.780692089,22.3308738343968,62,0.168550786643785
264.88599063319,167.942636867114,135834.959566197,18.9056900832967,37,1.06494407441984
351.040728404623,201.517326656197,60765.8028197633,24.0218893134338,77,0.585056463735749
526.743817927127,159.709216840431,217682.304384295,20.094315669676,76,0.218677193916869
392.508654059835,104.309789907311,265685.055019839,13.7599933000767,34,0.7897929439291
349.394595837399,350.743583935476,241261.369866748,8.98805225124701,23,0.124157176318381
243.489270933068,290.162584342441,228833.283307355,17.8116059541827,54,0.591519078173587
450.909141352863,113.363414666927,240844.360196646,8.39186435624827,42,0.536686903431624
468.827915029503,173.645770530655,210385.759423072,29.0152310215532,82,0.335683361915142
354.519185317703,296.43268696368,161343.789487013,15.1365539075951,76,0.257807992657592
217.542373831252,224.151748646447,223361.834746945,10.1009330552861,58,1.0137924391238
218.016855831053,223.359577206901,66733.7052753271,27.9459020111068,44,1.00850677811881
258.310281111369,118.389415170637,191525.744172137,12.1793913414534,54,1.46942660286731
333.889846161877,110.001815180044,260350.785064546,26.4787003651302,49,1.06764766636352
253.828294991724,391.756252081385,257867.127609815,19.2601892161413,42,0.218906314840554
356.461468012097,331.102332112175,278372.231976913,21.8144051669649,37,0.151165751694875
493.051664857453,181.43552896892,285496.317553601,20.8999714610874,21,0.186285525142122
335.434571243786,352.487876836779,77495.9139606129,8.30265747091367,91,0.189649633563456
274.594481340891,357.625984283926,90204.7216593913,17.3696655447826,12,0.217583854356529
431.446585900964,288.702388916368,147939.132930761,12.0257182881829,99,0.190985349134729
437.384982243252,128.783342186343,297685.011118575,14.9748015365447,24,0.507296696182932
559.282244697066,207.200492187936,101901.953635136,16.4214109152697,73,0.165032396439928
440.987682174992,378.271520958908,170801.47874425,11.0164456250277,58,0.159123849332268
501.520037678448,201.019640172657,160142.791974345,21.7663372191364,95,0.194810339856266
279.600138862839,389.399864472816,71149.7643574625,13.4347078209466,63,0.185105544168119
461.251350710796,391.008149277519,284027.91132009,19.2688535763367,25,0.151826591556457
394.78163827131,145.134393158367,254170.704644608,26.1057172434374,64,0.646914836512099
509.233110811722,189.452973282262,99969.3236116364,10.6086936629746,30,0.121933114048385
412.422105029343,284.720826940327,132905.365385068,11.1874296880476,54,0.13992010092243
448.172592091225,158.440329046842,200932.960390507,18.5656593786486,81,0.434837398217478
298.238090290552,179.806659319663,171294.224195366,23.0619961601137,16,0.809211843390124
272.254530217256,188.378245642328,83216.5665578584,22.9362161640176,53,0.938321507002226
585.6375527906,256.653159105985,173281.414748763,19.5470986272253,11,0.121074805156215
496.389934924214,280.534831884724,137674.200455771,8.23379697034733,95,0.188368801955932
539.56052907766,227.632377396168,201115.880869301,26.6386957870035,54,0.16766212359979
452.527002389556,391.697380355811,94509.2656177642,27.4406136041902,92,0.191804653630569
220.479597668165,313.07214442235,233646.363400676,23.9271064507779,13,0.537087711791921
385.765630193512,176.319786060686,250074.41220646,16.2845474725272,47,0.527260826929005
587.812362262356,228.930014493047,285961.303024995,17.7242179280632,69,0.197051930876986
414.105631020761,319.453033191569,99467.6090904186,6.73449883881721,32,0.11170174604062
202.861006527636,262.338831127832,292959.320487846,28.072783982559,32,0.859523385111886
250.748481062554,145.934965584195,198369.411261318,26.8750067338765,95,1.39560688749854
581.252068877001,349.240837850925,201881.911256296,26.3506562169153,65,0.190662832621397
575.110970161509,372.943375695496,256431.886060388,18.7260504899138,47,0.178390240184022
366.205835998586,306.385292285533,209159.352220323,16.4503770102025,69,0.198177025905873
274.007642477608,168.144324295962,221826.436931225,19.6313298942777,37,1.01606568263434
390.416058700911,134.835392279035,164048.647528694,7.36080543561299,98,0.736937925230271
557.751742682766,308.609921791763,230909.956396629,13.8301718149461,44,0.162488872473764
582.444252145734,384.40821601361,54542.2306738497,9.70156281858097,25,0.117907223279391
413.836123827474,313.518805191515,92118.4714131009,25.0038351305087,57,0.145601640726
298.364461546177,109.686978593247,289409.612193317,9.69609573007078,89,1.32201832770841
520.609793984064,258.744776751015,170020.244316911,29.7926390033743,41,0.15111687504279
238.441078859522,228.355804162064,230730.681580485,23.1443842621438,76,0.924471395648666
587.686707652757,130.567838568869,140888.876892314,5.72459044372696,22,0.11113356013014
534.697695956767,395.434939847295,160898.11389909,18.6219273851671,50,0.16295338192913
206.33493902956,251.490790241274,93385.5028062443,11.1667588367614,21,0.866257244179272
306.809262783858,370.593777354703,218596.763577655,16.1185223360668,36,0.138015754967203
262.040619505641,195.315663662037,215611.534472906,10.5444167160057,65,0.959794195432359
383.416810530865,353.835256006368,262649.411646954,29.2650822630546,28,0.147259487026788
385.877541280133,115.01121038825,193536.962562552,15.5320399062081,52,0.791200401844216
506.667027092487,200.50151608486,137943.386582964,27.6808666642339,74,0.17318142112699
339.06628701738,140.604046239791,165768.42409858,12.6040233101928,21,0.82202990672798
363.459921729257,256.303168645543,79388.7506250259,12.9982049607427,16,0.279072742464566
281.12753509511,325.354161440227,208297.863049831,16.6643245735082,47,0.339514266729304
280.377110740524,319.780918490159,192055.200909846,24.7120898990809,38,0.352779154045604
497.320049779517,272.708599582829,51643.1989908593,29.3935806336777,88,0.177644255395984
405.815899369417,323.477255741618,198872.752523304,22.2763753201094,90,0.196047352812562
421.797306593998,348.737940895189,204132.478348019,22.1444413675146,16,0.124216415469505
241.585918538872,139.981488518514,255768.587457323,6.7639087481575,35,1.37760506053217
525.307224488342,247.042204573725,291618.602273319,8.72609563753196,36,0.15489437114816
377.908649787737,388.978252651751,255846.229326182,5.55442012167693,67,0.174901005168604
537.953472738014,305.990454622946,237238.627536817,17.7869910763279,22,0.141253635412178
426.120304283581,312.046201566094,89192.43394781,17.4619933004362,61,0.146086884234991
456.906223065011,385.953676967562,129964.288044198,16.4014624317235,30,0.12836841523949
373.230476573546,152.206147599042,252243.266934075,13.3119566706348,34,0.649273361924946
475.156556635476,249.851893547571,117259.745214657,13.4671347849584,84,0.172549641885024
374.857973564891,205.582921657003,114789.812706884,29.5907201686714,41,0.452034150849774
408.893818065816,345.165109949526,284574.222898556,7.31122618408908,66,0.179635509598478
378.601900280193,397.0401223979,120135.354274518,22.405490323977,99,0.194300132137348
459.181441335578,167.313555525397,55034.4085082327,28.4886777245747,93,0.386986851401536
524.930898657665,234.783039909296,212951.622794523,20.4115202294783,51,0.162366365960223
569.877829118307,265.00338256894,288343.416859795,25.100472448198,34,0.166419928166209
513.088369689086,379.645546492617,126107.724391175,9.11277532286215,30,0.128366002263828
571.391687298985,154.271141290098,152218.700831617,12.9636414360007,68,0.164210189449406
535.818535325152,148.057698640345,96949.5935539449,11.2901571921325,48,0.187946835610627
307.87177284423,300.389398454379,55855.0703041456,23.2161543101198,54,0.346080397553208
451.516277982564,385.884206956645,172999.25828808,24.8135546426105,81,0.192027268243262
288.960255385211,356.736079010651,89551.6286996723,29.8851643198831,82,0.266790523874407
464.95368845969,133.64337604016,170679.608241324,19.2526710523661,69,0.454386362307368
482.838549399702,281.712872770842,144979.488330343,20.1216667509284,49,0.147872266915296
241.016602125001,278.080807315836,163146.563300318,22.9829007746669,60,0.658761883959579
568.062600688856,252.530542911887,241580.354225323,28.0616230708218,57,0.182618749179345
489.236222916416,159.565935492569,120860.837321379,25.1425579053394,80,0.315205765047544
584.93690277183,320.996484629073,252418.867714764,16.3328597626429,22,0.148263319748756
472.580115235982,130.7025491345,101719.766539791,25.9497407726095,43,0.411842192772315
527.678951404858,314.243071507945,263976.544519638,13.8287880642635,80,0.202653342515314
530.848501772479,225.08835364077,288161.502511993,12.4530770787841,60,0.179960628288487
218.957968684731,283.663588519341,203447.226242262,22.5844238797525,23,0.67295512710251
322.823135721427,329.558568554587,165372.822591397,23.3810826523077,16,0.186228001707296
444.440431687691,151.084537945576,51813.9615413553,20.8320458661664,71,0.454773543757225
265.675090343656,189.678461536123,233089.040300522,22.7028368188896,23,0.919865934152791
414.239629543886,200.668722262654,195855.004076741,24.3810947323025,80,0.396630007183999
464.598218752061,305.214323251844,177463.777904939,19.0468957089453,61,0.165022803647444
343.889218172707,192.022873594735,83981.2317538859,7.47687025118163,19,0.563244949912522
404.782338986013,395.328857376345,76433.4826051571,21.9583303856106,80,0.169388698932104
538.536633151256,194.016972223503,285120.376326627,24.3360201534917,28,0.151812157872348
317.747276244712,386.299787564117,223849.468739616,17.1887660917392,34,0.13642414134851
579.832356462118,249.402214463953,104880.903298543,8.13970326029247,95,0.188171547248366
453.552774083769,128.457199483909,195437.441849552,6.99851528211815,21,0.443599483211157
548.367227560623,216.506426575133,224073.929792938,6.63729717417554,48,0.15457415374779
239.27919296091,111.611638158423,228863.172456383,14.8296209523649,47,1.65858883677834
261.263725633384,210.928836669352,54949.8597016556,12.3801828469922,53,0.863607570237889
573.359592466859,221.109427933512,288402.147271337,23.0152428648854,29,0.157591739202267
216.04691939141,102.729932999015,168857.649845285,24.4192203400398,32,1.93818660117683
481.426569043709,164.365373285285,235569.192542222,29.3162067633812,92,0.342539680000238
512.479763180341,262.094545373536,225988.608200447,27.2843436477995,42,0.159810727858528
550.720597095791,361.198173867238,287495.241393531,7.9203158299439,51,0.178918324604154
573.463854721137,366.233573922295,127274.564581846,22.8569079427986,11,0.12116193885164
350.21947435304,359.512186163396,217077.661603268,20.5043606675235,26,0.130042326649252
325.703326330424,360.543118098241,60007.270580388,15.9284980497118,86,0.193586164002952
335.99971973386,192.193682765296,60579.0309254314,10.8007947383435,91,0.687889592274468
214.064494251523,151.628373804037,223689.67162658,25.7364165967996,94,1.60768961252472
255.392033942511,252.426053317795,135968.433965964,24.2154616896467,68,0.723282704313807
529.953521819119,239.481468344966,104914.69842681,5.4530081233653,76,0.162120285525049
384.869868363294,179.688553903678,176117.023416013,11.4934842059761,25,0.484389336196017
229.34502731589,107.847243318999,198038.78215466,21.989037883196,78,1.84829691304288
403.860111262009,359.389122914698,55272.6439602714,26.924402102407,95,0.181393692970471
320.623659669855,163.391336630193,299089.517547052,7.64875523685192,26,0.796710806248112
398.357458352651,369.228610493226,154492.71773343,12.830989290786,29,0.123213739596136
585.35065274323,223.174310281305,106169.70454591,15.8710905170402,94,0.190356051218737
508.496082682752,193.228875951248,71160.898379802,27.7899265157833,15,0.115113854867688
598.517561178604,317.759159777471,102803.332629198,5.61323725590993,50,0.146554784750283
559.490655347835,235.135871458213,235763.531909926,16.1416982007456,52,0.168081552265304
239.78800437676,284.430038660421,292746.89385712,21.0583224104227,38,0.611575772281192
358.05311684043,352.645006631936,102983.970091688,18.4447836216481,35,0.118915704091215
382.096577915546,385.698004472684,296189.051925583,8.74769085850049,75,0.191878533522654
375.645085098584,388.261836289503,126686.308613566,25.8320149773511,89,0.186206585321842
261.931518777878,344.383124367659,196405.86961138,21.0016608177924,34,0.322269956158736
532.481342008096,361.402387979786,287198.835789811,19.5701498071208,62,0.194863685447791
419.358762351909,391.376025387706,144319.871833974,29.5331404599025,24,0.128826977325365
455.423879449019,321.873557890432,110896.250552614,19.6058985321128,12,0.104078772780787
597.48642188536,211.919763492183,130269.641997015,6.24602484969176,15,0.108684470066601
483.441345748188,283.364677898647,277834.143553774,14.36122397623,56,0.174725126821825
